school,type,ba_status,ba_url,ba_title,ba_note,lang_status,lang_url,lang_title,lang_note,ma_status,ma_url,ma_title,ma_note,lang_src,ma_src,ba_src
가야대학교,univ,2027_adiga,adiga_2027 (downloaded),,,?,,,,2026_or_older,https://ipsi.kaya.ac.kr/Home/BBSList.mbz?action=MAPP_0000000300,2026학년도 후기 대학원 신입생 모집요강,대학원 입학 공지 게시판에 2026학년도 전기(2025.11.14) 및 후기(2026.06.01) 모집요강 게시. 외국인 특별 전형은 별도 안내 없으며 일반 모집요강에 포함. 2027학년도 자료 미발견.,,https://drive.google.com/file/d/1o3xlX6I5fsRtYKLo3mUZV4N-t-Sy_bw9/view,https://drive.google.com/file/d/1bJtNj136i69JMOH0QqYm94dwCrhix1RU/view
가천대학교,univ,2027_adiga,adiga_2027 (downloaded),,,2026_or_older,,,한국어교육센터 모집요강/공지사항 최신은 2026학년도 겨울학기 입학 신청 안내(2026-08-18). 2027 없음.,2026_or_older,https://www.gachon.ac.kr/bbs/forvd/881/118972/artclView.do,2026학년도 후기 일반대학원 외국인 특별전형 모집 일정 안내,2026학년도 전기(2025.09.25) 및 후기(2026.04.02) 일반대학원 외국인 특별전형 모집 일정 확인. 2027학년도 자료 미발견 (통상 9~11월 발표 예상).,https://oia.gachon.ac.kr/international/a/m/klecInfo.do,https://drive.google.com/file/d/18lDTjpwlTbGss31jy60Qe9pA4zRnyO4q/view,https://drive.google.com/file/d/1oJYmzI7N61370oYkuCkeq3tA4gmmkXIF/view
가톨릭관동대학교,univ,2027_adiga,adiga_2027 (downloaded),,,2026_or_older,,,Notice 게시판에 2026학년도 한국어교육원 모집요강(2026-04-07). Admission Guide 페이지는 연도 없는 절차 안내. 2027 없음.,?,,,,http://www.cku.ac.kr/oia/5520/subview.do,,https://drive.google.com/file/d/1wWQ9No5gdtdx1oaod_PoL2vMx7pRxxq_/view
가톨릭꽃동네대학교,univ,2027_own,https://www.kkot.ac.kr/ipsi/board/read?boardManagementNo=1143&boardNo=26172&searchCategory=&page=1&searchType=&searchWord=&menuLevel=&menuNo=,2027학년도 재외국민과 외국인 특별전형 모집요강 안내,"공식 입학안내 게시판(입시안내)에 '2027학년도 재외국민과 외국인 특별전형 모집요강' 게시 (2026.05.31, 게시판 boardNo=26172). 원서접수 2026.9.7~9.11로 2027학년도(2027학년 3월 입학) 전형을 명시. 재외국민+외국인 합본 요강.",?,,,,?,,,,,,https://drive.google.com/file/d/1bVoFUN13nYpc2U71C97vuiKIONWbKym8/view
가톨릭대학교,univ,2027_own,https://ipsi.catholic.ac.kr/main.do,2027학년도 재외국민과 외국인 특별전형 모집요강 (입학처 공지),"입학처 CUK NOTICE '재외국민/외국인' 카테고리에 '2027학년도 재외국민과 외국인 특별전형 모집요강'(2026-05-29) 및 '2027학년도 재외국민과 외국인특별전형 원서접수 안내'(2026-07-07) 공지 확인. 단, 국제교류처(OIA)의 '부모 모두 외국인' 순수외국인 입학안내는 아직 2026(9월/3월)까지만 게시. 모집요강 상세 페이지는 팝업(javascript) 방식이라 직링크는 입학처 메인으로 기재.",2026_or_older,,,홈 배너 '2026학년도 한국어 정규과정 모집'(겨울학기 2026.12~2027.2이지만 2026학년도 표기). 모집요강 PDF도 2026학년도. 공지 최신 2026-08. 2027 없음.,2026_or_older,https://oia.catholic.ac.kr/oia/admission/undergraduate.do,2026학년도 후기 일반대학원 외국인전형 모집요강,"국제교류처(OIA) 페이지에 2026학년도 후기 일반대학원 외국인전형(석사·박사·통합, 석사1년) 모집요강 게시. 일반대학원 모집요강 게시판 최신글 2026.03.25. 2027학년도 미발견.",https://kli.catholic.ac.kr/kli/index.do,https://drive.google.com/file/d/1eXbVvIF37IAZ9uMImec1WdMOL1-Ul9j9/view,https://drive.google.com/file/d/1wNehCMj3KksA5KkB8gTtkQEmXRrr-EM8/view
감리교신학대학교,univ,2027_adiga,adiga_2027 (downloaded),,,?,,,,?,,,,,,https://drive.google.com/file/d/1LmR8Ee0HG6cW2Fw1JhoiV7KHbCPlSMXy/view
강남대학교,univ,2027_own,https://admission.kangnam.ac.kr/jeonhyung/yogang.htm?ctg_cd=overseas,2027학년도 재외국민과 외국인 특별전형 모집요강,입학처 '재외국민·외국인' 페이지에 2027학년도 재외국민과 외국인 특별전형 모집요강 PDF(파일링크 fileview.php?bbsid=paper&file_seq=4163) 게시 확인. 참고: 입학처의 별도 '외국인' 카테고리(ctg_cd=foreign)는 타교 사이트로 리다이렉트되는 오류가 있어 확인 불가 — 재외국민·외국인 합본이 실질적 가이드.,?,,,,?,,,,,,https://drive.google.com/file/d/1V9r0urc2KH_gUL71xu3iGhQhMz-D4HA1/view
강서대학교,univ,2027_adiga,adiga_2027 (downloaded),,,?,,,,unknown_year,https://graduate.gangseo.ac.kr/kcug/homeService?menuCode=MC0205,정원 외 입학(외국인) - 일반대학원 외국인 전형 안내,대학원 홈페이지 외국인 전용 페이지(MC0205)에 전형일정이 2023년 기준으로 기재되어 있어 갱신 상태 불명확. 일반대학원 공지사항에는 2026학년도 후기 2차 모집 안내(2026.06.16) 존재하나 외국인 특별전형 업데이트 여부 미확인. 2027학년도 자료 미발견.,,https://drive.google.com/file/d/1qYwwL_LBjib0wDgojaCRdvcoRsBhd_9J/view,https://drive.google.com/file/d/1QBZUmstn6xsWszulW5la7w2U0n9WvhoV/view
강원대학교,univ,2026_or_older,,,"국제교류처 공지 게시판에서 외국인 입학전형 안내는 2026학년도 전기(봄)/후기(가을)까지만 확인됨(2026학년도 후기 외국인 학부 입학전형 모집안내, 2026.02.25). 2027 외국인 모집요강은 미게시. 입학안내에는 2027학년도 수시모집요강(일반전형, 춘천·삼척/강릉·원주)만 게시되어 있으며 외국인 특화 가이드 아님.",unknown_year,,,"Admission Guide 페이지는 절차/제출서류만, 연도 표기 없음. 모집요강 PDF/공지 게시판에도 연도 없는 콘텐츠. 2027 여부 확인 불가.",2026_or_older,https://cms.kangwon.ac.kr/oiaknu/notice.do?mode=view&articleNo=551119,2026학년도 후기 외국인 대학원 입학전형 모집 안내,국제교류처(OIA)에 2026학년도 전기(2025.10) 및 후기(2026.02.25) 외국인 대학원 입학전형 모집 안내 게시. 2027학년도 전기 모집요강은 통상 10~11월 발표 예상.,https://oiaknu.kangwon.ac.kr/oiaknu/language/korean/guide-chuncheon01.do,https://drive.google.com/file/d/1Lpkv3ZOKItjRppi6DintV_O1H4XnYKl1/view,https://drive.google.com/file/d/1KuCiv2Zqql6KULMcAQ93daAesG5EeYmD/view
건국대학교,univ,2027_own,https://admission.konkuk.ac.kr/admission/37899/subview.do,2027학년도 재외국민과외국인전형 모집요강,"입학처 모집요강 목록에 '2027학년도 재외국민과외국인전형 모집요강'(재외국민 카테고리) 게시 확인. 국제처 외국인학생센터(CISS) Admission Guidelines 페이지(ciss.konkuk.ac.kr/ciss/18303, www.konkuk.ac.kr/ciss/18306)도 운영 중.",unknown_year,,,"사이트 부실: 학사일정이 2023/2024년까지만 게재, 한국어 공지사항도 2023-2024가 최신. 2025/2026/2027 어디에도 없음.",2026_or_older,https://www.konkuk.ac.kr/bbs/ciss/1483/1169869/artclView.do,[입학] 2026학년도 후기 대학원 외국인전형(신입학) 모집요강(국문) 안내,국제처(외국인학생센터) 게시판에 2026학년도 전기(2025.08.22) 및 후기(2026.03.13) 대학원 외국인전형 모집요강 게시 확인. 2027학년도 전기는 통상 8~9월 발표 예상.,https://fli.konkuk.ac.kr/ko/regular/,https://drive.google.com/file/d/1JhTGgC5caOZTLo2ku8Ict8yNcoKRcgAH/view,https://drive.google.com/file/d/17lkDOEbhw_uJJ1_-l1asy2LLzFYRmRGQ/view
건양대학교,univ,2027_adiga,adiga_2027 (downloaded),,,2026_or_older,,,입학안내 페이지는 연도 없는 절차 안내. 국제교육팀 공지 최신 한국어교육 관련은 2026학년도 한국어교육과정 3쿼터 추가모집(2026-07-12). 2027 없음.,2026_or_older,https://kygrad.konyang.ac.kr/,2026학년도 후기 추가 모집 대학원 합격자 발표 (모집안내 PDF 연동),대학원 홈페이지에 2026학년도 후기 추가 모집 진행 중 (모집안내 PDF: 2026-2_prospectus_1.pdf). 외국인 입학은 ipsiweb.kyu.ac.kr로 연동. 2027학년도 자료 미발견. (참고: 입학취업처 ipsi.konyang.ac.kr의 2027학년도 모집요강은 학부 대상),https://interedu.konyang.ac.kr/interedu/sub05_03.do,https://drive.google.com/file/d/1avC9jxGpynqNFCB5n9Cc5SolS1c76Z33/view,https://drive.google.com/file/d/1Qs2mJQscnzevkCpHuW4Qw5SBvSB7wYX_/view
경기대학교,univ,2027_own,https://enter.kyonggi.ac.kr/cms/FR_BBS_CON/BoardView.do?MENU_ID=280&CONTENTS_NO=3&SITE_NO=2&BOARD_SEQ=3&BBS_SEQ=4056,2027학년도 경기대학교 수시모집 재외국민 특별전형 모집요강,"입학처 자료실에 2027학년도 재외국민 모집요강(배포용 hwp/pdf) 게시 — 요강 개요에 '재외국민 및 외국인' 포함, 2027학년도 대상. 주의: 국제교류팀 'Admission Guide (모집 요강)' 페이지의 순수외국인 학부 요강은 아직 '2026_2 Undergraduate Admission Guide'로 2027 전기(3월) 가이드는 미게시 상태.",2026_or_older,,,한국어과정 모집요강 페이지에 Korean2026/English2026 등 2026 브로슈어만. 최종수정 2025-12-01. 2027 없음.,unknown_year,,,대학원 홈페이지(graduate.kyonggi.ac.kr) 반복적 접속 불가(시간 초과/500 오류). 공학대학원 2026 모집요강(www.kyonggi.ac.kr/gindustrial)은 외국인 미모집. 김박사넷 게시글 기준 2025학년도 후기(추가) 대학원 모집에 외국인 포함 확인. 2026/2027 일반대학원 외국인 모집요강 확인 불가.,https://www.kyonggi.ac.kr/IOIE/contents.do?key=1494,https://drive.google.com/file/d/1lLJUM0YISJKcJSx82gAjaGJJMkX0WwRu/view,https://drive.google.com/file/d/1MgrFaEIIquxnS4jTs9RSTsxv2qcKR-DL/view
경남대학교,univ,2027_adiga,adiga_2027 (downloaded),,,2026_or_older,,,모집요강 링크가 '2026년 모집요강/Korean Language Center(Korean).zip' 폴더. 2027 없음.,2026_or_older,https://www.kyungnam.ac.kr/grad/858/subview.do,2026학년도 후기 대학원 신입생 모집요강,대학원 홈페이지에 외국인 특별전형 전용 페이지(/grad/966/subview.do) 운영 중. 모집요강 페이지에 2026학년도 후기 모집요강 다운로드 제공. 2027학년도 자료 미발견.,https://www.kyungnam.ac.kr/international/6904/subview.do,https://drive.google.com/file/d/1sGdHmtd7GAs8ogR4PDh5GvcSDAAXDLt6/view,https://drive.google.com/file/d/1yBr6aw-kuCmS4Kqi3xT2SWR3SoFOHxXP/view
경동대학교,univ,2027_adiga,adiga_2027 (downloaded),,,?,,,,?,,,,,,https://drive.google.com/file/d/190zjej1Ry22WhV7QAFAgH1MwTVi5v_hA/view
경북대학교,univ,2027_adiga,adiga_2027 (downloaded),,,2026_or_older,,,한국어연수 일정 탭에 2026 봄/여름/가을/겨울 모집일정만(겨울 2026은 2027.2월 종강이지만 2026학년도 표기). 2027 일정 없음.,2026_or_older,https://oia.knu.ac.kr,2026학년도 대학원 외국인 특별전형 모집요강,"2026학년도 1학기(전기, 2025.09 발표) 및 후기(2026.03 발표) 대학원 외국인 특별전형 모집요강 공식 발표 확인 (한국교육원 다수 게시). 국제처(oia.knu.ac.kr) 및 admission@knu.ac.kr 담당. 2027학년도 전기는 통상 9~10월 발표 예상.",https://lang.knu.ac.kr/hmpg/cms/subPage/MNU0080133.knu,https://drive.google.com/file/d/1lU40HtfGqXLAh_HKBW5nTT8179onz6c9/view,https://drive.google.com/file/d/1ws-lrauAVKS7IxvX9OInIoSBy0D_1MDF/view
경상국립대학교,univ,2027_own,https://www.gnu.ac.kr/new/cm/cntnts/cntntsView.do?mi=4969&cntntsId=2840,2027학년도 재외국민과 외국인 모집요강 / 2027학년도 재외국민과 외국인 특별전형 신입생 모집,"입학처 '외국인/시간제/계약학과 > 모집요강 > 재외국민과 외국인' 페이지에 2027학년도 재외국민과 외국인 모집요강 및 2027 특별전형 신입생 모집(원서접수 2026.7.6~7.8, 합격자 문서등록 2026.12월, 등록금 납부 2027.2월) 게시 확인. 2027학년도(2027년 3월 입학) 명시.",unknown_year,,,"한국어 등록 페이지는 절차/서류 안내만, 연도 표기 없음. 공지사항은 외국어강좌/영어캠프 중심, 한국어과정 모집요강 게시글 없음.",2026_or_older,https://www.gnu.ac.kr/main/na/ntt/selectNttInfo.do?nttSn=3813761,[일반대학원]2026학년도 전기 대학원 특별전형(외국인&재외국민) 모집 안내,일반대학원 2026학년도 전기 특별전형(외국인/재외국민) 모집 안내 공식 게시. 2026학년도 수시모집요강(학부)도 2027 발표. 2027학년도 대학원 전기 모집요강은 통상 10~11월 발표 예상.,https://www.gnu.ac.kr/sle/cm/cntnts/cntntsView.do?mi=7772&cntntsId=4140,https://drive.google.com/file/d/1hFFqgWDLgzk9iSoV895G-wV2Gx-yPUaB/view,https://drive.google.com/file/d/1pWjXAE5HGqcxbiQ03VEoxsAL4_DIMmvs/view
경성대학교,univ,2026_or_older,,,국제처 '외국인입학 > 학부과정 > 모집요강(Korean/English 등)' 및 영문 사이트에서 게시된 요강은 '2026학년도 후기 외국인특별전형 모집요강'까지 확인. 2027학년도 외국인 모집요강은 발견되지 않음.,2026_or_older,,,한국어교육 모집요강 PDF 파일명 'Korean 2026' (PDF 내 2026 표기). 2027 없음.,2026_or_older,https://kscms.ks.ac.kr/graduate/CMS/Contents/Contents.do?mCode=MN075,2026학년도 후기 대학원 신입생 모집 안내,대학원 CMS에 2026학년도 후기 신입생 모집 안내 게시. 2026학년도 전기 외국인특별전형 진행 확인(Scribd 면접 안내). 글로벌칼리지(ksgc.kr)에 2025학년도 후기 대학원 외국인특별전형 게시. 2027학년도 자료 미발견.,https://kscms.ks.ac.kr/lec/CMS/Contents/Contents.do?mCode=MN070,https://drive.google.com/file/d/1F7cX-dOF7krL5zz959RDc6xfBXxiLP7f/view,https://drive.google.com/file/d/1PwDlpcgxzO6rHA0oT9h-l0GiK38ufpIZ/view
경운대학교,univ,none,,,,2026_or_older,,,모집요강 다운로드 PDF 내용이 2026년 일정(접수 2025.12~2026.08). 2027 없음.,?,,,,https://www.ikw.ac.kr/worldle/page/link.tc?mn=5711&pageSeq=4630,,
경일대학교,univ,unknown_year,,,입학처 '외국인 > 모집요강 > 신입 외국인' 페이지(nav_code=ips1556602088)는 존재하나 요강 내용이 임베디드/리다이렉트(타기관 콘텐츠) 방식이라 연도를 확인 불가. 공지 게시판에는 2027학년도 수시(일반) 관련 공지는 있으나 2027 외국인 모집요강 공지는 확인되지 않음. 재확인 필요.,2026_or_older,,,한국어교육원 입학 페이지는 상시모집(연도 없음). 공지사항 최신 2026학년도 여름학기(2026-05-27). 2027 없음.,2026_or_older,https://www.kiu.ac.kr/HOME/grad/,일반대학원 입학 안내 (2026 전기) / 2026학년도 후기 4차 대학원 신·편입생 모집,"Official graduate school (kiu.ac.kr/HOME/grad/) actively recruiting: '입학 안내(2026 전기)' to wipsi.kiu.ac.kr, 2026 후기 4차 신·편입생 합격자 발표 (2026-08-11). 2025 전기 1차 notice (2024-11-26) explicitly targeted 외국인 유학생 석/박사. No 2027 graduate guide published yet as of Aug 2026.",https://global.kiu.ac.kr/,https://drive.google.com/file/d/1085KK5JlfiupCserVKRDbclYlAwNFF-P/view,https://drive.google.com/file/d/15P_yvxyIAQpCCq0nP8rhNW7fkYOs4fdG/view
경희대학교,univ,2027_adiga,adiga_2027 (downloaded),,,2027_guide,https://iie.khu.ac.kr/bbs/content.php?co_id=OnCampus,2027학년도 일정 (정규과정-OnCampus: 봄/여름/가을/겨울 정규학기 일정),정규과정 페이지에 '2027학년도 일정' 명시 — 2027 봄(2027.3.29~)/여름/가을/겨울 강의·접수기간 게재. 2027 가이드 확인됨.,2026_or_older,https://iadmission.khu.ac.kr/gglobalcenter/user/contents/view.do?menuNo=8000048,2026학년도 후기 정원외 외국인전형 모집요강_국문.pdf (일반대학원),Official 국제처 글로벌입학팀 Graduate Admission (외국인 입학 대학원) page currently hosts 2026 후기 정원외 외국인전형 모집요강 (PDF dated 2026-03). Notices show 2026 후기 정원외 외국인 일반대학원 신입학. No 2027 guide yet (2027 전기 expected late 2026).,https://iie.khu.ac.kr/bbs/content.php?co_id=OnCampus,https://drive.google.com/file/d/12XN2dbPZFEd-ffAZRPhJaVroTKsB9G0U/view,https://drive.google.com/file/d/1JhD6CkiAU5iYL2DOyROrkmJhHY9DPtcY/view
계명대학교,univ,2027_adiga,adiga_2027 (downloaded),,,2026_or_older,,,정규과정 일정표에 2025/2026 학기만(2026 겨울은 2027.2월 종강이지만 2026학년도 표기). 2027 일정 없음.,2026_or_older,https://gs.kmu.ac.kr/gs/8447/subview.do,2026학년도 후기 일반대학원 신입학 모집 요강 (내국인·외국인),"General graduate school (gs.kmu.ac.kr) latest notice is 2026학년도 후기 일반대학원 신입학 (posted 2026-04-02, includes 외국인; 외국인 문의 053-580-6252). NOTE: inco.kmu.ac.kr 2027koreanspring.pdf '2027학년도 1학기 외국인 특별전형 모집요강' is UNDERGRADUATE (학부 신·편입, 단과대학 like Keimyung Adams College), NOT graduate. No 2027 graduate guide yet.",https://kintlcenter.kmu.ac.kr/sites/kintlcenter/index.do,https://drive.google.com/file/d/1PIlv2Jqeb0iAc2AENciJFVQSEdRC7ikc/view,https://drive.google.com/file/d/1hFW4RPKaSupHtD1EVrigZ3dNA4ZwQGYa/view
고려대학교,univ,2027_adiga,adiga_2027 (downloaded),,,2026_or_older,,,"정규과정 등록안내 page; 환불 규정 표에 2026학년도 명시, 최종수정일 2026.08.07; 2027 안내 없음",2027_guide,https://graduate.korea.ac.kr/matriculate/schedule.html,2027학년도 전기 대학원 입학전형 일정 및 지원자격 (외국인 전형),Official 일반대학원 site published 2027학년도 전기 schedule: 외국인 전형 신입학 원서접수 2026-09-01~09-10 (내국인 2026-09-29~10-07). Full foreign guide expected at graduate2.korea.ac.kr/admission/guide.html. Confirmed 2027 graduate foreign guide exists.,https://klc.korea.ac.kr/klckor/course/regular_guide.do,https://drive.google.com/file/d/1Cn-H3c50lGnEKYgYopkR1OnY3Fak8fOa/view,https://drive.google.com/file/d/1N5b_3A7V-xlgOK3LK_-RytmiB5yEt0m9/view
고신대학교,univ,2027_adiga,adiga_2027 (downloaded),,,error,,,"global.kosin.ac.kr 연결 거부/재설정 (ERR_CONNECTION_REFUSED/RESET); www.kosin.ac.kr은 정상이나 어학당 콘텐츠는 global 서브도메인에만 존재, 사이트 다운 상태",?,,,,https://global.kosin.ac.kr/korean/bbs/board.php?bo_table=notice&wr_id=137,,https://drive.google.com/file/d/1UPVdgHE64mFJdPD0-ePsRe-rz2x6lRaX/view
광신대학교,univ,error,,,공식 홈페이지(www.kwangshin.ac.kr)가 반복적으로 타임아웃되어 접속 불가(browser/웹추출 모두 실패). 외국인/국제학생 입학안내 페이지 확인 불가. 수동 확인 필요.,?,,,,?,,,,,,https://drive.google.com/file/d/1JipyW1w_bzs0vhHNzWjz4UnabgEYielp/view
광운대학교,univ,2027_adiga,adiga_2027 (downloaded),,,2026_or_older,,,공지사항 최신: ★2026 가을학기 정규과정 온라인 접수 안내 (26.06.01); 모집요강 PDF 존재하나 연도 미표기; 2027 없음,2026_or_older,https://grd.kw.ac.kr/admission/recruitment.php,2026학년도 후기 대학원 신(편)입학 추가 모집요강 (recruitment26-3.pdf),"Official 일반대학원 (grd.kw.ac.kr) 모집요강 page hosts 2026학년도 후기 추가모집; foreign students follow same schedule (외국인 신(편)입학 = 내국인 일정), docs via 대외국제처 국제교류팀; foreign grad guide at oia.kw.ac.kr/admission/graduate.php. No 2027 guide published yet.",https://kwiie.kw.ac.kr/,https://drive.google.com/file/d/1YhbD0fSmOLoIZGlPFmpnwFWIQejqiEry/view,https://drive.google.com/file/d/1YxGI-nnWcMa_HlCFC7jspqI2uXbr7OQe/view
광주대학교,univ,unknown_year,,,국제협력처 '유학생입학' 메뉴에 '모집요강/신청서' 페이지(mn=1421/1457)가 존재하나 페이지 로딩이 반복 타임아웃되어 게시 연도 확인 불가. 입학처에는 2027학년도 수시모집요강(일반전형) 공지만 확인 — 외국인 특화 2027 요강 게시 여부 미확인. 재확인 필요.,2026_or_older,https://ie.gwangju.ac.kr/board/download/?board=notice&site=gw_ie&mn=1438&type=download&post_idx=167953&page=1&per_page=5&num_links=15&real_type=&file_idx=51221,2026학년도 한국어과정 어학연수반 모집요강 공고,게시판 최신 모집요강 공고가 2026학년도 (등록 2025-12-09); 2027 공고 없음,2026_or_older,https://www.gwangju.ac.kr/,2026학년도 후기 대학원 신·편입생 추가 4차 모집 (일반대학원·사회복지전문대학원),Gwangju Univ graduate school active in 2026 (후기 4차 추가 모집 closing 2026-08-26; 2026 전기 신·편입 모집 Oct 2025). Foreign grad recruiting confirmed (2026학년도 외국인 유학생 온라인 설명회 incl. 법학/컴퓨터공학/뷰티미용 석사과정). No dedicated 2027 foreign grad guide found; grad.gwangju.ac.kr currently throws a PHP/DB error. International office ie.gwangju.ac.kr handles foreign students.,https://ie.gwangju.ac.kr/board/?board=notice&site=gw_ie&mn=1438&type=view&post_idx=167953,https://drive.google.com/file/d/1wBzOdLhWo-YFfk9VdcvGo0CWy-Ljn2v4/view,https://drive.google.com/file/d/1lYrUqtAr-F2wo7NtJTNLM_YNdaqyaEFF/view
광주여자대학교,univ,none,,,,2026_or_older,,,한국어 연수과정 교육일정이 2025-1학기~2025-4학기까지만 게시; 모집요강/신청서 PDF는 연도 미표기; 2026/2027 일정 없음,?,,,,https://globalgate.kwu.ac.kr/mod/page/view.do?MID=GLOBALGATE_C05010101,,
국립강릉원주대학교,univ,2026_or_older,,,입학처 공지에서 '2026학년도 외국인 신입학 모집요강(재외국민/외국인)' 및 2026 하반기(9월) '부모 모두 외국인' 신·편입학 모집요강까지 확인(국제교육센터). 2027학년도 외국인 신입학 모집요강은 발견되지 않음. (입학처 홈페이지 iphak.gwnu.ac.kr은 접속 타임아웃 — 검색 인덱스 기준 판정),2026_or_older,,,온라인 원서접수 최신: 2026학년도 한국어교육센터 겨울학기 학생 모집 (접수 2026-08-18~10-15); 2027 없음,2026_or_older,https://www.gwnu.ac.kr/grad/4324/subview.do,2026학년도 전기 일반대학원 신입생 모집 안내 (외국인 모집요강 국문/영문 포함),"Official graduate school board shows 2026학년도 전기 (application Nov 2025, foreign 1/2차) and 2026 후기 외국인 입학전형 (application May-June 2026, eng.gwnu.ac.kr). No 2027 guide published yet as of Aug 2026.",https://kls.gwnu.ac.kr/application/,https://drive.google.com/file/d/1ft6HMaPQO7wvoazlZvhLgsHlS6E6sXbQ/view,https://drive.google.com/file/d/1gSowC-Fy07cYcEoCPIPDK1K4YOkdjqFo/view
국립경국대학교,univ,2027_adiga,adiga_2027 (downloaded),,,2026_or_older,https://ic.gknu.ac.kr/bbs/file_download2.php?type1=Korean&type2=korean,외국인 유학생 모집요강(한국어) - 한국어학당 입학요강,모집요강 PDF 다운로드 확인: 2026 학사일정 (겨울학기 26.11.16~27.1.20); 2027학년도 표기 없음,unknown_year,https://ic.gknu.ac.kr/bbs/board.php?bo_table=icanu_notice,대외협력본부 공지사항 / 모집요강 (대학원 외국인 특별전형),"국립경국대학교 (merged from 국립안동대, domains ic.gknu.ac.kr / ipsi.gknu.ac.kr; 일반대학원 still at graduation.andong.ac.kr). Most recent grad foreign guide found is predecessor 국립안동대 2024학년도 전기 대학원 외국인 특별전형 (Jan 2024); 2023 also present. No 2025/2026/2027 guide surfaced in search — school transitioning to new name; verify ic.gknu.ac.kr notice board directly.",https://ic.gknu.ac.kr/bbs/korean.php,https://drive.google.com/file/d/1KpKLkpRJ4-N5irNuIUacFYGIWSvAlu_1/view,https://drive.google.com/file/d/1g4MRG-lJB0v1Dr4IwzT1tR_VVi53uNrE/view
국립공주대학교,univ,2027_own,https://ipsi.kongju.ac.kr/kor/article/ATCL7a488cf94/16001,2027학년도 재외국민과 외국인 특별전형 신입생 모집요강 공고,공식 입학안내(입학과)에 '2027학년도 재외국민과 외국인 특별전형 신입생 모집요강 공고'(2026.05.31 등록) 게시. 원서접수 2026.7.6~7.10로 2027학년도(2027년 3월 입학) 전형 명시. 재외국민+외국인 합본 요강 PDF 첨부(모집요강(완).pdf). MOE 재외교육기관포털 2027 재외국민 요강 목록에도 등재.,2026_or_older,,,"공지사항 최신: 2026 가을학기 한국어 연수 모집 (26.05.26), 2026학년도 가을학기 외국어교육과정; 2027 없음",2026_or_older,https://oia.kongju.ac.kr/admboard/4531,2026학년도 후기 일반대학원 외국인 특별전형 신입생 모집 (2026 Fall Semester Foreign Admission for Graduate),Official 국제교류 (oia.kongju.ac.kr) grad foreign board: latest is 2026 후기 (2026-03-18) with 국/영/중 모집요강 PDFs; 2026 전기 posted 2025-09-17. ipsi.kongju.ac.kr '2027학년도 재외국민과 외국인 특별전형 신입생 모집요강' (2026-05-31) is UNDERGRADUATE (신입생). No 2027 graduate guide yet.,https://iile.kongju.ac.kr/,https://drive.google.com/file/d/1jjKJ6bL483cE6gCzd6rnugng3cTid-bv/view,https://drive.google.com/file/d/1V1xuIgT1MvdX9KPlfyXUSvZZq4Bdg4nF/view
국립군산대학교,univ,2026_or_older,,,국제교류처(inter.kunsan.ac.kr) 모집요강 페이지에서 최신이 '2026학년도 전기 재외국민 특별전형 모집요강'(2026 봄) 및 '2026학년도 후기 외국인 학부과정 추가모집 모집요강'(2026 가을)까지 확인. 입학처에는 2027학년도 대학입학전형시행계획(일반) 공지만 게시. MOE 재외교육기관포털 2027 재외국민 요강 목록에도 미포함 — 2027 외국인/재외국민 모집요강 미발견.,2026_or_older,,,한국어 어학연수 안내의 학사일정: 2026학년도 봄~겨울학기 (겨울 26.12.7~27.2.18); 2027 없음,2026_or_older,https://www.kunsan.ac.kr/inter/index.kunsan?menuCd=DOM_000013303002000000,2026학년도 후기 외국인 대학원과정 추가모집 모집요강 (Graduate-KOR/ENG/CHN),Official international office Int'l Admission grad page hosts 2026 후기 외국인 대학원과정 추가모집 모집요강 (한/영/중); general grad board (gradu_kunsan) shows 2026 전기 3차 추가 모집 (Feb 2026). No 2027 guide published yet.,https://www.kunsan.ac.kr/inter/index.kunsan?menuCd=DOM_000013303005000000,https://drive.google.com/file/d/1mT_U1Rx53IwxKT0OJfNQXJQwQHcwOX98/view,https://drive.google.com/file/d/1k2jkuo-7_kDxxyZIEcT6Lw01xcAsraRK/view
국립금오공과대학교,univ,2027_own,https://mobility.kumoh.ac.kr/ipsi/sub0502.do,2027학년도 재외국민 특별전형 모집요강,"입학안내 '재외국민 > 재외국민 자료실'에 '2027학년도 재외국민 특별전형 모집요강'(2026.06.01, articleNo=564449) 게시 확인. '2027학년도 재외국민 특별전형 기본계획 변경확정'(2026.05.29)도 게시. 주의: 이 요강은 재외국민(해외거주 한국국적) 특별전형이며 순수외국인 전용 요강은 별도 확인 필요.",2026_or_older,https://www.kumoh.ac.kr/iplec/sub06010102.do?mode=view&articleNo=567901&article.offset=0&articleLimit=10,2026년도 가을학기 국립금오공과대학교 한국어연수과정 모집 안내,"모집요강 게시판 최신: 2026년도 가을학기 모집 안내 (26-06-26), 2026년도 모집 요강 (25-10-31); 2027 없음",2026_or_older,https://www.kumoh.ac.kr/cam/sub030103.do,"2026학년도 후기 대학원 신입생 모집 요강 (일반전형, 외국인특별전형)","Official 일반대학원 notice list: latest is 2026 후기 (2026-05-06) and 2026 전기 (2025-11-07) 대학원 신입생 모집 요강 (일반전형, 외국인특별전형). mobility.kumoh.ac.kr '2027학년도 재외국민 특별전형' is UNDERGRADUATE. No 2027 graduate guide yet.",https://www.kumoh.ac.kr/iplec/sub06010102.do,https://drive.google.com/file/d/1lOiJBtH0EGccuwbCz4ia6KACTAg9G-D1/view,https://drive.google.com/file/d/1XGN8PgGQPhN_f6c2kpeoTFsbwDEE8_pM/view
국립목포대학교,univ,2026_or_older,https://ipsi.mokpo.ac.kr/bbs/ipsi/223/166803/artclView.do?layout=unknown,2026학년도 재외국민 및 외국인 신입생 전기모집요강 공고,"입학처 게시판에서 최신 재외국민/외국인 요강이 '2026학년도 재외국민 및 외국인 신입생 전기모집요강 공고'(원서접수 2025.12.29~, 담당 국제협력처)까지 확인. 2027학년도 외국인/재외국민 모집요강은 검색(4회) 및 MOE 재외교육기관포털 2027 목록 모두에서 미발견.",2026_or_older,https://oia.mokpo.ac.kr/bbs/iiee/155/280933/artclView.do,[한국어 어학연수] 2026학년도 한국어 어학연수 모집요강,"해당 공지가 2026학년도 모집요강 (등록 2026-01-23, 수정 2026-03-29); 2027 없음",2026_or_older,https://studyinkorea.mokpo.ac.kr/bbs/studyinkorea/2750/282228/artclView.do,"대학원 2026학년도 후기 신입생 모집요강 안내 (분류: Graduate, 국제협력교육실)","Official international office (studyinkorea.mokpo.ac.kr, 국제협력교육실) hosts 2026 후기 대학원 신입생 모집요강 (posted 2026-03-30; 1차 2026-04-06~24, 2차 06-08~26). ipsi.mokpo.ac.kr 2026 재외국민·외국인 전기모집요강 is UNDERGRADUATE. No 2027 graduate guide yet. (NOTE: mmu.ac.kr result was Mokpo Maritime — different school, rejected.)",https://oia.mokpo.ac.kr/bbs/iiee/155/280933/artclView.do,https://drive.google.com/file/d/1hteFQxjUF4MlJvEM3o0zJPGQ9i6v_7XS/view,https://drive.google.com/file/d/1Yrg2aJ1cJleanabMUtvgSCALQREAZWDR/view
국립목포해양대학교,univ,2027_adiga,adiga_2027 (downloaded),,,2026_or_older,https://www.mmu.ac.kr/OE/board/185/1/read/88961,2026학년도 4차 겨울학기 한국어연수과정 신입생 모집 안내,한국어교육 공지 최신: 2026학년도 4차 겨울학기 모집 (2026-08-12); 2027 없음,2026_or_older,https://www.mmu.ac.kr/OA/board/136/1/read/88085,2026학년도 후기 일반대학원 외국인신입생 모집 요강,"일반대학원 입학안내 게시판 최신 외국인 요강 = 2026학년도 후기 (2026-05-13 등록, 2026-07-06 추가모집). 2027 전기(3월 입학) 요강은 2026년 하반기 발표 예정이라 아직 미게재. 학부 2027학년도 외국인 모집요강은 입학정보 사이트에 이미 존재하나, 이는 대학원이 아님.",https://www.mmu.ac.kr/OE/board/185,https://drive.google.com/file/d/1z6wk5FZLgS1IBrdRVRCZNMJ-exrir8l6/view,https://drive.google.com/file/d/1mZCjmh6ob3Ixs_OYiymgIySZIcTiDwGP/view
국립부경대학교,univ,2027_own,http://admission.pknu.ac.kr/,2027학년도 재외국민 특별전형 모집요강 (국제교류본부 Admission Guide),부경대 국제교류본부 입학안내(admission.pknu.ac.kr)에서 학부 Admission Guide에 2027년 3월(Spring 2027) 입학학기 안내 확인. MOE 재외교육기관포털 2027 재외국민 특별전형 모집요강 목록에 국립부경대학교 등재(2027학년도 재외국민 특별전형 모집요강 최종본 2026.05.26자 존재). 2027 재외국민 전용 요강 확인됨.,2026_or_older,http://admission.pknu.ac.kr/pdf/Admission_Guidebook_for_the_PKNU_Korean_Language_Program_2026.pdf,연수과정 모집요강 (PKNU Korean Language Program 2026),국제교류본부 사이트: 한국어연수과정 모집요강 PDF가 2026 버전 (Admission_Guidebook...2026.pdf); https는 인증서 오류로 http 사용; 2027 없음,2026_or_older,http://admission.pknu.ac.kr/,2026학년도 1학기 외국인 학부 및 대학원 신입생 모집 안내 (가장 최근 발표),"국제교류본부 입학안내 페이지에 2027년 3월(Spring 2027) 입학 예정 공지됨 (신청 2026.10~11 예정) — 아직 2027 요강은 발표 전. 최근 발표 요강 = 2026학년도 1학기(2025-11-06, 국제교류본부). 부경대 일반대학원 외국인 모집은 studyinkorea/국제교류본부 통해 실시.",https://admission.pknu.ac.kr/,https://drive.google.com/file/d/1RJlhpZfLVcuBaR5ipkbVwsmGdF6WPUVy/view,https://drive.google.com/file/d/1xO2Shwfa_71bavZqJENyOrjjK_f6Nezu/view
국립순천대학교,univ,2027_own,https://ama.scnu.ac.kr/iphak/na/ntt/selectNttList.do?bbsId=2487,2027학년도 재외국민과 외국인 특별전형 모집요강 안내,입학안내 게시판(bbsId=2487)에 '2027학년도 재외국민과 외국인 특별전형 모집요강 안내'(2026) 및 '...모집요강(수정) 안내' 두 건 게시 확인. MOE 재외교육기관포털 2027 재외국민 요강 목록에도 등재. 재외국민+외국인 합본 2027 요강.,2026_or_older,,,외국인입학 게시판 최신 한국어학당 공지: 2026-2학기 한국어학당 모집 안내 (2026-05-13); 2027 없음,2026_or_older,https://www.scnu.ac.kr/ials/na/ntt/selectNttList.do?mi=2045&bbsId=1411,2026-Fall semester Graduate admission guide for Int'l students (국제교류교육본부),"일반대학원 모집요강 = 2026학년도 후기(현행). 국제교류교육본부 게시판 최신 대학원 외국인 요강 = 2026-Fall (2026-05-12), 2026-Spring 추가 (2025-12). 2027 전기 요강 미발표. (학부 입학안내 게시판의 2027 재외국민·외국인 특별전형은 학부용)",https://www.scnu.ac.kr/ials/cm/cntnts/cntntsView.do?mi=1844&cntntsId=1583,https://drive.google.com/file/d/134PLk6ZSktcSRg1WN_Ie3o99UCo4VBt1/view,https://drive.google.com/file/d/11e6bsaO7brMATjYBMJHeGK8hNFgdnJBv/view
국립창원대학교,univ,2027_adiga,adiga_2027 (downloaded),,,2026_or_older,,,"한국어학당 입학안내: Education Schedule (Scheduled for 2026 Academic Year), 겨울학기 26.12.1~27.2.12; 2027 안내 없음",2026_or_older,https://www.changwon.ac.kr/gs/na/ntt/selectNttList.do?mi=6197&bbsId=2107,2026학년도 전기/후기 대학원 신입생 모집 안내 (일반대학원 입시안내게시판),"국제처(International Students) 게시판 및 일반대학원 입시안내게시판 모두 최신 = 2026 (전기 합격 2025-12, 후기 2026). 2025학년도 학부·대학원 외국인 모집요강은 2024-10-14 게시됨. 2027 전기(10~11월 모집) 요강 미발표.",https://www.changwon.ac.kr/international/cm/cntnts/cntntsView.do?mi=18689&cntntsId=6832,https://drive.google.com/file/d/1_W8Ec5oH45VIVEdZl1xjj9YsSiCC2xqJ/view,https://drive.google.com/file/d/1wmlRIy0yvNn7M7C2kM2k0UEdJjHYXhw3/view
국립한국교통대학교,univ,2027_own,https://www.ut.ac.kr/cop/bbs/BBSMSTR_000000000661/selectBoardArticle.do?nttId=1122317,2027학년도 재외국민과 외국인 특별전형 신입생 모집요강 공고,"공식 사이트(국립한국교통대 입학과 공지, 공고 제2026-154호, 2026.05.29)에 '2027학년도 재외국민과 외국인 특별전형 신입생 모집요강 공고' 게시 확인. 재외국민+외국인 합본 2027 요강. MOE 재외교육기관포털 2027 재외국민 요강 목록에도 등재.",2026_or_older,,,"한국어교육 notice board stale (latest 2023-12); 자료실 annual posts through 2026-03-30, no 2027",2026_or_older,https://www.ut.ac.kr/cop/bbs/BBSMSTR_000000000059/selectBoardArticle.do?nttId=1122760,"2026학년도 대학원 신입생 모집 (후기-추가, 일반·외국인·위탁 전형)","대학원 공지 최신 = 2026학년도 후기(추가) (2026-06-18), 외국인 특별전형 포함(재외국민·외국인 Spring Admission). 전기 2027 요강은 통상 11월 발표 예정이라 미게재. 대학원 홈페이지 ut.ac.kr/dhw.",https://www.ut.ac.kr/iec/sub04_05.do,https://drive.google.com/file/d/1JPnb2Z0MA3aJYSYbeu1WyFMn5EyWq63E/view,https://drive.google.com/file/d/1YhKdE3Qzj1v3DxemKCNBQyRfi-B39UaM/view
국립한국해양대학교,univ,2027_own,https://www.kmou.ac.kr/ipsi/na/ntt/selectNttInfo.do?nttSn=10375147&mi=3298&currPage=1,2027학년도 재외국민 특별전형 모집요강,입학본부 홈페이지(kmou.ac.kr/ipsi)에 '2027학년도 재외국민 특별전형 모집요강'(nttSn=10375147) 및 '2027학년도 재외국민 특별전형 원서접수 바로가기'(uwayapply 2027/fores/kmou) 게시 확인. 2027학년도 수시모집 요강도 동시에 게시. MOE 재외교육기관포털 2027 재외국민 요강 목록에도 등재. (재외국민 특별전형 요강 — 순수외국인 전용 요강은 별도 확인 필요),2026_or_older,,,Course Schedule for Year 2026 (1-4 semesters); notice board only 2026 3rd sem application (2026-03-13),2026_or_older,https://www.kmou.ac.kr/graduate/na/ntt/selectNttInfo.do?nttSn=10374281&mi=5660&currPage=1,2026학년도 후기 일반대학원 외국인 신입생(정원외) 모집 안내 (Fall 2026),"일반대학원 공지사항 최신 외국인 요강 = 2026학년도 후기 (Graduate School Admission Guide, Fall 2026). 2027 전기 요강 미발표 (전기 2026은 2025년 하반기 발표된 바 있음).",https://www.kmou.ac.kr/global/cm/cntnts/cntntsView.do?mi=2702&cntntsId=2296,https://drive.google.com/file/d/16NHH89_Z-QUtMQQbgpEmUyVH-EKEPSF6/view,https://drive.google.com/file/d/19DKDlr_LEjCSXiIAwHIll1DV10Q3IxPd/view
국립한밭대학교,univ,2026_or_older,https://www.hanbat.ac.kr/admission/sub04_010101.do,외국인전형 모집요강 (Int'l Students Application Guide) - 2026학년도 파일,"입학안내 'Int'l Students > Application Guide(모집요강) > 외국인전형 모집요강' 페이지에 게시된 요강 PDF(FileDown FILE_000000015722Fk9)를 직접 다운로드해 확인한 결과 2026학년도 요강(원서접수 2026.4.13~5.8, 면접 2026.5.21, 합격발표 2026.6.2 등 2026 일정)임을 확인 — 2027학년도 아님. MOE 재외교육기관포털 2027 재외국민 요강 목록에도 미포함. 2027 외국인전형 요강은 미게시.",unknown_year,,,"Korean program Admission/Course pages show no year; OIA Notice latest 2026-08-24, no 2027 guide found",2026_or_older,https://www.hanbat.ac.kr/bbs/BBSMSTR_000000000476/view.do?nttId=B000000166489Ro2jC1u&mno=sub06_01,"2026학년도 후기 대학원 신입생 모집 안내 (Fall 2026, 외국인 원서접수 별도)",일반대학원 공지 및 자료실 최신 = 2026학년도 후기(2026-06). 외국인은 일반대학원 원서접수(외국인) 별도 URL로 안내. International Applicants Admission Guide(영문 절차 페이지)는 연도 무관. 2027 전기 요강 미발표.,https://www.hanbat.ac.kr/global/sub05_01.do,https://drive.google.com/file/d/1ol--C78znRzyergIbvDmEPA_Mvspw9eI/view,https://drive.google.com/file/d/1lNXsXvLaegvDW3F1r8QGfVb63miTHBvw/view
국민대학교,univ,2027_own,https://admission.kookmin.ac.kr/foreigner/notice.php?ctype=view&s_key=&s_word=&page=0&no=1072,2027학년도 국민대학교 재외국민과 외국인 특별전형 모집요강 재게시,"입학안내 '외국인 > 공지사항'에 '2027학년도 국민대학교 재외국민과 외국인 특별전형 모집요강 재게시(2026.6.22)' 공지 확인(no=1072, 지원자격 서류 문구 수정 후 재게시). 원본 2027 요강(2026.05.29 작성) 존재. 재외국민+외국인 합본 2027 요강. MOE 재외교육기관포털 2027 재외국민 요강 목록에도 등재.",2026_or_older,https://iie.kookmin.ac.kr/files/recruitment_2026_2_kor.pdf,2026학년도 모집요강 (국문),모집요강 section shows 2026학년도 (recruitment_2026_2_kor.pdf); 학사일정 covers 2026 semesters only,2026_or_older,https://iat.kookmin.ac.kr/admission/community/notice/656,2026학년도 후기 2차모집 일반대학원 외국인 특별전형 모집 (Fall 2026),국제교류팀(IAT) 일반대학원 외국인 특별전형 공지 최신 = 2026 후기 2차 (2026-07-02). 2026 전기 정시는 2025-10-02 게시됨. 2027 전기(Spring 2027) 요강은 2026년 10월경 발표 예정이라 아직 미게재.,https://iie.kookmin.ac.kr/,https://drive.google.com/file/d/1cPM5NKDAfgEqG5rcr4VFzth8tYaXTpmx/view,https://drive.google.com/file/d/1SlmJtqkza_NSjIuF4hLXRttrn_AfCrrA/view
극동대학교,univ,2026_or_older,https://www.kdu.ac.kr/ipsi/sub.do?mncd=1354,2026학년도 신입학(9월) 외국인 모집안내,"입학처 '재외국민/외국인' 공지사항 게시판(mncd=1354) 최신 항목이 '2026학년도 신입학(9월) 외국인 모집안내'(2026-07-28), '2026학년도 편입학(9월) 외국인 모집안내'(2026-06-15), '2026학년도 신입학(3월) 외국인모집 안내'(2025-09-01), '2026학년도 재외국민과 외국인(2%이내) 모집요강'(2025-05-30)까지 — 2027 재외국민/외국인 모집요강 미발견. MOE 2027 재외국민 요강 목록에도 미포함. (참고: 2027학년도 수시모집요강은 게시 중이나 외국인 특화 가이드 아님)",2026_or_older,,,국제언어교육원 NOTICE: only 2026학년도 가을학기 (2026-08-10) + TOPIK; no 2027 guide,unknown_year,,,"공식 도메인 kdu.ac.kr 확인 (해외 소재 국제학생 장학/수업료 페이지에 대학원 학부 포함 정보 존재, mncd=914). 그러나 대학원 외국인 모집요강을 6가지 검색어로 탐색해도 연도 특정 요강 URL 미확인; 사이트가 JS 렌더링/접속 제한으로 게시판 접근 어려움. 대학원 외국인 학생 모집 자체는 하고 있음(유학생 555명 중 석사 37명). 연도 특정 안 되어 unknown_year 처리.",https://www.kdu.ac.kr/home/sub.do?mncd=2156,https://drive.google.com/file/d/1-P2AF9hR5gwHTz1JDUk3X5d1KyXifp7n/view,https://drive.google.com/file/d/1StLshQ2d0GmIVKiko_1BlNjZnlYjwQuk/view
금강대학교,univ,2027_adiga,adiga_2027 (downloaded),,,?,,,,?,,,,,,https://drive.google.com/file/d/1IUAZWnN9Cjy4Tg6I12a2kzo742G8vFIq/view
김천대학교,univ,2026_or_older,https://ibhak.gimcheon.ac.kr/site/ibhak/html/sub5/0501.html,외국인 신입학 안내 및 모집요강 (2026학년도 9월학기),"입학처 '외국인 > 신입학' 페이지(외국인 특별전형, TOPIK 3급 기준, 접수처 국제교류처)에 게시된 모집요강 문서(파일다운로드 file_id=12ao33c3ll7x0vlnsxlrj53sphwh0a)를 직접 다운로드해 확인한 결과 '2026학년도 9월학기 외국인 신입학 모집요강'(원서접수 2026.7.10~7.15)임을 확인 — 2027 아님. MOE 2027 재외국민 요강 목록에도 미포함. 2027 외국인 모집요강 미발견.",2026_or_older,https://iec.gimcheon.ac.kr/_prog/download/?file_id=rzm0noxeuc8tzf0okde2j99axecpsw,2026학년도 가을학기 신입 어학연수생 모집 요강,입학요강 download is 2026학년도 가을학기 연수생 모집 요강 PDF; notice board all 2026; 2027 학사일정 tab exists but only shows Dec-Feb 2026 end,?,,,,https://iec.gimcheon.ac.kr/,,https://drive.google.com/file/d/1vUOPhvt8Le-kRyjF4zQfcOrdKq-z5Gop/view
나사렛대학교,univ,2027_own,https://ipsi.kornu.ac.kr/bbs/ipsi/896/117082/artclView.do,2027학년도 재외국민과 외국인 특별전형 모집요강,공식 입학처에 2027학년도 재외국민과 외국인 특별전형 모집요강 PDF 게재(2026-06-01 공지),?,,,,?,,,,,,https://drive.google.com/file/d/1Htj8olRBgKpKyHGR47-oxAKDcsmGgXRG/view
남부대학교,univ,2026_or_older,,,"대외협력처 모집요강 게시판에 2026 외국인 유학생 모집요강(국/중/영/베트남어)만 확인, 2027 외국인 가이드 미게재",2026_or_older,,,"입학안내 shows 2025 schedule; 언어교육원 모집요강 board has only 2026학년도 (국문/중문/영문/베트남어, 2025-10-17)",2026_or_older,https://global.nambu.ac.kr/board/GLOBAL_BOARD_0006/boardList.do?menuCd=dept_globa002003002,2026학년도 외국인 유학생 모집 요강 (국문/영문/중문/베트남어),대외협력처 게시판에 2026학년도 외국인 유학생 모집요강 4개 언어본 게시 (2025-10-17). 2027 버전은 2026년 10월경 발표 예정이라 아직 미게재.,https://global.nambu.ac.kr/content/view.do?menuCd=dept_globa002003,https://drive.google.com/file/d/1Sgj-WuCekegrN9R0okW2KbS5LTCfHx0m/view,https://drive.google.com/file/d/1Ozl4jYzSStuKuodCKlvevVLfUreJP5t3/view
남서울대학교,univ,none,,,,2026_or_older,,,"공지사항 latest: 2026-가을학기 한국어과정 (2026-08-20), 2026-봄학기; no 2027 guide",?,,,,https://nice.nsu.ac.kr/?p=26,,
단국대학교,univ,2027_adiga,adiga_2027 (downloaded),,,2027_guide,https://klc.dankook.ac.kr/-11,일정 및 입학안내 — 2027학년도 봄/여름/가을/겨울 수업 일정 (접수기간 포함),일정 및 입학안내 page lists full 2027 schedule (2027 봄 2026.12.07~2027.01.08 접수 etc.) incl. dorm fees,2026_or_older,https://grad.dankook.ac.kr/-94,2026학년도 전기·후기 대학원 신편입학 전형 모집 안내 ([외국인전형] 공지 포함),"일반대학원 입학공지 게시판에 [외국인전형] 공지 포함하여 학기별 모집. 최신 = 2026 후기(2026-04-13), 2026 전기(2025-10-16). 2027 전기 요강은 2026년 10월경 발표 예정이라 미게재. (학부 2027 재외국민·외국인 특별전형은 입학처에 이미 게재되어 있으나 학부용)",https://klc.dankook.ac.kr/,https://drive.google.com/file/d/1dLVfgYj_jYkln3t8AWmKke06O2bctUyf/view,https://drive.google.com/file/d/1e2E2to5j5uIUlCQq4xqbjzMOwVhu3FuW/view
대구가톨릭대학교,univ,2026_or_older,,,"외국인모집요강 PDF는 2026학년도 후기 신·편입학 모집요강, 재외국민 2027 특별전형만 공지됨",2026_or_older,,,KLEI notice board: latest 'คู่มือศึกษาต่อ สถาบันภาษา DCU' 2026-06-18 + 2026 유학 안내 guides; no 2027,2026_or_older,https://graduate.cu.ac.kr/sub03/sub02.htm,2026학년도 후기 2차 외국인 신입생 모집요강 (일반대학원 외국인 입시전형),일반대학원 외국인 입시전형 게시판 최신 = 2026학년도 후기 2차. 학석사연계 안내에 따르면 2027학년도 전기 외국인 모집은 2026년 11월 예정이라 아직 미게재.,https://academics.cu.ac.kr/home/detail/etc/klei/,https://drive.google.com/file/d/1FFbinN530QBByWnXkgGjGQe-ROCSo_tZ/view,https://drive.google.com/file/d/1PRToucvNNH5t5rvmvvl6kqi44Sa6n8ne/view
대구대학교,univ,2026_or_older,,,"외국인 모집요강 PDF는 2026학년도 제2학기 신편입학 외국인특별전형, 2027 재외국민 특별전형만 공지됨",2026_or_older,,,강좌안내 일정표 shows 2025 & 2026 semesters only; no 2027 guide,2026_or_older,https://grad.daegu.ac.kr/,2026학년도 후기 일반대학원 외국인 신입학 추가모집 안내,"일반대학원 공식 사이트(grad.daegu.ac.kr) 메인에 2026학년도 후기 외국인 신입학 추가모집 안내만 게재. 2027학년도 외국인 모집요강 미발견 (2026.8 기준, 전기 모집요강은 9-11월경 발표 예정으로 보임).",https://www.daegu.ac.kr/dept/955/detail,https://drive.google.com/file/d/1pUWM8P31kEwUqzYmoD_UG6Ftulq5EYXE/view,https://drive.google.com/file/d/1oYNeTGWtUi12vSY4OONiEzThCWOo8rLW/view
대구예술대학교,univ,2026_or_older,,,"입학처 외국인 공지에 2026학년도 1/2학기 순수외국인 특별전형 모집요강만 확인, 2027 미게재",?,,,,?,,,,,,https://drive.google.com/file/d/1vPp7PEhxER7YnBUWEIAPPxdj5ohfq6H6/view
대구한의대학교,univ,2026_or_older,,,"외국인 신입학/편입학 모집요강 PDF 모두 2026학년도 후기 기준, 2027 외국인 가이드 미확인",2026_or_older,,,한국어어학연수과정 page shows 2026학년도 등록/입학/수업 일정; no 2027,2026_or_older,http://www.dhu.ac.kr/HOME/graduate/sub.htm?nav_code=gra1635817150,2026학년도 후기 대학원별 신입생 추가모집 안내(일반전형 및 외국인전형),대학원 공지사항에 2026학년도 후기 신입생 추가모집(일반/외국인전형)이 최신. 2027학년도 대학원 외국인 모집요강 미발견.,http://www.dhu.ac.kr/HOME/exchange/sub.htm?hmode=p&nav_code=exc1574837612,https://drive.google.com/file/d/1AysaOsDQLNUlE5GN5Ze8CB_ldYeIJZez/view,https://drive.google.com/file/d/1MH5jrnU9u8XVk0CllyHc8KnzPAKTZH01/view
대신대학교,univ,2026_or_older,,,"외국인 모집요강 페이지에 2026년도 후기 외국인 입학 모집요강만 게재, 2027 미게재",2026_or_older,https://www.daeshin.ac.kr/upfile/data/2025/10/2026%ED%95%99%EB%85%84%EB%8F%84%20%ED%95%9C%EA%B5%AD%EC%96%B4%EA%B5%90%EC%9C%A1%EA%B3%BC%EC%A0%95%20%EB%AA%A8%EC%A7%91%EC%9A%94%EA%B0%95.hwp,2026학년도 한국어교육과정 모집요강,Curriculum shows 2026 semesters; 모집요강 is 2026학년도 한국어교육과정 모집요강.hwp,?,,,,https://www.daeshin.ac.kr/html/03_edu/03_4_1.php,,https://drive.google.com/file/d/1U_trFi5thSaJxU1obzsnetbMZo9y8RGD/view
대전가톨릭대학교,univ,2027_adiga,adiga_2027 (downloaded),,,?,,,,?,,,,,,https://drive.google.com/file/d/1A6smIYubcbD9U4RoBjCTevL5qJ6AvMpW/view
대전대학교,univ,2027_adiga,adiga_2027 (downloaded),,,unknown_year,,,한국어교육센터 section shows semester fees/schedule with NO year; 학부/대학원 degree guides are 2026학년도; no dedicated lang guide page found,2026_or_older,https://www.dju.ac.kr/gdhl/main.do,2026학년도 후기3차 신(편)입학전형 공지(외국인 전형 포함),대학원 홈페이지(gdhl/main.do) 학사공지에 2026학년도 후기3차 신편입학전형이 최신. 국제교류원 외국인 유학생 입학 가이드 페이지는 연도 미표기 일반 안내. 2027학년도 대학원 외국인 모집요강 미발견.,https://www.dju.ac.kr/intro/global/cntnts.html?mi=7425#lang-center,https://drive.google.com/file/d/18BMusdmPPeJJs_7s3fm5SAyBcSQeNik7/view,https://drive.google.com/file/d/1LbZPVL9bdXfuUsboB85cEBywfEaE8ctE/view
대진대학교,univ,2026_or_older,,,"입학처 공지/자료실에 2026 외국인 특별전형(정원외) 모집요강만 확인, 2027 미게재",2026_or_older,,,한국어교육센터 운영 중단 (Operation Suspended 2022-08-22 notice); course page shows no year; no guide exists,2026_or_older,https://grad.daejin.ac.kr/grad/5697/subview.do,2026학년도 후기 각 대학원 외국인 특별전형 신/편입학 모집 일정 안내,대학원 입학 > 외국인전형(정원외) 페이지에 2026학년도 후기 외국인 특별전형 신/편입학 모집요강이 최신. 2027학년도 미발견.,https://www.daejin.ac.kr/abroad/5220/subview.do,https://drive.google.com/file/d/1Ah_DNhY_5mQur8k7Yr9p45HL61vSpDZP/view,https://drive.google.com/file/d/1HSCkTtVuCwuZ3YJC6mCKau8fgRObxp1O/view
덕성여자대학교,univ,2027_adiga,adiga_2027 (downloaded),,,error,,,"Domain dilc.ds.ac.kr is hijacked/unstable: loads random unrelated universities (부산외국어대 BUFS, 건국대, 성신여대) and never the 덕성 language center after 4 attempts.",?,,,,https://dilc.ds.ac.kr/main/eng_main.php,,https://drive.google.com/file/d/1A0HpsdUdvp8RVpbnPtoGBHrNaBW9_V0r/view
동국대학교,univ,2027_own,https://ipsi.dongguk.ac.kr/article/notice/detail/111277,2027학년도 재외국민과 외국인 특별전형 모집요강,WISE캠퍼스 입학처에 2027 재외국민과 외국인 특별전형 모집요강 PDF 공지(2026-05-29); 서울캠퍼스 국제학생팀(iadmission.dongguk.edu)은 26-2 모집요강 게재,2026_or_older,https://interlang.dongguk.edu/bbs/board.php?bo_table=interlang2_10&wr_id=1,어학원 홍보 2025 (모집요강 게시판),"Real 동국대 한국어교육원 loaded (domain also unstable). 모집요강 board has only one notice '어학원 홍보 2025' (2024-11-27); no 2026/2027 guide posted, home shows 2026 semester event notices only.",2026_or_older,https://iadmission.dongguk.edu/dkglobal3_3_2/1,2026-2학기 일반대학원 외국인 입학전형 특별전형 모집요강,글로벌학생팀 외국인 입학 홈페이지(iadmission.dongguk.edu) 일반대학원 모집요강에 2026-2학기 특별전형만 게재. 일반대학원(gs.dongguk.edu) 모집요강도 2026학년도 전기까지. 2027학년도 미발견.,https://interlang.dongguk.edu/index_kr.php,https://drive.google.com/file/d/1pFhOlG7zazgODljiWt08h3mKZsBWAQsw/view,https://drive.google.com/file/d/1efYIRu4G_K2Nr9MtfQgXpva8aJUCUi1e/view
동덕여자대학교,univ,2027_own,https://ipsi.dongduk.ac.kr/ipsi/contents/info-list.do,2027학년도 재외국민과 외국인 모집요강,입학처 입학정보지에 2027학년도 재외국민과 외국인 모집요강 게재(2026-06-26),unknown_year,,,Real 동덕여대 한국어교육원 loaded on 3rd attempt (unstable domain). 입학 안내 page has no year; 공지사항 stale (2024 posts). No dated guide / 2027 found.,2026_or_older,https://grad.dongduk.ac.kr/grad/contents/gradinfo.do?schM=view&id=91700,[대학원] 2026학년도 후기 대학원 신·편입학 모집공고(일반/특수/전문대학원),대학원 입학안내에 2026학년도 후기 모집공고 및 모집요강 PDF가 최신. 국제교류협력실 외국인 입학안내 페이지(intl2.dongduk.ac.kr/page/page23)는 연도 미표기 일정 안내. 2027학년도 대학원 외국인 모집요강 미발견.,https://kli.dongduk.ac.kr/,https://drive.google.com/file/d/1_KZNhT2kTAU73CSb0p8hf0JDQr7vZIct/view,https://drive.google.com/file/d/1BI1HN5Cm8CG93KGf1cDp4EuXqE-sSK11/view
동명대학교,univ,2026_or_older,,,"국제교류처 공지에 2026학년도 1/2학기 외국인유학생 특별전형 모집 안내만 확인, 2027 미게재",2026_or_older,https://www.tu.ac.kr/kli/sub06_01.do,"2025학년도 글로벌교육센터 연간 모집요강 (공지, 2024-09-26)","Real 동명대 한국어학당 loaded on 2nd attempt (unstable domain). Latest recruitment notices are 2025학년도 (연간 모집요강 2024-09, 여름학기 2025-02); 정규과정 page shows 2024 schedule. No 2026/2027.",2026_or_older,https://www.tu.ac.kr/global/sub05_01.do?mode=view&articleNo=150106,"2026학년도 2학기 학부, 대학원 외국인유학생 특별전형 모집 안내",국제교류 홈페이지 공지사항에 2026학년도 1학기(2025.10 게시) 및 2학기 학부·대학원 외국인유학생 특별전형 모집 안내가 최신. 2027학년도 대학원 외국인 모집요강 미발견 (2027-1학기 안내는 2026.10경 게시 예상).,https://www.tu.ac.kr/kli/index.do,https://drive.google.com/file/d/1B04iIu_tYyqTNy6hPiseEeUZlH0tGcH2/view,https://drive.google.com/file/d/1ibetJN1QujTjqjGwilw8n3AryZuzL-6q/view
동서대학교,univ,2026_or_older,,,"국제교류센터 Admission 게시판에 2026 전기/후기 외국인전형 모집요강만 확인, 2027 미게재",2026_or_older,https://uni.dongseo.ac.kr/iec/index.php?pCode=admission&mode=fdn&idx=748&num=1,모집요강_2026학년도 가을학기_국문.pdf - 2026 가을학기 한국어연수과정 신입생 모집,Real 동서대 국제교류센터 loaded on 4th attempt (unstable domain). The provided URL IS a 2026 가을학기 한국어연수과정 admission notice with 2026 guide PDF. No 2027.,2026_or_older,https://uni.dongseo.ac.kr/graduategeneral/?pCode=MN8000062,2026학년도 후기 일반대학원 신(편)입생 모집 요강,일반대학원 모집요강 페이지에 2026학년도 후기 신편입생 모집요강이 최신. 2027학년도 대학원 외국인 모집요강 미발견.,https://uni.dongseo.ac.kr/iec/index.php?pCode=admission&mode=view&idx=748,https://drive.google.com/file/d/18FHRKbJu5LMMatrcCy8lOpidSCZ614Qt/view,https://drive.google.com/file/d/12A95LJp64ZUW342YW0MdtRBzt8-b6EiE/view
동신대학교,univ,2027_adiga,adiga_2027 (downloaded),,,unknown_year,,,Real 동신대 국제교육원 loaded on 2nd attempt (unstable domain). KLP program intro + Admission intro pages only; no 모집요강/guide page found. 교육원일정 calendar has a 2027 tab but it is empty; notices are 2026 general items.,2026_or_older,https://graduate.dsu.ac.kr/graduate/?pCode=notice&mode=view&idx=1655,2026학년도 전기 동신대학교 대학원 신(편)입생 모집 안내,"대학원 공지사항에 2026학년도 전기(2025.10 게시) 및 2026 후기 신편입생 모집 안내가 최신. 별도 외국인 전용 요강은 미발견, 일반 요강에 외국인 전형 포함. 2027학년도 미발견.",https://ie.dsu.ac.kr/ie/index.php?pCode=korprogram,https://drive.google.com/file/d/1BoqnGdQWwG4QFjuA0qseYMuQpjrwtQvM/view,https://drive.google.com/file/d/18dfnXEBEEmjuGV8DtVHsbIFbJLDmeXqF/view
동아대학교,univ,unknown_year,http://ent.donga.ac.kr/admission/html/abroad/noticeView.asp?BOARD_IDX=30586,2028학년도 외국인 신입학 특별전형 시행계획,Dong-A admission site (ent.donga.ac.kr). Foreign admission notice board lists only 2028학년도 외국인 신입학 특별전형 시행계획 (2026.04.30). No 2027 foreign guide found; 2024~2026 foreign special admission was 미시행 (not implemented). Main page 2027 guide is only for 수시모집 (domestic).,2026_or_older,https://www.donga.ac.kr/global/CMS/Contents/Contents.do?mCode=MN029,한국어학당 개요 및 수업일정 (2026 학사일정),"Real 동아대 한국어학당 loaded on 3rd attempt (unstable domain). 수업일정 shows 2026 학사일정 (winter ends 2027.02). 모집요강 boards MN038/041/044 are for 학부/대학원, not the language school. No 2027 guide.",2026_or_older,http://treedoc.donga.ac.kr/global/CMS/Board/Board.do?mCode=MN044&mode=view&mgr_seq=733&board_seq=8411327,2026학년도 전기 대학원 외국인전형 모집요강 공고(한국어/영어/중국어트랙),국제교류과 외국인 입학 > 대학원 모집요강 게시판에 2026학년도 전기(2025.11 게시) 및 2026학년도 후기(2026.04 게시) 외국인전형 모집요강이 최신. 2027학년도 미발견 (2027 전기는 2026.11경 게시 예상). 참고: 2027학년도 법학전문대학원 모집요강(로스쿨)은 별도 게재.,http://www.donga.ac.kr/global/CMS/Contents/Contents.do?mCode=MN032,https://drive.google.com/file/d/1KeCup3_H0C8dmkWiCSWXC2XopJcSOqix/view,https://drive.google.com/file/d/1jHpszZpI15-XqdOwbfYUFTHiQ3ZHCtVE/view
동양대학교,univ,2026_or_older,https://ipsi.dyu.ac.kr/wp-content/uploads/2026/05/2026학년도-후기-신입학-외국인-특별전형-모집요강.pdf,2026학년도 후기 신입학 외국인 특별전형 모집요강,Dongyang admission site (ipsi.dyu.ac.kr) foreigner section (foreigner_01) shows only 2026 후기 (second-semester) foreign admission guide (2026.05). Main page lists 2027 수시모집 (domestic) but no 2027 foreign guide. No 2027 foreign guide found.,unknown_year,,,"Real 동양대 한국학센터 loaded on 1st attempt (unstable domain). Site appears outdated: 정규과정/등록안내 pages carry no year, copyright 2015, notice board last posts 2024. No 2027 guide.",2026_or_older,https://grad.dyu.ac.kr/2719/2753-2/,정원외 입학(외국인) 안내 — 대학원 입학정보,대학원 홈페이지 입학정보 > 정원외 입학 페이지에 외국인(정원외) 지원자격/학과 안내(연도 미표기 일반 안내). 대학원 공지사항 최신은 2026학년도 후기 신입생 모집 안내(2026.08.18). 2027학년도 대학원 외국인 모집요강 미발견.,https://korean.dyu.ac.kr/,https://drive.google.com/file/d/1WQsXfhetRNP9HreVT2pdiA0r26tFGE2N/view,https://drive.google.com/file/d/1dUftDuy2HAQuMF-fEOVYOZUegT-Gyhr3/view
동의대학교,univ,none,,,,2026_or_older,https://deuhome.deu.ac.kr/language/sub08_01.do,한국어연수과정 안내 - 2026학년도 학사일정,Stable real 동의대 국제언어교육원. 한국어연수과정 page shows 2026학년도 학사일정 (winter ends 2027.01); 공지사항 all 2026. No 2027 guide.,?,,,,https://deuhome.deu.ac.kr/language/sub08_01.do,,
루터대학교,univ,2027_adiga,adiga_2027 (downloaded),,,?,,,,?,,,,,,https://drive.google.com/file/d/1_UsSB2vzrMHljK4bHPNUcg1VYWXlWUDs/view
명지대학교,univ,2027_own,http://iphak.mju.ac.kr/pages/?p=20&b=B_1_1&cate=재외국민,2027학년도 신입학 재외국민 특별전형 모집요강,"Myongji Univ official admission site (iphak.mju.ac.kr) notice board lists 2027학년도 신입학 재외국민 특별전형 모집요강 (2026.05.30, file attached). 2027 재외국민 special admission guide confirmed. Also 2027 수시 모집요강 listed. Note: guide is for 재외국민 (overseas Korean) rather than pure 외국인 foreign nationals.",2027_guide,https://klec.mju.ac.kr/application/application_01.php,신입학 안내 - 접수일정 (2027학년도 봄/여름/가을/겨울학기 일정 포함),"Real 명지대 한국어교육센터 (loaded consistently; only this URL worked, others redirected). The application/schedule page lists the full 2027 schedule: 2027 봄(03.10~05.21), 여름(06.08~08.18), 가을(09.03~11.23), 겨울(12.06~2028.02.22) with 2027 admission deadlines.",2026_or_older,https://www.mju.ac.kr/mjukr/244/subview.do,2026학년도 후기 정시/수시1차 신(편)입학 모집 안내,"대학원 입학 공지사항 게시판(mjukr/244)에 2026학년도 전기 정시(2025.10), 2026 후기 정시(2026.04), 후기 수시1차(2026.06) 모집 안내가 최신. 2027학년도 대학원 외국인 모집요강 미발견. (일반대학원 외국인전형 별도 요강 페이지 미확인, grad.mju.ac.kr 접근 차단됨.)",https://klec.mju.ac.kr/application/application_01.php,https://drive.google.com/file/d/16JCsJqmVqY-sFEdt2Qglt__kdr1-Jj4P/view,https://drive.google.com/file/d/1vPEymxjQWZWWyMzO3-sqo5mSDdmx7yLz/view
목원대학교,univ,2027_adiga,adiga_2027 (downloaded),,,unknown_year,,,Real 목원대 한국어교육원 loaded on 3rd attempt (unstable domain). 학사일정 page is undated (generic spring/summer/fall/winter deadlines); 공지사항 2024-2026 with no 모집요강. No 2027 guide.,?,,,,https://www.mokwon.ac.kr/klec/,,https://drive.google.com/file/d/1STdlgPPwP5dyIBFKgAJz6iiBof1PM_nS/view
목포가톨릭대학교,univ,unknown_year,https://www.mcu.ac.kr/ipsi/,,"Mokpo Catholic Univ official admission site (mcu.ac.kr/ipsi). Notice board (24 pages, 237 posts) shows only domestic admission notices (2027 신입생 모집요강, 2028 대입전형 기본계획, 수시/정시/편입). No 2027 foreign student guide found. A Naver blog mentions 외국인특별전형 exists but no official 2027 guide published on admission site.",?,,,,?,,,,,,https://drive.google.com/file/d/1qhSPILM_P-7eOzqEjuBXaXbue9jPiOWZ/view
배재대학교,univ,2027_adiga,adiga_2027 (downloaded),,,unknown_year,,,Real 배재대 한국어학당 reached (main page is an iframe to dept.pcu.ac.kr; domain also unstable). 입학안내 and 정규과정 pages carry no year/date. No 2027 guide.,?,,,,https://www.pcu.ac.kr/eckfl,,https://drive.google.com/file/d/1j38jgJXe4whUYIoAGj9SwaecsaMjrd2W/view
백석대학교,univ,none,,,,2026_or_older,https://www.bu.ac.kr/bulanguage/9436/subview.do?enc=Zm5jdDF8QEB8JTJGYmJzJTJGYnVsYW5ndWFnZSUyRjIzMDYlMkY1Nzg3OCUyRmFydGNsVmlldy5kbyUzRg%3D%3D,"2026학년도 백석어학원 모집요강 (공지 2026.06.25, 첨부 PDF)",Real 백석어학원 (stable). Latest guide notice is '2026학년도 백석어학원 모집요강' posted 2026-06-25 with attached PDF. 입학안내 page says '컨텐츠 준비중'. No 2027.,?,,,,https://www.bu.ac.kr/bulanguage/index.do,,
부산가톨릭대학교,univ,2026_or_older,https://ipsi.cup.ac.kr/cup/ipsi/front/pdfView075000000000000.do,2026학년도 전기학부 신입학 외국인 특별전형 모집요강,Catholic Univ of Pusan official admission site (ipsi.cup.ac.kr) has 외국인 (foreigner) section; its 모집요강 page shows 2026학년도 전기학부 신입학 외국인 특별전형 모집요강. No 2027 foreign guide found yet.,unknown_year,,,"Real 부산가톨릭대 국제교류처 한국어교육과정 정규과정 page (loaded on 2nd attempt; unstable domain). 정규과정/어학연수과정 pages carry no year; 공지사항 2026 general notices, no KSL 모집요강. No 2027.",2026_or_older,https://graduate.cup.ac.kr/organ/graduate/front/conts/103002000000000.do,대학원 외국인전형 2026학년도 후기/후기 추가 입시일정,대학원 홈페이지 외국인전형 페이지에 2026학년도 후기 일정만 확인. 2027학년도 가이드는 아직 미게재(발표 시기 이르므로 재확인 필요).,https://text.cup.ac.kr/organ/ext/front/conts/106003001000000.do,https://drive.google.com/file/d/1qY68dXaztPG4GWW1uLlf7-FT_wmwHeEz/view,https://drive.google.com/file/d/1dfHFbDa_P-HUWefQXBe1Dx03f7GpdG1T/view
부산대학교,univ,2026_or_older,https://international.pusan.ac.kr/international/15210/subview.do,2026학년도 외국인 학부 모집요강 안내 (Admission Notice board),"PNU international office admission notice board (international.pusan.ac.kr) latest foreign undergraduate guides are 2026 Spring/Fall (e.g. [2026 Fall Semester] Undergraduate Program Admissions Guide, 2026.03.04). No 2027 foreign guide published yet (as of 2026.08). As of now only 2026 guides available.",2026_or_older,https://lei.pusan.ac.kr/page?menuCD=000000000000226&mode=DETAIL&seq=1213&mainbbsTabIndex=1&cateSeq=9,"한국어강좌 정규과정 안내 브로슈어 (2026, 게시 2026-01-19, PDF 260210)",Real 부산대 언어교육원 (stable). Latest 한국어강좌 정규과정 guide is the 2026 brochure notice (2026-01-19) with 260210_언어교육원_*.pdf downloads. No 2027 guide.,2027_guide,https://cdfs.pusan.ac.kr/bbs/cdfs/84/1453755/artclView.do,[대학원] 2027학년도 특차 일반대학원 신입생 모집요강,2026.08.05 게시된 2027학년도 특차(특별전형) 일반대학원 신입생 모집요강(공식 pusan.ac.kr 도메인). 외국인 특별전형은 international.pusan.ac.kr 'Admissions for Graduate'(15257) 페이지에서 별도 안내. 2027학년도 전기(봄) 대학원 모집 안내 확인됨.,https://lei.pusan.ac.kr/,https://drive.google.com/file/d/1lb1Ux0UX2Ls6moIeo2ecVIQ_4w5GglCa/view,https://drive.google.com/file/d/14b9ExOK7_NUiOwwCAFa88UQ_Pwebl4vy/view
부산외국어대학교,univ,2027_own,https://enter.bufs.ac.kr/bbs/board.php?bo_table=download&wr_id=196&device=pc,2027학년도 수시 재외국민전형 모집요강,"BUFS official admission site (enter.bufs.ac.kr) publishes 2027학년도 수시 재외국민 신입생 모집요강 (2026.05.29, PDF/HWP attached). 2027 foreign/재외국민 guide confirmed on official site. Main university site (bufs.ac.kr) also has 외국인 유학생 입학 International Students Admissions page. Note: found guide is for 재외국민 전형.",2026_or_older,,,KLCE site shows 2026학년도 연수일정 and 2026 winter admission notice; no 2027 guide (winter semester runs into Jan 2027 only).,2026_or_older,https://oiaglobal.bufs.ac.kr/graduate,대학원 입학 / Graduate School Admission (국제교류처),국제교류처 공지에 2026학년도 후기 대학원 외국인 모집요강 확인. 2027학년도(전기) 가이드는 10~12월 경 발표 예정이라 아직 미게재.,https://klce.bufs.ac.kr/,https://drive.google.com/file/d/1pZ873rHLgWfiaAZvmYMha8IA31rkwU5r/view,https://drive.google.com/file/d/1DpjPihQrW2LdYsekPnbdT6WEH7_aR9sL/view
부산장신대학교,univ,2027_adiga,adiga_2027 (downloaded),,,?,,,,?,,,,,,https://drive.google.com/file/d/1tQHpBzeT8D2GH1KnONbKGucVXH1HuT07/view
삼육대학교,univ,2027_own,https://ipsi.syu.ac.kr/2016_syu/pages/index.asp?p=29&b=B_1_1&bn=66691&m=read&cate=재외국민,2027학년도 재외국민모집 (합격자 발표/특별전형),Sahmyook Univ official admission site (ipsi.syu.ac.kr) has 2027학년도 재외국민 admission in progress: 원서접수 notice (2026.07) and [재외국민] 2027학년도 재외국민모집 합격자 발표 (2026.08.12). 2027 재외국민 특별전형 모집요강 referenced (also mirrored on samsungedu.kr). Note: 2027 재외국민 guide; check whether pure 외국인 (foreign national) 2027 guide exists separately.,2026_or_older,,,Language course page still shows '2025년도 학기 안내' (2025 schedule); no 2026 or 2027 guide found.,2026_or_older,https://www.syu.ac.kr/grad/,대학원 신·편입생 모집 요강 (2026학년도 후기/전기),대학원 홈페이지에 2026학년도 후기/전기 정원외 외국인 신(편)입생 모집요강 확인. 2027학년도 가이드는 아직 미게재.,https://www.syu.ac.kr/iie/korean-course/course-introduction/,https://drive.google.com/file/d/1CTlOKpeUH3UoKCSrHn9SEOtzm83nZKjq/view,https://drive.google.com/file/d/1CnxAks6KeIXZQDg7kv3qRDpa4b_Pvv0e/view
상명대학교,univ,2026_or_older,https://admission.smu.ac.kr/_seoul/board/bbs.html?bbsid=seoul_notice&ctg_cd=kumin,2026학년도 수시모집 재외국민 특별전형 모집요강,Sangmyung Univ admission site (admission.smu.ac.kr) 재외국민 notice board: latest guide is 2026학년도 수시모집 재외국민 특별전형 모집요강 (2025.05.30). Separate 외국인 입학 page (oia.smu.ac.kr/모집요강) exists but no 2027 guide published yet (as of 2026.08). No 2027 foreign/재외국민 guide confirmed.,2027_guide,https://cklc.smu.ac.kr/international/curriculum/regular.do,한국어정규과정 학기일정(2026-2027),Regular course page lists explicit 2027 semesters (봄/여름/가을/겨울) with dates & application periods through 2027 winter.,2026_or_older,https://www.smu.ac.kr/grad/admission/guideline01.do,일반대학원 모집요강(Foreigner) - 2026학년도 후기,일반대학원에 모집요강(Foreigner) 전용 페이지 존재하나 현재 2026학년도 후기 추가모집 일정만 확인. 2027학년도 가이드는 미게재.,https://cklc.smu.ac.kr/,https://drive.google.com/file/d/10nrzNIJhPxHdEJBOLNTYZO0aF8Wf5B8l/view,https://drive.google.com/file/d/1cfeMR1pL_eSKiLA9Wj1wSOdnOuZ9n1OP/view
상지대학교,univ,2026_or_older,https://www.sangji.ac.kr/prog/bbsArticle/BBSMSTR_000000007144/view.do?nttId=B000000299484Ub0hC7v,2026학년도 외국인 신(편)입학 모집요강 안내,"Sangji Univ official admission site (sangji.ac.kr) has 외국인 (foreign) 모집요강 section. Latest foreign guide published: 2026학년도 외국인 신(편)입학 모집요강 안내 (2025.07.30, trilingual KR/EN/CN). No 2027 foreign guide found yet (as of 2026.08). 2027 수시모집 요강 exists but is domestic.",unknown_year,,,Korean language program pages (교육과정 안내 / 모집 안내) show no year markers; general intl notice board only shows 2026 items. No 2027 guide.,2026_or_older,https://www.sangji.ac.kr/gradgo/sub01_02.do,대학원 외국인 모집요강,국제교류처 Application Notice에 2026학년도 전기 1차 일반대학원 외국인 신(편)입학 모집 안내(2025-12-16) 확인. 2027학년도 가이드는 아직 미게재.,https://www.sangji.ac.kr/global/sub03_01.do,https://drive.google.com/file/d/1oeiBXGeE0r92_HrfqghAWUC7cphb2BJH/view,https://drive.google.com/file/d/10YZGbnfglDddk2KgNZcNKRo3kSTUJzIq/view
서강대학교,univ,2027_own,https://admission.sogang.ac.kr/upload/BBS0014/20260709133954H8KFV4.PDF,2027 3월 입학 재외국민 모집요강,Sogang Univ official admission site (admission.sogang.ac.kr) Admission Guide Book section lists '2027 3월 입학 재외국민 모집요강' PDF (2026.07.09). 2027 재외국민 special admission guide confirmed on official site. Note: guide is for 재외국민 (overseas Korean) 3월 입학; also 2027 수시/논술 guides listed.,2026_or_older,,,"Homepage, academic calendar, and notice board all show 2026 (fall 2026 open); no 2027 guide published.",2026_or_older,https://gradsch.sogang.ac.kr/gradsch/gradsch03_3_1.html,일반대학원 국제학생(International Students) 입학안내,일반대학원 국제학생 입학 가이드 페이지에 2026학년도(후기) 일정 확인. 2027학년도 가이드는 아직 미게재(전기 모집은 10월경 발표 예정).,https://klec.sogang.ac.kr/,https://drive.google.com/file/d/1kvgXV-2Tu-_58vD26PLXaaK1fpbISFEu/view,https://drive.google.com/file/d/15_FmRn_qL2xo0QlcZZglTYWL6ktpR2nW/view
서경대학교,univ,2027_own,https://go.skuniv.ac.kr/index.php?mid=notice&parent_srl=198&category=168497&document_srl=226872,2027학년도 재외국민과 외국인 모집요강,"Seokyeong Univ official admission site (go.skuniv.ac.kr) 재외국민 notice board: '2027학년도 재외국민과 외국인 모집요강' posted 2026.05.29 (document_srl=226872), followed by 원서접수 안내 (2026.07.06) and 면접/실기 고사장 발표 (2026.07.22). 2027 재외국민과 외국인 (foreign + overseas Korean) guide confirmed on official site.",2026_or_older,,,Course pages show no semester-year table; notice board shows 2026 (teacher recruitment through fall 2026). No 2027 guide.,2026_or_older,https://grad.skuniv.ac.kr/index.php?mid=admission_archives&document_srl=25789,2026학년도 후기 대학원생 모집 일정 및 모집요강,대학원 입시자료실에 2026학년도 후기 모집요강(외국인 정원외 모집 포함) 확인. 2027학년도 가이드는 아직 미게재.,https://lcec.skuniv.ac.kr/korean-course,https://drive.google.com/file/d/1dATIWdkZ983Our5vnrOd6vK3c3ERFX8A/view,https://drive.google.com/file/d/1IaJerr1iYMDQ6fTscu6ZudDXiOAdu45Z/view
서울과학기술대학교,univ,none,,,,2026_or_older,,,Course guide shows '2026학년도 연간운영계획' (2026 plan); winter semester ends Feb 2027 but no 2027 guide yet.,?,,,,https://klc.seoultech.ac.kr/,,
서울교육대학교,univ,none,,,,2026_or_older,,,Notice board shows Fall 2026 Korean Language Course and 2026 semester classes; no 2027 guide. Browser timed out; checked via curl.,?,,,,https://language.snue.ac.kr/,,
서울기독대학교,univ,unknown_year,,,"4 searches; no official 2027 (or any) foreign admission guide found on official site (scu.ac.kr JS-heavy, not extractable). School actively recruiting intl. students per news (MOU), but no published foreign guide located.",?,,,,?,,,,,,https://drive.google.com/file/d/1KPviFRoDAEwyNu2nw95QD665apopG84v/view
서울대학교,univ,2027_adiga,adiga_2027 (downloaded),,,2026_or_older,,,Regular course page lists 2026 여름/가을/겨울 semesters; no 2027 semesters shown. Site redirects to mobile version (desktop renders empty).,2027_guide,https://admission.snu.ac.kr/international/notice?md=v&bbsidx=170609,2027학년도 전기 글로벌인재특별전형 대학원 모집안내,2027학년도 전기(2027년 3월 입학) 글로벌인재특별전형 대학원 모집안내 확정. 온라인 원서접수 2026.7.6~7.9. 가이드 PDF: /webdata/admission/files/ (2027 spring graduate).,https://lei.snu.ac.kr/klec/,https://drive.google.com/file/d/1Y2BqVOm15FrHKZks4Ebi0HRTaAB9WsKi/view,https://drive.google.com/file/d/14TgSLvjf-Flv5gHwuIBTOzIrTEAlFGEX/view
서울시립대학교,univ,2027_own,https://file.uos.ac.kr/upload/admission/2027%ED%95%99%EB%85%84%EB%8F%84%20%EC%88%98%EC%8B%9C%EB%AA%A8%EC%A7%91%20%EC%8B%A0%EC%9E%85%EC%83%9D%20%EB%AA%A8%EC%A7%91%EC%9A%94%EA%B0%95%20.pdf,2027학년도 수시모집 신입생 모집요강 (서울시립대학교),2027 외국인전형 모집요강 confirmed to exist: official 2027 수시모집 신입생 모집요강 published on uos.ac.kr domain (file.uos.ac.kr); '[서울시립대][국문 최종] 2027 외국인전형 모집요강' mirrored on scribd; listed in 2027 재외국민 특별전형 roundups. Foreign admissions handled via 국제처.,2027_guide,https://klcp.uos.ac.kr/klcp/korNotice/view.do?list_id=KK01&seq=34&sort=4&menuid=2200005001000000000,[UOS KLCP] 2026–2027학년도 정규과정 학사일정 및 모집기간 안내,Official notice announces both 2026 and 2027 regular-course academic schedules & recruitment periods.,2027_guide,https://oia.uos.ac.kr/oia/web/contents/OIA_Admission_01,2027 Academic Year UOS Graduate School International Student Admission Guide,국제처(Office of International Affairs) 페이지에 2027학년도 일반대학원 국제학생 입학가이드(한/영/중/일 PDF) 명시. 공식 2027 가이드 확인.,https://klcp.uos.ac.kr/klcp/main.do,https://drive.google.com/file/d/1UrHFeeEWJet7DYq-K80evvKb4wKTGgoe/view,https://drive.google.com/file/d/17BUB1GcMuZEv9ruPhvYhqPYuslkzXz47/view
서울신학대학교,univ,unknown_year,,,3 searches; intl.stu.ac.kr (국제교류처) page exists but no published foreign admission guide content found. Not listed in MOE okep 2027 재외국민 특별전형 list.,2026_or_older,,,klei.stu.ac.kr is login-gated; via intl.stu.ac.kr 한국어교육원 학사일정 shows 2025 schedule only. No 2027 guide.,2026_or_older,https://www.stu.ac.kr/,대학원 모집요강 (대학원 입학 안내 - 2026학년도 전기 확인),"공식 홈페이지(www.stu.ac.kr) 경유, 2026학년도 전기 대학원 신입생 모집 확인(뉴스/안내). 2027학년도 외국인 대학원 전용 모집요강 페이지는 공식 검색에서 확인되지 않음. 2027 가이드 미게재.",https://klei.stu.ac.kr/,https://drive.google.com/file/d/1QO-hqJkuVzEGp2aWe8q4R4yRBPlIubSr/view,https://drive.google.com/file/d/1W5P0uTJyexOYvSa8tFN3YMK1jaL9GNOD/view
서울여자대학교,univ,2027_adiga,adiga_2027 (downloaded),,,2027_guide,https://klc.swu.ac.kr/skin/page/info01.html,정규과정 학기 일정 (2026–2027),Regular course page lists explicit 2026 and 2027 semester dates (봄/여름/가을/겨울) with application deadlines & level tests.,2026_or_older,https://www.swu.ac.kr/grd/1116/subview.do,대학원 외국인 모집요강 (2026학년도 후기 추가모집 확인),대학원 홈페이지 '외국인 모집요강' 페이지에 2026학년도 후기 추가모집 일반대학원 외국인전형 모집요강 확인. 2027학년도 가이드는 아직 미게재.,https://klc.swu.ac.kr/,https://drive.google.com/file/d/1RWQkBIeHM3PICa6HXx_aWKdPVjDqaEpf/view,https://drive.google.com/file/d/1J7Uk07WWaE5M-QfQxnji2Hk3hLG3mR2_/view
서울장신대학교,univ,unknown_year,,,"Official admission site (sjs.ac.kr/admission) has only 수시/정시/추가/편입 sections, no 외국인/재외국민 dedicated section. No 2027 foreign guide found. Small seminary school.",2026_or_older,,,Notice board latest Korean language guide is '2026 봄학기 한국어학당 모집요강'; also 2026 fall foreign-student guide. No 2027.,?,,,,https://www.sjs.ac.kr/ht_ml/w_01ed/1321_i1.php,,https://drive.google.com/file/d/1-Z-JjhY_lSkRlzPt4JiKsy42M8OVAqyt/view
서울한영대학교,univ,2026_or_older,https://ipsi.shyu.ac.kr/fro_end/html/dep_04/4000.php,서울한영대학교 외국인 모집요강 (현재: 2026학년도 2학기 외국인전형 입학안내),"Official 입학처 has dedicated 외국인 모집요강 section but currently hosts '서울한영대학교_2026학년도_2학기_외국인전형_입학안내.pdf' (2026 2학기 = NOT 2027). 2027 general 수시모집요강 exists, but no 2027 foreign guide.",2026_or_older,,,어학원전형 입학안내 PDF (IAdmission.pdf) titled '2026'; notices from Aug 2026. No 2027 guide.,2026_or_older,https://grad.shyu.ac.kr/fro_end/html/dep_03/3300.php,서울한영대학교 대학원 입시자료실 (최신: 2025학년도 전기 모집요강 PDF; 2026학년도 후기 모집안내),대학원 입시자료실에 2027 모집요강 없음. 최신 2025학년도 전기 모집요강(2024.12) 및 2026학년도 후기 모집안내(2026.05).,https://ili.shyu.ac.kr/fro_end/html/dep_03/3200.php,https://drive.google.com/file/d/1rru-4fGsDXlRzzcy_sjUAfT2E7JZzWRZ/view,https://drive.google.com/file/d/1RPdIymM1y2r4H8qTNM9-qfpyCYnZKAaw/view
서원대학교,univ,unknown_year,,,"Official 입학 site has 2027학년도 수시모집 신입생 모집요강 (general, 2026-05-29) but no foreign/국제학생 specific 2027 guide found. Not in MOE okep 2027 재외국민 list.",2027_guide,https://www.seowon.ac.kr/kli/4092/subview.do,2027학년도 학사일정,"학사일정 page lists full 2027학년도 (봄/여름/가을/겨울) with application, acceptance, registration, and class dates.",?,,,,https://www.seowon.ac.kr/kli/index.do,,https://drive.google.com/file/d/1FcJ5WoVJzygck1egqXiAfK10goAa9Cgc/view
선문대학교,univ,2027_adiga,adiga_2027 (downloaded),,,2026_or_older,,,Admissions PDF is still 2026년 (모집요강 26년); course schedule page still shows 2025 dates; no 2027 guide anywhere,2026_or_older,https://global.sunmoon.ac.kr/bbs/content.php?co_id=student_01_03,선문대학교 국제교류처 Graduate School (2026 Admission Guide),국제교류처 대학원 입학안내가 2026 Admission으로 표기. 대학원 공지 최신은 2026학년도 후기 신·편입생 모집. 2027 모집요강 미게시.,https://kli.sunmoon.ac.kr/file/%EC%84%A0%EB%AC%B8%EB%8C%80%ED%95%99%EA%B5%90%EB%AA%A8%EC%A7%91%EC%9A%94%EA%B0%95%2026%EB%85%84_%EC%96%B4%ED%95%99%EC%9B%90_%ED%95%9C%EA%B5%AD%EC%96%B4.pdf,https://drive.google.com/file/d/1YmagHibOtjny22SQl4-1zMaaqBoL3m0e/view,https://drive.google.com/file/d/1zGcxG8dEmv2oEeMcyowh5VcGahcE-goY/view
성결대학교,univ,unknown_year,,,Official 입학처 (ipsi.sungkyul.ac.kr) has 2027학년도 시행계획/수시모집요강 (general) but no separate 2027 foreign/재외국민 guide found. Not in MOE okep 2027 재외국민 list.,2026_or_older,,,Online application portal shows only 2026학년도 가을학기 student recruitment; no 2027,?,,,,https://fims.sungkyul.ac.kr/application/,,https://drive.google.com/file/d/1k2bozu_7AapD8Txyec1Q2-3SPnDl_5kG/view
성공회대학교,univ,2027_own,https://okep.moe.go.kr/board/view.do?board_manager_seq=16&menu_seq=22&board_seq=27029,성공회대학교 2027학년도 신입학 재외국민과 외국인 특별전형 모집요강 (국외파견근무자자녀·북한이탈주민),"2027 재외국민과 외국인 특별전형 모집요강 hosted on MOE 재외교육기관포털 (okep.moe.go.kr, official gov portal, posted 2026-06-12); also listed in okep 2027 재외국민 특별전형 대학 list. School admission page: skhu.ac.kr/skhu/5662 (모집요강 국문).",unknown_year,,,"국제교육원 CMS misconfigured: 모집요강 page renders another university's content (Kangwon/Catholic), notice board empty; could not determine any guide year",2027_guide,https://www.skhu.ac.kr/bbs/skhu/109/60019/artclView.do,Admission Guide for 2027 MAINS Program (For Foreign Students),"일반대학원 MAINS 프로그램(국제지역연구, 영어과정) 외국인 2027 입학 가이드 게시(2026.06.16). 2027년 3월 2일 개강. 입학-대학원 공지사항 게시판.",https://www.skhu.ac.kr/studykorean/5671/subview.do,https://drive.google.com/file/d/1J59N42-2qEGcLeBY3VFQ31oXOS55fyIZ/view,https://drive.google.com/file/d/1B6coIS6dW9KIsLmZ8l1u2C_qtvC00nlh/view
성균관대학교,univ,2027_adiga,adiga_2027 (downloaded),,,2026_or_older,,,정규과정 schedule shows 2026학년도 4 semesters (last ends 2027.02.17); notices at 26-3학기; no 2027 guide yet,2027_guide,https://admission-global.skku.edu/eng/etc/bbs_list.html?bbsid=global_notice_re_eng&ctg_cd=Graduate&page=1&skey=&keyword=&mode=view&bltn_seq=53803,[Graduate] Application Guide for Spring 2027 (1st Rnd.) — 2027 전기 1차 일반대학원 모집요강 (외국인),"2026.08.21 게시. ENG/KOR/CN PDF 모집요강 첨부. 원서접수 2026.09.11~10.09, 2027 봄학기. 2027 Spring Admission Schedule(All Rounds)도 게시.",https://koreansli.skku.edu/ksli/index2.do,https://drive.google.com/file/d/1Zs5__wwn2oDeqz3C3S1J8c41zxiixaJW/view,https://drive.google.com/file/d/127MIvWuKv0q8mxsAD2j2c12j-zC_b6or/view
성신여자대학교,univ,2027_own,https://ipsi.sungshin.ac.kr/guide/dataroom.htm?bbsid=notice&ctg_cd=all&mode=view&bltn_seq=35975,2027학년도 재외국민과 외국인 특별전형 모집요강 및 제출서류 안내 (성신여자대학교 입학처),Official 입학처 notice (2026-05-29) with '2027학년도 성신여자대학교 재외국민과 외국인 특별전형 모집요강_최종.pdf' attached. Confirmed 2027 foreign guide on official domain.,2026_or_older,,,등록안내 shows 2026년 4학기 schedule; linked guide is '2025-2026 어학연수 모집요강'; no 2027,2026_or_older,https://www.sungshin.ac.kr/gras/12806/subview.do,"성신여자대학교 일반대학원 입학안내-모집요강 (최신: 2026학년도 후기 2차 모집안내, 정원외[외국인] 모집요강)",일반대학원 모집요강 최신이 2026학년도 후기 2차. 정원외(외국인) 모집요강 국문/ENG/중문 제공. 2027 모집요강 미게시.,https://www.sungshin.ac.kr/siie_kor/20413/subview.do,https://drive.google.com/file/d/1Y9kyefdSKsFAuW7QmzmsuBxBbfBOijlu/view,https://drive.google.com/file/d/1OhT1j86Z-OwgrXFbP-6hi9qpubUyNC83/view
세명대학교,univ,2026_or_older,https://www.semyung.ac.kr/cop/bbs/BBSMSTR_000000000309/selectBoardArticle.do?bbsId=BBSMSTR_000000000309&nttId=469849,2026학년도 1학기 학부 순수외국인입학특별전형 모집 안내 (세명대 국제교류처),Official 국제교류처 notice latest foreign guide = 2026학년도 1학기 학부 순수외국인입학특별전형 (posted 2025-11-17). No 2027 foreign guide found yet (2027-1학기 expected ~Nov 2026).,2026_or_older,,,Latest notice is '2026 가을학기 한국어 연수생 선발 계획' (posted 26.06.08); no 2027,2026_or_older,https://www.semyung.ac.kr/cop/bbs/BBSMSTR_000000000309/selectBoardArticle.do?bbsId=BBSMSTR_000000000309&nttId=474288&mno=sitemap_12,▣2026학년도 2학기 대학원 순수외국인입학특별전형 모집 안내,국제교류처 공지사항 최신 대학원 외국인전형 안내가 2026학년도 2학기(2026.04.28). 2026-1학기(2025.11)도 있음. 2027 모집요강 미게시.,https://www.semyung.ac.kr/smiie.do,https://drive.google.com/file/d/11i6KCb4NXnJMjQ-CCVnafDjjbTKQt8JR/view,https://drive.google.com/file/d/1tZn1jpNKJgij1003TwW2w8itnshYbD0K/view
세종대학교,univ,2027_own,http://ipsi.sejong.ac.kr/ipsi/assistant/notice.do?mode=view&articleNo=2645&title=2027%ED%95%99%EB%85%84%EB%8F%84+%EC%9E%AC%EC%99%B8%EA%B5%AD%EB%AF%BC%EA%B3%BC+%EC%99%B8%EA%B5%AD%EC%9D%B8%EC%A0%84%ED%98%95+%EB%AA%A8%EC%A7%91%EC%9A%94%EA%B0%95+%EA%B3%B5%EC%A7%80,2027학년도 재외국민과 외국인전형 모집요강 공지 (세종대학교 입학처),Official 입학처 notice with attached PDF '2027학년도세종대학교재외국민과외국인전형모집요강.pdf'. Confirmed 2027 foreign guide on official domain.,2026_or_older,,,Application portal shows only 2026학년도 겨울학기 세종어학원 정규과정; guide page requires login; no 2027,2026_or_older,https://graduate.sejong.ac.kr/graduate/admission/GSAG01_01.do,"세종대학교 일반대학원 모집일정 및 요강 (최신: 2026학년도 후기, Foreigner Admission 포함)",일반대학원 모집일정이 2026학년도 후기까지. 정원외 외국인 입학전형 2026 Fall PDF 존재(en.sejong.ac.kr). 2027 모집요강 미게시.,https://sos.sejong.ac.kr/kor/admission/koreaedu/index.do,https://drive.google.com/file/d/1ZZbN7xc19do8Sp3I7wYbJdwZK1lnoTnj/view,https://drive.google.com/file/d/1guj7CE1tJzC-DagzoXprCO3x2J8mVwN6/view
세한대학교,univ,none,,,,unknown_year,,,Page is only an intro/organization description of 한국어교육원; no admission guide or year information on page,?,,,,https://www.sehan.ac.kr/sehan/271/subview.do,,
송원대학교,univ,none,,,,2026_or_older,,,Site root redirects elsewhere but Korean course page works; latest notice = 2026학년도 겨울학기 모집; no 2027,?,,,,https://iec.songwon.ac.kr/,,
수원가톨릭대학교,univ,2027_adiga,adiga_2027 (downloaded),,,?,,,,?,,,,,,https://drive.google.com/file/d/1TQUKEDZmxAlm8VEkLsnhPzKNnxPnPCNM/view
수원대학교,univ,2027_own,https://ipsi.suwon.ac.kr/board/notice,2027학년도 수시모집 재외국민/북한이탈주민전형 (수원대학교 입학처 재외국민 카테고리),Official 입학처 has 재외국민 category with 2027 entries: '[재외국민]2027학년도 수시모집 재외국민/북한이탈주민전형 합격자 발표' (2026-07-28) + quick-menu '2027 재외국민 제출서류/경쟁률/합격자'. Also listed in MOE okep 2027 재외국민 특별전형 list; samsungedu posts '2027학년도 수원대 재외국민 특별전형 모집요강'.,2026_or_older,,,자료실 has '26-27 글로벌언어교육원 모집요강' (covers 2026-2027 academic year); notices at 2026 겨울학기; no 2027-specific guide,2026_or_older,https://www.suwon.ac.kr/index.html?menuno=1303,수원대학교 일반대학원 입학안내-모집요강 (모집요강 PDF + 외국인 모집요강 PDF),"일반대학원 모집요강/외국인 모집요강 PDF 게시, 연도 미표기. 공지사항 최신이 2026학년도 후기 대학원 신입생·편입생 모집(2026.06). 2027 외국인 모집요강 미확인.",https://koredu.suwon.ac.kr/,https://drive.google.com/file/d/1Pu04kVfgpQi3LxYeO8eMAM1R4s5SEBjU/view,https://drive.google.com/file/d/15_uQYXXaT4GCTNnyEu4fl6YOA0xmSWqT/view
숙명여자대학교,univ,2026_or_older,,,영문 외국인 입학 페이지(Admissions Guide) 최신 가이드가 '2026 Fall admission Undergraduate'(원서 2026.4~5월)뿐. 2027학년도 외국인 모집요강 없음. 국문 입학안내 '외국인 입학' 배너는 영문 페이지로 연결됨.,2026_or_older,,,정규과정 2026학년도 schedule (겨울 ends 2027.02.12); 모집요강 subpage redirects to other university (CMS bug); no 2027,2026_or_older,https://e.sookmyung.ac.kr/en/admission/graduate-school.do,숙명여자대학교 Graduate School Admission (2026 Fall Semester for International Students),국제입학 대학원 페이지가 2026 Fall Semester 대상. 일반대학원 모집요강 최신 2026학년도 후기. 2027 모집요강 미게시.,https://lingua.sookmyung.ac.kr/,https://drive.google.com/file/d/1UdZpJKh5x4VJWP-793rqIHABz3awUi9U/view,https://drive.google.com/file/d/1d6ieBe8zj2V3N9jK76HUzYRO1wCAXKxH/view
순천향대학교,univ,2026_or_older,,,국제교육교류처 외국인 입학(학사) 페이지에서 다운로드 모집요강이 '순천향대학교 2026학년도 2학기 외국인 신편입학 특별전형 모집요강 ENGLISH.pdf'로 2026학년도 2학기 버전. 2027 없음.,2026_or_older,https://sgee.sch.ac.kr/lib/download_user.php?file_name=2026%ED%95%99%EB%85%84%EB%8F%84%20%ED%95%9C%EA%B5%AD%EC%96%B4%EA%B5%90%EC%9C%A1%EC%9B%90%20%ED%95%99%EC%83%9D%20%EB%AA%A8%EC%A7%91%EC%9A%94%EA%B0%95(%ED%95%9C%EA%B5%AD%EC%96%B4).pdf&save_file=main_2026-02-001.pdf&meta=free,순천향대학교 한국어교육원 학생 모집요강 (한국어) - 2026학년도,모집요강 PDF is 2026학년도 한국어교육원 학생 모집요강; no 2027 guide yet,2026_or_older,https://gradu.sch.ac.kr/boards/lists/sub03_04,순천향대학교 대학원 공지사항 (최신: 2026학년도 후기 대학원 외국인 유학생 모집 안내 / Fall 2026),대학원 외국인 유학생 모집 안내가 Fall 2026(2026.05.07)까지. Spring 2026(2025.05)도 있음. 2027 모집요강 미게시.,https://sgee.sch.ac.kr/guide/guide03.php,https://drive.google.com/file/d/1NCnIz08oLdULvQ6if5K4Ty-D5KbKj_e2/view,https://drive.google.com/file/d/1ESlZmB01VVTAy0hKCLZSUIOlppgSIPHu/view
숭실대학교,univ,2026_or_older,,,입학처 순수외국인 모집요강 페이지의 현재 게시 가이드가 '2026-2학기 순수외국인 신편입학 모집요강'(KOR/ENG/CHI/JPN/VIE). 공지에 2028/2027학년도 전형시행계획 PDF는 있으나 외국인 모집요강은 2026-2가 최신. 2027 없음.,2026_or_older,,,등록안내 shows 2026년도 4학기 schedule; latest recruitment notice is 2026 봄학기; no 2027,2026_or_older,https://grad.ssu.ac.kr/admission/international/,숭실대학교 일반대학원 외국인 특별전형 안내 (Fall 2025 List 기준),외국인 특별전형 안내 페이지가 Fall 2025 기준. 일반대학원 공지 최신 2026학년도 후기 수시모집(내국인). 2027 외국인 모집요강 미게시.,https://language.ssu.ac.kr/,https://drive.google.com/file/d/169mP0_d_6vpeOc6jEb2i_S1glUjLmEoD/view,https://drive.google.com/file/d/1Yli-nSTha1wZt_EFTX0elqs8xm-C_BYa/view
신경주대학교,univ,2026_or_older,,,외국인 모집 요강 페이지의 한글/영문 PDF가 모두 '2026학년도 2학기 신·편입학 외국인 특별전형 모집요강'. 외국인 공지사항도 2026학년도 2학기 모집일정(2026-04-13)이 최신. 2027 없음.,error,,,korean.gu.ac.kr is dead/repurposed (serves Dong-A University content; https fails with SSL error); actual school at sgu.ac.kr has 한국어학당 under 국제교류처 but no separate admission guide page found,?,,,,http://korean.gu.ac.kr/,,https://drive.google.com/file/d/1G5SozN_A6gL21p8WySuq7tt95ljtUrcj/view
신라대학교,univ,none,,,,2026_or_older,,,Notice board latest = '2026학년도 2학기 외국인유학생 어학연수 모집요강' (2026-04-29); no 2027 guide yet,?,,,,https://skli.silla.ac.kr/,,
신한대학교,univ,2026_only,,,,2027_guide,https://www.shinhan.ac.kr/kr/178/subview.do,한국어과정 수업일정 (2027 봄/여름/가을/겨울 전체 학기 일정),한국어과정 페이지에 2027년 봄~겨울 전체 학기 일정 및 등록마감일 게시,?,,,,https://www.shinhan.ac.kr/kr/281/subview.do,,
아신대학교,univ,2026_or_older,,,재외국민과외국인 모집요강 PDF(AdmissionGuide_0.pdf) 내용이 '2025학년도 재외국민과외국인 특별전형 모집요강'(26쪽). 대학 자체 사이트 최신은 2025학년도로 2026/2027 가이드 없음.,2026_or_older,,,"자료실 최신 모집공고가 2026년 3월 개강반 (2025-11-13 등록), 2027 공고 없음",?,,,,https://www.acts.ac.kr/design/contents10.asp?code=15151115&left=acts6_2,,https://drive.google.com/file/d/1wMaECgfpX4jyWtxJaM9HvW92oW0SJ97Z/view
아주대학교,univ,2026_or_older,,,외국인유학생 입학정보 학부 공지 게시판 최신 모집요강이 '2026학년도 1학기(3월 입학) 순수외국인입학전형 모집요강(4개국어)'(2025-10-10). 2027학년도 가이드 미게재.,2026_or_older,,,"한국어과정 모집요강 최신 2026 (한/영/중/베, 2025-10-23 등록), 2027 미게재",2026_or_older,http://www.ajou.ac.kr/gs/admission/guide-download.do,아주대학교 일반대학원 모집요강 다운로드 (최신: 2026학년도 후기 / Fall 2026 ENG & KOR),외국인입학 모집요강 및 입시일정이 2026학년도 후기(Fall 2026) 기준. 2027 모집요강 미게시.,http://www.ajou.ac.kr/iadmissions/korean/course.do,https://drive.google.com/file/d/1_gs1PT3v_B99X3qUyTy0U3U-0Kw4WV_i/view,https://drive.google.com/file/d/1m1Mzg-xtx-1s7-ArMBD1b6MfqOgGQQJp/view
안양대학교,univ,2026_or_older,,,국제교류원 글로벌입학팀 학부 모집요강이 '2026학년도 후기 외국인 전형 모집요강(학부)' PDF(2026-2). 공지 최신은 2026학년도 9월 입학 합격자 발표(2026-07). 2027 없음.,?,,,,2026_or_older,https://www.anyang.ac.kr/grad/entrance/recruitment-guidelines.do,2026학년도 후기 안양대학교 대학원 모집요강 (일반전형 및 정원외 외국인전형),일반대학원 홈페이지 모집요강 페이지의 최신 파일이 2026학년도 후기(정원외 외국인전형 포함) PDF (Scribd 사본으로도 확인). 2027학년도 전기 모집요강 미게시 - 2026년 하반기 중 공지 예상.,,https://drive.google.com/file/d/1tf9CZwASQLzgIo1KQeFvDtWRpxwpXVc6/view,https://drive.google.com/file/d/1kWe8HM6_TqwkYzehsptVY51uvzwOathQ/view
연세대학교,univ,2027_adiga,adiga_2027 (downloaded),,,2026_or_older,,,"정규과정/대학한국어과정 학비 2026 안내, 공지 최신 2026 브로슈어 (2026-01-09), 2027 없음",2027_guide,https://graduate.yonsei.ac.kr/graduate/admission/forein_schedule.do,2027학년도 대학원 전기(2027년 3월 신입학) 외국인전형 입시일정 (Graduate School Admissions for International Students),"대학원 홈페이지 외국인전형>전기 페이지에 2027 전기(2027.3) 외국인전형 일정 실시간 확인: 원서접수 2026.10.7~10.14, 구술 11.14, 최종합격 12.4. 2027학년도 전기 모집요강 PDF는 9월 중 공지 예정(현재 2026 요강 참고용 PDF 게시). 김박사넷 대학원생모집 2027 전기 외국인전형 일정과 동일 날짜 확인.",https://www.yskli.com/course.php?mid=K01_02,https://drive.google.com/file/d/1oTKi4-iU1SL7Ly6d0IoBScFjjlTT7CWf/view,https://drive.google.com/file/d/1lge5cyJgikZdzIfJN-fBdd0AcOgXzrnD/view
영남대학교,univ,2027_adiga,adiga_2027 (downloaded),,,2026_or_older,,,"메인 일정 2026 봄~겨울 (겨울 2026.12~2027.2), 2027학년도 가이드 없음",2026_or_older,https://engraduate.yu.ac.kr/engraduate/admissions/admission-guideline.do,"1st Round Application - 영남대학교 대학원 외국인 입학 (Application Schedule 2026.3.30~4.27, Fall 2026)","대학원 영어 홈페이지 1st Round Application 페이지: 원서접수 2026.03.30~04.27, 결과 2026.05.27, 등록 2026.06 - 2026학년도 후기(Fall 2026) 입학전형. 지원 포털(uwayapply 2026/foreign/yuforeign). 2027학년도 전기 외국인 모집요강 미게시.",https://www.yu.ac.kr/kli/index.do,https://drive.google.com/file/d/1yaLFB85l_LzzkegR83bLrp6RFwLD9KZ5/view,https://drive.google.com/file/d/1FGCoMSsX3KMgEfl_S0SQZvMt178pniwP/view
영남신학대학교,univ,2027_adiga,adiga_2027 (downloaded),,,unknown_year,,,"일정소개 페이지에 연도 없는 일반 일정, 모집안내 비어있음, 공지 최신 2026 강사채용, 2027 가이드 없음",?,,,,http://langytus.tcubemnet.com/content/38,,https://drive.google.com/file/d/15ud_qViiDAiiTnRSHNQpTAhmGQJPFu8F/view
영산대학교,univ,unknown_year,,,영문 국제입학(Rercruitment & Admission Guide) 페이지는 지원자격·제출서류·절차만 기술된 상시 안내 페이지로 연도 표기 및 연도별 모집요강 PDF 없음. 국문 입학처(ipsi.ysu.ac.kr)는 내국인 전형 일정만 게재. 2027 여부 확인 불가.,2026_or_older,,,"학사일정 최신 2025학년도 (겨울 2025.12~2026.2), 공지 최신 2026, 2027 가이드 없음",?,,,,https://klec.ysu.ac.kr/,,https://drive.google.com/file/d/1-Vk-TUIQB3D-WZH6ONPXo6B8gjgeQlEt/view
영산선학대학교,univ,unknown_year,,,"대학 자체 사이트 입학안내에 외국인 전형 항목이 없고, 입학자료실 게시물은 2027학년도 수시 원서·개인정보동의서 등 내국인 서식뿐. 외국인 유학생 모집요강 미확인(불교계 소규모 대학).",?,,,,?,,,,,,https://drive.google.com/file/d/1MTb4hKLsV_897ERqXTWRrNDsyzuqo8Ff/view
예수대학교,univ,2027_adiga,adiga_2027 (downloaded),,,?,,,,?,,,,,,https://drive.google.com/file/d/1SzzCTzEIyolEqrzNj8ikkkT7wwzyySeJ/view
예원예술대학교,univ,2026_or_older,,,입학홍보처 재외국민과외국인 모집안내 페이지의 모집요강 PDF가 '예원대_2026학년도 외국인유학생 모집안내20p(웹용).pdf'(2026). 2027 가이드 없음.,2026_or_older,,,"한국어 연수과정 일정 최신 2026 봄~겨울 (겨울 2026.12~2027.2), 2027 가이드 없음",?,,,,https://www.yewon.ac.kr/main/?menu=495,,https://drive.google.com/file/d/1ONiyeYsgzimgd7J4SiP9pnyu4Ym-FP0_/view
용인대학교,univ,2026_or_older,,,입학관리과 외국인(수시/정시/편입) 페이지의 최신 모집요강이 '2026학년도 9월 입학 외국인(부모 모두 외국인인 외국인) 특별전형 신입생 모집요강'. 2027학년도 외국인 가이드 없음.,2026_or_older,,,"모집요강 최신 2026학년도 봄학기 (2025.10.29), 2027 없음",?,,,,https://language.yongin.ac.kr/,,https://drive.google.com/file/d/1r-Dse5TRu9MxWtuoDojnkpew53ijhbOG/view
우석대학교,univ,2026_or_older,,,입학처 재외국민과외국인 모집요강 목록이 2022~2026학년도까지이며 2027 없음. 또한 공지(2025-04-21)로 2027학년도부터 '재외국민과 외국인 전형' 모집 중지(순수외국인전형만 국제교류처 글로벌교육지원센터 global.woosuk.ac.kr에서 운영)라고 명시. 순수외국인 2027 가이드도 미게재.,?,,,,?,,,,,,https://drive.google.com/file/d/1W5PWPJpUK8lVhAOGZhMz5OhyLpmOsdh_/view
우송대학교,univ,2027_adiga,adiga_2027 (downloaded),,,2027_guide,https://wkli.wsu.ac.kr/story/page/index.jsp?code=wkli020101a,어학연수 정규반 수업 안내 (2027 봄/여름/가을/겨울 학기 일정·지원기간),커리큘럼 페이지에 2027학년도 전 학기 일정·지원기간 게시,unknown_year,,,여러 검색에서 대학원 외국인 모집요강을 온라인에서 찾지 못함. 게시된 외국인전형 요강(ent.wsu.ac.kr 재외국민/외국인 게시판)은 모두 학부(재외국민과 외국인 특별전형)용. 우송대 대학원(철도융합대학원 등) 외국인 입학 안내는 별도 공개된 가이드 없이 국제교류처/대학원 문의 방식으로 보임. 2027 대학원 외국인 요강 존재 확인 불가.,https://wkli.wsu.ac.kr/,https://drive.google.com/file/d/1GM-hjdMRXN6Amwgmiyhgq2PgYqObLtY-/view,https://drive.google.com/file/d/15RRIP2qybRzwDzcPQk2gyhPaDpP9vfSV/view
울산대학교,univ,unknown_year,,,공식 입학처(iphak.ulsan.ac.kr)에는 2027학년도 대학입학전형시행계획 변경안(일반전형)만 확인됨. 국제교류처(international.ulsan.ac.kr)에는 한국어교육센터 모집요강만 있음. 2027 외국인/국제학생 모집요강은 공식 사이트에서 찾지 못함.,2026_or_older,,,"공지 최신 2026 Fall Admission Guideline (2026-04-14), 2027 모집요강 없음",2026_or_older,https://grad.ulsan.ac.kr/grad/3334,울산대학교 일반대학원 입학안내 - 2026학년도 전기 입학전형 일정 (외국인특별전형은 International Students Admission Guide 참조),"일반대학원 홈페이지 전기모집 페이지에 2026학년도 전기 일정 실시간 확인(원서 2025.11.10~14). 일반전형 외국인 입학과 외국인특별전형 구분 안내, 외국인특별전형은 English Admission Guide 참조. 2027 전기 일정/요강 미게시.",https://international.ulsan.ac.kr/international/405,https://drive.google.com/file/d/1-siT2ZDk2Ku-5IOGOimku5QmaEbiwVMd/view,https://drive.google.com/file/d/1SBW2_LS2AmbsqXEHRcXlKpC0xDLOjFCK/view
원광대학교,univ,unknown_year,,,공식 입학처(ipsi.wku.ac.kr)에 2027학년도 입학전형 시행계획 및 2027 서류 공지(특성화고/농어촌 등 일반전형)는 있으나 외국인/재외국민 모집요강은 확인되지 않음. wgs.wku.ac.kr 외국인 페이지는 일반대학원(2026 후기)용.,2026_or_older,,,"한국어연수 모집요강 최신 2026 (2026-03-23 국문), 2027 없음",2026_or_older,https://wgs.wku.ac.kr/?page_id=297,원광대학교 일반대학원 외국인전형(Foreigner) - 2026학년도 후기(1차) 모집 일정 안내,일반대학원 홈페이지 외국인전형 페이지에 2026학년도 후기(1차) 일반대학원 모집 일정 안내 게시 확인. 2026-1 대학원 모집요강 PDF 확인. 2027학년도 외국인전형 요강 미게시.,https://ipsi.wku.ac.kr/submenu.do?menuurl=8pYtphfeWm2Bb85hdKCTcQ%3D%3D&,https://drive.google.com/file/d/13-0xOtWSKILgBYV80HGaVeogcadfjeMJ/view,https://drive.google.com/file/d/1HV5EUbEqbetWnJA60whnfB0IBS0fwMmD/view
위덕대학교,univ,none,,,,2026_or_older,,,"한국어과정 안내에 연도 없는 일반 일정, 공지 최신 2026, 2027 가이드 없음",?,,,,https://lang.uu.ac.kr/sub_5/index3.php,,
유원대학교,univ,2026_or_older,https://www.u1.ac.kr/global/admissions/recruitment.do,유원대학교 2026학년도 후기 모집요강 (kor/eng),국제교류원 모집요강 페이지에 공식 2026학년도 후기 모집요강(한국어/영어 PDF)만 게시됨. 2027 외국인 모집요강은 아직 공식 사이트에 없음.,2026_or_older,,,"모집요강 최신 2026학년도 유원대 한국어교육원 (한/베/러), 2027 없음",unknown_year,,,국제교류원 공식 페이지(u1.ac.kr/global/admissions/typical-schedule.do)에 '대학원 과정에 지원하실 분은 일반대학원 또는 특수대학원 교학팀으로 직접 문의'라고 명시 - 온라인 대학원 외국인 모집요강을 게시하지 않음. 게시된 모집요강(2026 후기)은 학부용. 2027 대학원 외국인 요강 온라인 존재 확인 불가.,https://www.u1.ac.kr/global/education/greetings.do,https://drive.google.com/file/d/13dpa1enYwLZJiXll6JZdRPAoRs8lCpBQ/view,https://drive.google.com/file/d/1BoGHXBFebQ9IgI76OEznNzyTau8j2Ltc/view
을지대학교,univ,2027_adiga,adiga_2027 (downloaded),,,unknown_year,,,"국제언어교육팀 사이트 콘텐츠 오래됨(2021-2022 영어과정 위주), 한국어과정 모집요강 미게재, 2027 없음",2026_or_older,https://grad.eulji.ac.kr/?menuno=3854,일반대학원 모집요강(외국인) - 최신 2026학년도 1학기 일반대학원 외국인 모집요강,일반대학원 홈페이지에 '모집요강(외국인)' 전용 메뉴 존재. 2026-1 일반대학원 외국인 모집요강(한/중/영) PDF 확인(Scribd 포함). 2027학년도 전기 외국인 요강 미게시(2026 하반기 공지 예상).,http://eulji.ac.kr/cile/,https://drive.google.com/file/d/1v3ZubgRBMJUxbJ4KGjKQ1IpnFSFLJSzn/view,https://drive.google.com/file/d/1oMJQEgyNNTEDcTkOyFVjha-jk_j6HOr5/view
이화여자대학교,univ,2027_own,https://admission.ewha.ac.kr/admission/html/main/intro.asp,2027학년도 재외국민 특별전형 모집요강(3월 입학),"공식 입학처 공지(2026-05-28)에 '2027학년도 재외국민 특별전형 모집요강(3월 입학)' 게시 확인. 단, 재외국민(해외동포) 특별전형이며 일반 외국인전형과는 별개.",2026_or_older,,,Notice board all 2026; latest schedule 2026 winter (26.12~27.02); no 2027 guide yet,2027_guide,https://isa.ewha.ac.kr/oisa/1441/subview.do,Spring 2027 Admissions Guide for International Applicants (Undergraduate & General Graduate School) - 2027학년도 1학기 외국인 신입학 모집요강,"국제학생팀(isa.ewha.ac.kr) Admissions Overview에 2027학년도 1학기(2027년 3월 입학) 외국인 신입학 일정 게시 확인: 원서접수 2026.9.2~10.8, 면접 10.24, 최종합격 2026.12.18, 등록 2027.1. 일반대학원 석사/석박통합/박사 명시 포함(2027년 2월 학위취득예정자 기준, TOPIK 4급/영어 요건).",https://elc.ewha.ac.kr/elc/main.do,https://drive.google.com/file/d/1k6RMrUJxhCWrE0ZWU9BbUSgrhmiL99ST/view,https://drive.google.com/file/d/1Kca_KxtMy2dGlbqMP14fxTEvSYcUOvP1/view
인제대학교,univ,2027_adiga,adiga_2027 (downloaded),,,2027_guide,http://korean.inje.ac.kr/M02/M02_S01.php,입학안내 (ADMISSION) — 2027 봄/여름/가을/겨울 일정 포함,입학안내 페이지에 2027학년도 4개 학기 일정 게재 (2027 봄~겨울),2026_or_older,https://graduate.inje.ac.kr/,2026학년도 후기 대학원 입학전형 학생 모집 안내 (외국인전형 포함),일반대학원(graduate.inje.ac.kr) 최신 공지 2026학년도 후기(원서 2026.6.2~6.17) 및 2026 전기 대학원 외국인특별전형 국문 모집요강 확인. 2027학년도 전기 외국인 요강 미게시.,https://korean.inje.ac.kr/,https://drive.google.com/file/d/1Htw1gW_ng3Okv6W0SW5ps_L0wPg9HqBj/view,https://drive.google.com/file/d/1if0EcSQlpAYb_tjwV8k9UVmF1Oq5CGlj/view
인천가톨릭대학교,univ,2026_or_older,https://shin.iccu.ac.kr/bbs/bbs.php?boIdx=353&code=notice&ct=%ED%95%99%EC%82%AC&mode=v,2026학년도 인천가톨릭대학교 신학대학 신학과 외국인특별전형 모집요강,"공식 사이트에서 확인된 외국인 모집요강은 신학대학 신학과 외국인특별전형(2026학년도, 2025-09-29 공지)뿐. 2027 외국인 모집요강은 확인되지 않음.",?,,,,?,,,,,,https://drive.google.com/file/d/1321E0VCU637TfZOrAjQq805JoDgU0450/view
인천대학교,univ,2026_or_older,https://www.inu.ac.kr/global/13628/subview.do,2026.9 Undergraduate Admissions / 학부과정 외국인 입학안내 (2026.9월 학기),"공식 사이트에서 2026 외국인 입학 안내(2026.9 학기, 2026 후기 부모 모두 외국인 특별전형) 확인. 입시안내(admission.inu.ac.kr)에 '재외국민 및 외국인 입학 모집요강' 메뉴가 있으나 공식 도메인에서 2027 외국인/재외국민 모집요강 직접 확인 실패(제3자 사이트에만 2027 재외국민 요강 언급).",2026_or_older,,,Calendar ends at 2026 Winter (Dec07~Feb17 2027); notices all 2026; no 2027 terms yet,2026_or_older,https://www.inu.ac.kr/bbs/global/3153/369001/download,2026학년도 전기 대학원 외국인 신입학전형 모집요강,국제교류처 글로벌 게시판에 2026학년도 전기 대학원 외국인 신입학전형 모집요강 PDF 확인(석사/박사/석박통합). 2027학년도 전기 요강 미게시(2026 하반기 공지 예상).,https://korean.inu.ac.kr/inukli/6853/subview.do,https://drive.google.com/file/d/1s3BjOoFeZfKQOBp78EaM6byeN1eMuzdg/view,https://drive.google.com/file/d/1E97ROSFnoZg1hR1efhBB1JX29OOX2RPI/view
인하대학교,univ,2027_adiga,adiga_2027 (downloaded),,,2026_or_older,,,Program calendar ends 2026 Winter; Application form is '2026 Application form'; no 2027,2026_or_older,https://internationalcenter.inha.ac.kr/bbs/internationalcenter/2499/180066/artclView.do,인하대학교 대학원 2026학년도 2학기(후기) 외국인 일반전형 모집 안내 (Fall 2026 International General Admission),"대학원 외국인 전형은 '외국인 일반전형(International General Admission)'으로 국제센터에서 운영 - 최신 공지가 Fall 2026(원서 2026.4.14~5.11, 합격 6.30). 주의: 국제센터 게시판의 '2027학년도 1학기 외국인 특별전형 모집요강'(2026.05.27)은 PDF 확인 결과 학부(외국인 신편입학) 전용이며 대학원 아님. 2027 대학원 외국인 요강 미게시.",https://ltc.inha.ac.kr/,https://drive.google.com/file/d/1jSg9U3p3D7xKIns8EyPZ6lfJJY_B9Hpi/view,https://drive.google.com/file/d/1ghN_cuQ0VZpff5WchwT3HJpeXATdmPJA/view
장로회신학대학교,univ,2027_adiga,adiga_2027 (downloaded),,,2026_or_older,,,언어교육원은 영어/독일어/고전어 강좌만 (신학대상); 한국어과정 모집요강 없음; 공지 26-가을학기,2027_guide,https://www.puts.ac.kr/main/iphak_annae_dw/2027/jeon_ilban_sinhak_seok_park.pdf,"2027학년도 전기 일반대학원 모집요강 (석·박사 통합과정 신학과, 정원외 외국인 전형)","2027학년도 전기 일반대학원 모집요강 PDF 확인. 신학과 석·박사 통합과정, 정원외(외국인) 전형 포함. 원서접수 2026.11.2~11.9, 등록 2027.1.13~15.",https://www.puts.ac.kr/pglc/,https://drive.google.com/file/d/1aUziDoqmgICIYWUCVreWZvcRTH88IKSn/view,https://drive.google.com/file/d/14wBxTcVpuL-X093jI_enmqpRmK_tnnz_/view
전남대학교,univ,2026_or_older,https://admission.jnu.ac.kr/WebApp/web/HOM/COM/Board/board.aspx?boardID=393&bbsMode=view&cate=1567&key=1796,2026학년도 재외국민과 외국인 특별전형 모집요강,"공식 입학 홈페이지에 2026 재외국민과 외국인 특별전형 모집요강 게시 확인. 동 게시글에 '2027학년도 재외국민과 외국인 특별전형 미시행(단, 순수외국인전형은 국제협력과에서 모집)' 명시. 따라서 2027 전용 외국인 모집요강 없음.",2027_guide,https://leckor.jnu.ac.kr/kr/SubPage.aspx?PageCode=020104,한국어 정규강좌 수업일정 — 2027년 봄/여름/가을/겨울 일정 게재,2027 정규강좌 일정 페이지 있음 (모집요강 PDF는 아직 2026 가을·겨울),2027_guide,https://international.jnu.ac.kr/Admission/Graduate,전남대학교 국제협력과 대학원 입학 (2027 Spring Semester Graduate Admission Schedule 게시),"국제협력과 공식 대학원 입학 페이지에 2027학년도 전기(2027 Spring) 입학일정 게시: 원서접수 2026.9.28~10.8(1차)/10.12~10.30(2차), 합격발표 2026.11.11/12.23. 아직 첨부 모집요강 PDF는 2026 후기 버전이나 2027 전기 일정 공지됨.",https://leckor.jnu.ac.kr/,https://drive.google.com/file/d/1jUo05idO8XXyFfg3zNcJGRybJTCXaJyW/view,https://drive.google.com/file/d/1zQfiv0d-EXi5AHv5asjLEs6U_LqkAAoJ/view
전북대학교,univ,2027_own,https://english.jbnu.ac.kr/bbs/english_/5744/393966/artclView.do,[학사] 2027학년도 재외국민 특별전형 모집 안내,"공식 도메인(jbnu.ac.kr) 공지(2026-06-17)로 2027학년도 재외국민 특별전형 모집 안내 확인(모집인원 정원 2%/81명, 원서접수 2026.7.6~7.10). 재외국민 특별전형 기준 2027 입학 안내 확정.",2026_or_older,,,연수과정 일정 2026 겨울(12.1~2.12)까지; 2027 학기 없음; 공지 모두 2026,2026_or_older,https://ioffice.jbnu.ac.kr/ioffice/31621/subview.do,"전북대 국제협력부 공지 (최신: [Graduate] 2026 Fall Semester Graduate School Admission Guide, 2026.03.25)",국제협력부 대학원 외국인 특별전형 공지 게시판 최신 모집요강은 2026학년도 후기(2026.03.25 게시). 2026 후기 1/2차 결과까지 발표. 공식 일정상 2027 전기 가이드는 2026년 9월경 게시 예정이므로 현재(2026.8) 2027 가이드 미게시.,https://top.jbnu.ac.kr/sites/lec_korean/index.do,https://drive.google.com/file/d/1grpqOxwz_BSJ9jn2DTtuSfZpPBzGEOED/view,https://drive.google.com/file/d/1DlWJZlIS-2-i9nn4eYE2Gp3Df94q1s6v/view
전주대학교,univ,2027_own,https://iphak.jj.ac.kr/iphak/international/resources.do?mode=view&articleNo=523485&title=2027%ED%95%99%EB%85%84%EB%8F%84+%EC%9E%AC%EC%99%B8%EA%B5%AD%EB%AF%BC+%EB%AA%A8%EC%A7%91%EC%9A%94%EA%B0%95+%EA%B3%B5%EC%A7%80,2027학년도 재외국민 모집요강 공지,"공식 입학처 International 게시판(2026-05-29)에 2027학년도 재외국민 모집요강 게시 확인(원서접수 2026.9.7~9.11, 합격발표 2026.11.20 예정).",2026_or_older,,,전형일정 2026학년도 봄/여름/가을/겨울 4학기만; 2027 없음,2026_or_older,https://graduate.jj.ac.kr/graduate/apply/guidelinesf.do?mode=list,전주대학교 대학원 입학안내(외국인) 모집요강(외국인) 게시판 (최신: [모집종료] 외국인유학생 2026-2학기 신입생 모집요강),대학원 외국인 모집요강 게시판에 2026-2학기(2026.03.27 게시) 하나만 등록. 2027-1학기 가이드는 통상 9~10월 게시 예정으로 현재 미게시. 일반대학원 국제학생 문의 063-220-4735.,https://oia.jj.ac.kr/oia/kec/entrance.do,https://drive.google.com/file/d/1zEhJ-nbzLQB-diowT34v1heojwivnz_9/view,https://drive.google.com/file/d/1zxMbdl3NJbHNJ4YHyCF253LDYbGmkGez/view
제주국제대학교,univ,2027_adiga,adiga_2027 (downloaded),,,2026_or_older,,,한국어과정 게시판 최신 모집요강이 2025학년도 (2024는 그 이전); 2026/2027 없음,2026_or_older,https://grad.jeju.ac.kr/grad/entrance/recruit.htm,제주국제대학교 대학원 모집요강/원서다운 게시판 (최신 공지: 2026학년도 전기 특수대학원 신입생 모집요강_외국인전형),대학원 모집요강 게시판 최신: 2026학년도 전기 특수대학원 외국인전형(2026.01.14). 일반대학원 외국인전형 게시물은 2023학년도 전기가 최신. 2027 전기 가이드 미게시.,https://www.jeju.ac.kr/jejuie/korean.htm,https://drive.google.com/file/d/18cS5AJ2-V-AR4PpUVQ4B5qiHWYDHb7ZF/view,https://drive.google.com/file/d/1TCDb2f-K36zws28u6RVLSM_4kdks2-2_/view
제주대학교,univ,2027_adiga,adiga_2027 (downloaded),,,2026_or_older,,,한국어과정 신청 최신 = Fall 2026; 2027 한국어과정 가이드 없음 (2027 공지는 교류/장학),2026_or_older,http://intl.jejunu.ac.kr/intl/admission/graduateschool/graduate.htm,제주대학교 국제교류처 모집요강 - 대학원 (2026학년도 대학원 재외국민 및 외국인 특별전형 모집요강),국제교류처 대학원 모집요강 페이지 최신: 2026학년도 대학원 재외국민 및 외국인 특별전형 모집요강(한국어/영어). 2027학년도 전기 가이드 미게시(통상 9~10월 게시 예정).,https://intl.jejunu.ac.kr/intl/koreanlanguage.htm,https://drive.google.com/file/d/1G9RiLVFZtvHYxNzJ_2FXupuIF_WUcXOc/view,https://drive.google.com/file/d/1mwhEpppRTnCuE72Mwwc8w69EXBsUxofc/view
조선대학교,univ,2026_or_older,https://www3.chosun.ac.kr/bbs/global/424/276714/artclView.do,[KOR] 2026학년도 2학기 학부 외국인특별전형 모집요강,공식 국제협력팀 공지(2026-03-30)로 2026학년도 2학기 학부 외국인특별전형 모집요강 확인. 2027학년도 외국인 모집요강은 공식 사이트에서 찾지 못함.,2026_or_older,,,한국어학당 공지 게시판 비어있음; 강좌안내에 연도 없음; 메인 공지는 26학년도,2026_or_older,https://global.chosun.ac.kr/bbs/global/425/276679/artclView.do,2026학년도 후기 대학원 외국인특별전형 모집요강 (2차 모집),국제협력팀 게시판 최신 대학원 외국인특별전형 모집요강은 2026학년도 후기(2026.03.27 게시) 및 2026 전기(1/2차). 2027 전기 가이드 미게시(통상 9~10월 게시 예정).,https://lei.chosun.ac.kr/,https://drive.google.com/file/d/1V3X_ck4L0V_GDVBNmHZLmmW7chZdN5X9/view,https://drive.google.com/file/d/1p4w6hpZZuOqH-6nrUB8WTanhFe-VGU5v/view
중부대학교,univ,unknown_year,https://www.joongbu.ac.kr/menu.es?mid=a60401000000,모집요강 | 외국인 (입학 홈페이지),공식 입학 홈페이지에 '외국인' 모집요강 메뉴 존재하나 콘텐츠가 동적 렌더링되어 추출 실패. 2027학년도 수시모집요강(일반전형)은 공식 확인. 일반대학원 외국인 특별전형 모집요강은 2026년 버전. 2027 학부 외국인 모집요강은 확인 불가.,2026_or_older,,,한국어연수과정 모집요강 6개 언어 모두 2026년; 2027 없음,2026_or_older,https://www.joongbu.ac.kr/board.es?mid=a70108010300&bid=0529&act=view&list_no=333739,2026학년도 후기 신입학 대학원 외국인 특별전형 모집요강 (일반대학원 외국인전형 입학자료실),"일반대학원 외국인전형 안내 입학자료실 최신: 2026학년도 후기(2026/04/28) 및 전기(2025/12/12) 모집요강, 영/중/베트남/우즈벡 다국어 가이드(2025/10/15). 2027 전기 가이드 미게시.",https://www.joongbu.ac.kr/menu.es?mid=a10104050500,https://drive.google.com/file/d/1MMF1Q0aKPvtY7nNZboM3GGfmeq16AM41/view,https://drive.google.com/file/d/1ScbBy4s_3umbv9Xguoo48Amn_76Vzl_x/view
중앙대학교,univ,2027_adiga,adiga_2027 (downloaded),,,2026_or_older,,,학사일정 2026 봄~겨울(12.07~27.02.16)까지만; 2027학기 없음,2026_or_older,https://oias.cau.ac.kr/cauoie/grad/notice.do,중앙대학교 국제교육지원팀 대학원 입학 공지사항 (최신: 2026학년도 후반기 일반대학원 외국인전형 모집 안내),국제교육지원팀 대학원 입학 공지 최신: 2026 후반기(9월 입학) 외국인전형 모집 안내(2026.04.21) 및 합격자 발표. OIA 게시판에도 2026 Spring/Fall Graduate School Admission Guide만 존재. 2027 전반기 가이드는 통상 2026년 9월말 게시 예정으로 현재 미게시.,https://korean.cau.ac.kr/korean/index.php,https://drive.google.com/file/d/1EGvXl9yN_qGoNbYIdwuPjHR0lufi1ukS/view,https://drive.google.com/file/d/1xfmfxQy9nnuq02T4XmgiA_hYrudFkVaV/view
중앙승가대학교,univ,unknown_year,https://admission.sangha.ac.kr/SANGHA/?ACT=ADMISSION_FRESH&FOR,중앙승가대학교 2027학년도 수시모집요강,공식 admission.sangha.ac.kr에 2027학년도 수시모집요강은 있으나 조계종 종립 승가대학으로 승가학과(사미·비구 등 출가자)만 모집. 2027 요강에 외국인/국제학생 전형은 없음 — 외국인 모집요강 자체가 존재하지 않는 것으로 판단.,?,,,,?,,,,,,https://drive.google.com/file/d/1iLFy41ArAaDVBt5bO-CYgozZXNAOtqzt/view
중원대학교,univ,2027_adiga,adiga_2027 (downloaded),,,2026_or_older,,,공지 최신 = 2026년 가을학기 모집요강; 2027 없음,?,,,,https://jwukorean.jwu.ac.kr/site/deptSiteView.jwu,,https://drive.google.com/file/d/14PgyA3Q3RkuOV20VlSLwBjnSMZfXGWj-/view
차의과학대학교,univ,2027_own,https://admission.cha.ac.kr/%EC%9E%AC%EC%99%B8%EA%B5%AD%EB%AF%BC-%EC%99%B8%EA%B5%AD%EC%9D%B8/%EC%9E%AC%EC%99%B8%EA%B5%AD%EB%AF%BC-%EA%B3%B5%EC%A7%80%EC%82%AC%ED%95%AD/?uid=3310&mod=document&pageid=1,"2027학년도 재외국민과 외국인 특별전형 모집요강 (배포용 PDF 첨부, 2026-05-29 공지)",입학안내 홈페이지 재외국민-외국인 공지사항에 2027학년도 재외국민과 외국인 특별전형 모집요강 PDF 게재 (첨부파일 배포용-차의과학대학교-2027학년도-재외국민과-외국인-특별전형-모집요강.pdf),?,,,,?,,,,,,https://drive.google.com/file/d/150S26IYVt5JPwnnSP0llGwmiehzpwH9-/view
창신대학교,univ,2027_adiga,adiga_2027 (downloaded),,,2026_or_older,,,한국어교육센터 페이지에 연도 표기 없음; 2027 모집요강은 학부 외국인 특별전형 (언어학교 아님); 활동 공지 2026학년도,2026_or_older,https://grad.cs.ac.kr/board/163/list,창신대학교 대학원 입학공지사항 (최신 공지: 2026학년도 후기 대학원 외국인 신입생 모집 안내 (모집요강)),대학원 입학공지 게시판 최신: 2026학년도 후기 대학원 외국인 신입생 모집 안내(모집요강)(2026-04-15) 및 후기 합격자 발표(2026-06-15). 2027 전기 가이드 미게시.,https://global.cs.ac.kr/,https://drive.google.com/file/d/1WXUPFrwuq3CjCaZ38GjeUy2_4RBBRHQY/view,https://drive.google.com/file/d/1E0YA0hS0lGakX-_53NMQaKsN-CYlmiEn/view
청운대학교,univ,2027_own,https://enter.chungwoon.ac.kr/enter/selectBbsNttView.do?bbsNo=4&key=128&nttNo=731542,2027학년도 부모가 모두 외국인 전형 모집요강 (PDF 첨부: downloadBbsFile.do?atchmnflNo=98618),입학처 공지사항에 2027학년도 부모가 모두 외국인 전형 모집요강 PDF 게시,?,,,,?,,,,,,https://drive.google.com/file/d/1S3O21P6DuAc-Ym6Rn9zZcQDdC__Fnv0q/view
청주대학교,univ,2027_adiga,adiga_2027 (downloaded),,,unknown_year,,,"URL is static org info page for 한국어교육센터; no admission guide published anywhere on site (자료실 empty, 입학안내 pages are static undated info)",2026_or_older,https://www.cju.ac.kr/ggrad/contents.do?key=1236,청주대학교 일반대학원 재외국민·외국인 입학전형 전형일정 (최신: 2026학년도 후기 1차 신입생 모집),일반대학원(ggrad) 재외국민·외국인 입학전형 전형일정 최신: 2026학년도 후기 1차(원서 2026.5.18~5.21). 입학공지 게시판에 2026 후기 재외국민·외국인 모집 안내까지. 2027 전기 가이드 미게시.,https://www.cju.ac.kr/www/contents.do?key=6809&,https://drive.google.com/file/d/1GJCpO3THC0a6JOafVBx9f8_uHYjZcH9n/view,https://drive.google.com/file/d/1qEg3Djzkk3aw5pfGEabwxlyBbHzxGR1T/view
초당대학교,univ,2026_or_older,,,"국제교류교육원 모집요강 페이지는 2021년 이후 비어있고, 최신 외국인 모집요강은 2026학년도 후기 외국인 유학생 신편입생 특별전형(2026-07-27 공지). 2027 외국인 모집요강 없음 (입학안내의 2027 수시모집요강은 내국인 전형)",2026_or_older,,,모집요강 page (ILEC_C07010100) is essentially empty/updated 2021; notice board latest is 2026-08; no 2027 guide found,2026_or_older,https://graduate.cdu.ac.kr/mod/board/view.do?MID=GRADUATE_B05010100&DOC_NO=176335545776498&page=1,2026학년도 전기 대학원 신편입생_외국인_계약학과 모집 안내 (첨부: 2026학년도 전기 대학원 외국인 유학생 신입생 모집요강),대학원 공지사항 최신: 2026학년도 후기 신·편입생 모집(2026-05-18) 및 2026 전기 외국인 유학생 모집요강(2025-11-17). 2027 전기 가이드 미게시.,https://ilec.cdu.ac.kr/,https://drive.google.com/file/d/1pEDEiJN2dzJGcBuGNYHBnDtb6eMW_OM1/view,https://drive.google.com/file/d/1pk9kWuII1WQObfJ_Xid89CCh45Wsigrk/view
총신대학교,univ,none,,,,2026_or_older,,,Latest notice is 2026년 가을학기 정규과정 신청 안내 (2026-07); no 2027 guide,?,,,,https://iie.csu.ac.kr/,,
추계예술대학교,univ,none,,,,2026_or_older,,,정규과정 page shows 2025 학사일정 (봄 2025.03.11~겨울 2025.12.09); 모집요강 다운로드 link is broken local path (file:///D:/...2024학년도...pdf),?,,,,https://www.chugye.ac.kr/mbs/university/subview.jsp?id=university_150203000000,,
충남대학교,univ,2026_or_older,,,국제학생 학부 전용 페이지의 모집요강 PDF가 Spring 2026 / Fall 2026 (2026학년도 전·후기 외국인전형). 2027 모집요강 미게시,2026_or_older,,,입학안내 page has no year; 한국어공지 board latest 2026학년도 여름/가을학기 posts; no 2027,2027_guide,http://osaka-koredu.or.kr/bbs/board.php?bo_table=consult&wr_id=77&page=1,2027학년도 전기 CNU-ASIA 대학원생 특별전형 모집요강 (Application Guide for International Students),"2027학년도 전기 CNU-ASIA 대학원생 특별전형 모집요강 published 2026-08-03 (for 2027 spring entry, 30명 이내, application by 2026.9.11). Special track (원장추천제) run by CNU international office. CNU's official grad admission site is ipsi.cnu.ac.kr/html/gadm/. General graduate 전기1차 모집요강 PDF on official site appears to be 2026학년도 (file date Sep 2025), so general 2027 guide not yet posted.",https://dream.cnu.ac.kr/,https://drive.google.com/file/d/1msqudBRZcVNNcf7KWX1yUJN5DwmFh0MN/view,https://drive.google.com/file/d/1GD2MrwkaAzEzQuSYyRaPXv8X57ulN7RL/view
충북대학교,univ,2026_or_older,,,국제교류본부 Admission Guide & Forms 최신 = 2026학년도 후기(2026 Fall) 외국인특별전형 모집요강. 2027 전기 모집요강은 2026.10월경 공지 예정이라 명시,2026_or_older,https://oia.cbnu.ac.kr/language/sub.do?menukey=7802,입학신청 Admission (모집일정),"Admission page 모집일정 lists up to 2026 겨울 (개강 26.12.01, 종강 27.02.12); no 2027 semester listed yet",2026_or_older,https://ipsi.cbnu.ac.kr/gra/BBSMSTR_000000000031/21891/view.do,2026학년도 대학원(일반대학원) 입학전형 기본계획 안내,OIA (oia.cbnu.ac.kr) explicitly states 'The guideline for 2027 Spring admission will be announced on our website in mid-Oct. 2026'. Latest published grad admission plan is 2026학년도 (posted 2025-08-11). No 2027 graduate foreign admission guide published yet as of 2026-08-25.,https://oia.cbnu.ac.kr/language,https://drive.google.com/file/d/1MMf8j3vWP_VIQ-XNJCREC3bc9hx8Jw5E/view,https://drive.google.com/file/d/1wDWSN49cMkFQEgmnDuhsXhbQZGj9tiL_/view
칼빈대학교,univ,2027_adiga,adiga_2027 (downloaded),,,2026_or_older,,,AdmissionGuide page only has 2022 posts (입시안내/Admission Schedule); notice board latest 2026 posts; no 2027,?,,,,https://calvininternational.co.kr/,,https://drive.google.com/file/d/1DLlQ_-xOE7JBu7hhGsuZT_X5_3Q3kJjg/view
평택대학교,univ,2027_adiga,adiga_2027 (downloaded),,,unknown_year,https://global.ptu.ac.kr/viewer/global/13/fileDown1/fileDownload.do,한국어연수과정 모집요강(한국어),"모집요강 page has PDF links (KOR/EN/VN/CN) but no year text on page; downloaded PDF (8MB, image-based) has no extractable year; notices latest 2026",2026_or_older,https://global.ptu.ac.kr/bbs/global/372/29628/artclView.do,2026학년도 후기 외국인특별전형 모집일정 및 모집요강 (학부/대학원),"PTU foreign admission board (global.ptu.ac.kr) latest graduate guide is 2026학년도 후기 (Fall 2026), posted 2026-05-04. No 2027학년도 전기 graduate foreign guide published as of 2026-08-25; 2027 전기 typically published ~Oct-Nov 2026.",https://global.ptu.ac.kr/global/6275/subview.do,https://drive.google.com/file/d/1gW7fRSO1B1nbteLwje6oAa4B9EXpu_UA/view,https://drive.google.com/file/d/1b2UJugLthxtF57rHJ2PtP_6gZTvU_zNl/view
포항공과대학교,univ,none,,,,2026_or_older,,,PICL 언어문화원 is an internal institute for POSTECH students (Graduate Korean/Practical Korean); latest notice 2026 Fall; no 외국인 admission guide,?,,,,https://picl.postech.ac.kr/,,
한경국립대학교,univ,2027_own,https://global.hknu.ac.kr/sites/Global/korean_language_program/Academic%20Year%202027.pdf,"2027학년도 전기 신·편입학 외국인 특별전형 모집요강 (Academic Year 2027 Spring, 한글+영문 PDF)",국제협력단 학부 입학 안내 페이지에서 2027학년도 전기 외국인 모집요강 PDF 다운로드 제공 (PDF 내용에서 2027학년도 전기 확인),2026_or_older,,,한국어 연수과정 page offers 2026학년도 brochures (KOR/EN/CN/VN/MN/RU); no 2027 material,2026_or_older,https://hknu.ac.kr/bbs/kor/72/95643/artclView.do,2026학년도 후기 대학원 신·편입생 모집 안내,HKNU graduate notice board (ipsi.hknu.kr m_type=GRAD) latest post is 2024학년도; main site 대학원 게시판 latest is 2026학년도 후기 (posted 2026-05-14). No 2027학년도 graduate guide (incl. foreign) published as of 2026-08-25. 2027 전기 expected ~Oct-Nov 2026.,https://global.hknu.ac.kr/,https://drive.google.com/file/d/1jA7JdpLrYjQX_x9sH2DL2EL6Ywnb360a/view,https://drive.google.com/file/d/1HiHUNNOOGjolrTcxonHIuFV4Im57b8vR/view
한국공학대학교,univ,2026_or_older,,,국제교육센터 공지사항의 외국인(부모 모두 외국인) 신·편입학 모집요강이 모두 '26학년도(2026). 2027 외국인 모집요강 미게시. 학부과정 입학안내는 연도 없는 절차 안내,2026_or_older,https://www.tukorea.ac.kr/bbs/iec/1333/152262/artclView.do?layout=unknown,[한국어학당] 26년 12월학기 모집요강 및 입학신청서 등 양식,Latest 한국어학당 notice is 26년 12월학기 모집요강 (2026.08.12); no 2027 semester guide yet,2026_or_older,https://graduate.tukorea.ac.kr/graduate/1162/subview.do,2026 후기 대학원 모집요강,TUKorea general grad school site (graduate.tukorea.ac.kr) 모집요강 page shows '2026 후기 대학원 모집요강' as latest. No 2027학년도 graduate guide (incl. foreign) published as of 2026-08-25.,https://www.tukorea.ac.kr/sites/iec/index..do,https://drive.google.com/file/d/1FfI_GR_8q4Nuu53Ma_2iVlPg2Go4Y9s3/view,https://drive.google.com/file/d/14ZAjzHE1E7_JIpI-UQUXKit1tK5VwoVu/view
한국성서대학교,univ,2027_own,https://ipsi.bible.ac.kr/file/oversea_korean_2027.pdf,"2027학년도 재외국민과 외국인 모집요강 (oversea_korean_2027.pdf, 재외국민 외국인 모집요강 페이지에서 다운로드)",입학안내 재외국민 외국인 > 모집요강 페이지에 2027 PDF 링크 직접 확인 (파일명 oversea_korean_2027.pdf),2027_guide,https://www.bible.ac.kr/ko/center/korean_greet,한국어과정 소개 (Information Brochure) - 2027년 학사일정,Page includes full 2027년 학사일정 (봄 2027.03.02 / 여름 2027.05.31 / 가을 2027.08.30 / 겨울 2027.11.22) for 한국어교육센터,?,,,,https://www.bible.ac.kr/ko/center/korean_greet,,https://drive.google.com/file/d/1bgOdOumm4_2QNbRgOUDRndXuTbaCpfaj/view
한국외국어대학교,univ,2027_own,https://international.hufs.ac.kr/sites/international/contents/files/2027spring/HUFS_2027-1_Admission_guide(KOR).pdf,2027 Spring HUFS International Undergraduate Admission Guide (2027학년도 3월 부모 모두 외국인 외국인특별전형(학부) 모집요강),국제입학관리팀 사이트에 2027 SPRING ADMISSION GUIDE (학부 KOR/ENG/CHN/JPN/VNM PDF) 게재 (2026-08-07 공지). PDF 내용에서 2027학년도 3월 입학 확인,2026_or_older,,,Homepage frame redirects to dep.hufs.ac.kr; shows 2026 가을학기 정규/통번역과정 모집; all notices 2026; no 2027,2026_or_older,https://gra.hufs.ac.kr/gra/17636/subview.do,2026학년도 후기 일반대학원 모집요강,HUFS general grad school (gra.hufs.ac.kr) 모집요강/모집일정 tabs currently show 2026학년도 후기. No 2027학년도 grad guide published as of 2026-08-25; 2027 전기 typically ~Sep-Nov 2026.,http://www.korean.ac.kr/,https://drive.google.com/file/d/1ZPwFYokBkvUFnroUMtNRuvQGqOZFc0hx/view,https://drive.google.com/file/d/1uw4TYnEbTA137UtynsPjB6zvboaWFjd0/view
한국체육대학교,univ,2027_adiga,adiga_2027 (downloaded),,,?,,,,2026_or_older,https://www.knsu.ac.kr/graduipsi/grad01/admission01.do,대학원 신입생 모집요강 (전기모집),KNSW graduate admission site (graduipsi) latest notices are 2026학년도 후기 (posted 2026-06) and 2026학년도 전기. No 2027학년도 graduate guide (incl. foreign/International Students) published as of 2026-08-25.,,https://drive.google.com/file/d/1Cc_YD95uxjA3jTU9zN2uysFqelm0Uzl0/view,https://drive.google.com/file/d/1wUXpIdXHVdIMAfUcE2mfV2LHQsj5JzZh/view
한국침례신학대학교,univ,2027_adiga,adiga_2027 (downloaded),,,?,,,,?,,,,,,https://drive.google.com/file/d/1FmDpd1MBH4Sx6uxwHMquUtICKHHPrwOe/view
한국항공대학교,univ,2026_or_older,,,입학처 Int'l Students Admission Guide 최신 = 2026학년도 수시외국인전형 모집요강. 공지사항의 2027학년도 안내는 재외국민(3년특례/전교육과정) 전형으로 순수외국인 2027 가이드는 미게시,2026_or_older,,,"한국어교육원 교육과정 page shows 정규학기 일정 2024.03~2025.02 (old, not updated); notices board 2026 posts are exchange programs not language guides",2026_or_older,https://grad.kau.ac.kr/admission/guide_f.php,2026 Fall 일반대학원 외국인 신입생 모집요강 (2026 후기),"KAU grad school foreign admission page (grad.kau.ac.kr/admission/guide_f.php) shows '2026 Fall Admission Schedule' with 2026 후기 일반대학원 외국인 신입생 모집요강. No 2027 guide published as of 2026-08-25. Note: 2027 재외국민과 외국인 특별전형 (undergrad) guide exists but that's 학부, not 대학원.",http://college.kau.ac.kr/web/pages/gc74994h.do,https://drive.google.com/file/d/1mKX2tkk5ak6CD-dqh9XqgPUVDc1OyE2J/view,https://drive.google.com/file/d/1jp_6ai7mziUlmgzHTUvfZWCmszwAnA7Y/view
한남대학교,univ,2026_or_older,,,"입학홍보처 외국인 신입학 페이지: 3월 전형 = (ENG) 2026 전기 외국인 신입학 모집요강, 9월 전형 = Fall 2026 Admissions Guide. 2027 미게시",2026_or_older,,,정규과정 admission page has generic semester schedule (no year); 공지사항 board latest 2026학년도 1학기 (2026-04); no 2027,2026_or_older,http://gra.hannam.ac.kr/wp-content/uploads/2026/06/2026학년도-후기추가-대학원-모집요강20260519.pdf,2026학년도 후기(추가) 대학원 모집요강 (2026 Fall additional),"Hannam general grad school (gra.hannam.ac.kr/guide/) 모집요강 download links are for 2026학년도 후기/추가 (2026 Fall, posted 2026-06) and 2026 Spring (posted 2025-11). No 2027학년도 grad guide published as of 2026-08-25.",http://cklks.hnu.kr/kor/admission/admission_01.html,https://drive.google.com/file/d/1dK5CK2okxVzk9tYn8J788lHa5oarlqO3/view,https://drive.google.com/file/d/1e7CIgdq9R7GK89avDQQ3x4ezl7pk4Jvb/view
한동대학교,univ,2027_adiga,adiga_2027 (downloaded),,,error,,,URL no longer serves Handong - redirects via sunmoon/tu.ac.kr frames to Sahmyook Univ(삼육대) Korean course page showing only 2025 dates.,?,,,,https://hgukorean.co.kr/,,https://drive.google.com/file/d/1zYzV_XZ43w1c3fOZusYe1rZClX4M41BA/view
한림대학교,univ,2027_own,https://admission.hallym.ac.kr/bbs/admission/957/386178/artclView.do,"2027학년도 재외국민및외국인 / 북한이탈주민전형 모집요강 (PDF 첨부: 2027학년도 한림대학교 재외국민및외국인, 북한이탈주민 모집요강(최종).pdf, 2026-05-29)",입학팀 공지사항에 2027학년도 재외국민및외국인/북한이탈주민전형 모집요강 PDF 게시 (다운로드: /bbs/admission/957/230165/download.do),unknown_year,,,"KLE reachable (sites/ path redirects; use /klec/). Admission pages generic: Yearly Program Schedule blank, How to apply has no year. No admission-guide notice found.",2026_or_older,https://grad.hallym.ac.kr/bbs/grad/290/375780/artclView.do,[입시] 2026년도 전기(2026년도 03월 입학) 대학원 신입생 모집 안내,"Hallym grad school (grad.hallym.ac.kr) latest admission notice is 2026학년도 전기 (posted 2025-10-21) plus 2026 전기 추가모집 (2025-12). No 2027학년도 grad guide (incl. foreign, handled via Global Engagement Center iao@hallym.ac.kr) published as of 2026-08-25.",https://cge.hallym.ac.kr/sites/klec/index.do,https://drive.google.com/file/d/1okzAC3ZA-r7D-9-rhr9GjYQvbPl_a7xv/view,https://drive.google.com/file/d/1ip5XMhSxJmzYqFk6nkXuRcYSKIaNeM4B/view
한서대학교,univ,2027_adiga,adiga_2027 (downloaded),,,?,,,,?,,,,,,https://drive.google.com/file/d/1zcdvuGck2BTcxtevRjihjNf62ghOpFRw/view
한성대학교,univ,2026_or_older,,,"외국인(순수외국인) 특별전형 모집요강 PDF는 2026학년도 편입학 버전(접수 2025.10~12)만 확인. 학부입학/Apply 페이지(cis/3203, global_en/885)는 연도 없는 상시 안내. 2027 외국인 모집요강 없음.",2026_or_older,,,Notice board latest is '2026학년도 한국어과정 모집요강' (posted 2023.11.21). No 2027 guide.,2026_or_older,https://hansung.ac.kr/gshansung/3430/subview.do,2026학년도 대학원 후기(정시) 외국인유학생 전담학과 모집안내,"Hansung grad admission board (hansung.ac.kr/gshansung/) latest posts are 2026학년도 후기 (Fall 2026), incl. 외국인특별전형 notices from 2026-04 to 2026-08. No 2027학년도 graduate guide published as of 2026-08-25.",https://www.hansung.ac.kr/korean/index.do,https://drive.google.com/file/d/1dRkttYQ3t3pR1nTpkjIxuKCwkDCLWbcY/view,https://drive.google.com/file/d/1YFLNV4OtqbaE--BhgbNaIWDKDG1-CmvV/view
한세대학교,univ,none,,,,2026_or_older,,,Site stale: 모집요강 download is 2024_2 PDF; notice board only has 2023-2024 posts. No 2027.,?,,,,http://www.hskli.com/,,
한신대학교,univ,none,,,,2027_guide,https://www.hs.ac.kr/bbs/interedu/1470/152523/artclView.do,"2026~2027 한국어학당 모집요강(한국어버전, Vietnamese Version, English Version)","2026~2027 한국어학당 모집요강 posted 2025.12.15, with KR/VN/EN PDFs (covers 2027).",?,,,,https://www.hs.ac.kr/interedu/8209/subview.do,,
한양대학교,univ,2027_adiga,adiga_2027 (downloaded),,,2026_or_older,,,Homepage + notice board show 2026-Fall term applications only. No 2027 guide.,2027_guide,https://civil.hanyang.ac.kr/bbs/board.php?bo_table=sub6_1&wr_id=346,한양대학교 2027학년도 전기 대학원 외국인특별전형 모집요강,"2027학년도 전기 대학원 외국인특별전형 모집요강 published 2026-08-05 by 국제입학팀 covering '부모 모두 외국인인 외국인전형' & '초중고대 전과정 해외이수자 전형'. Application 2026.9.1~9.18, registration Jan 2027. Cross-confirmed on civil.hanyang.ac.kr, policy.hanyang.ac.kr, hypolicy.hanyang.ac.kr.",https://iie.hanyang.ac.kr/,https://drive.google.com/file/d/1gH5IPqDrKdA3haZvouDrGrk5vW4RgCrS/view,https://drive.google.com/file/d/1t3CaRw52armCzFt3HhTe2enpqFvOhETi/view
한일장신대학교,univ,2027_adiga,adiga_2027 (downloaded),,,?,,,,2026_or_older,https://www.hanil.ac.kr/portal/ipsi/bbs/list.do?menuId=M0011000100000000,2026 Admissions Information for International Applicants (Graduate Level) / 2026학년도 일반대학원 모집요강,입학지원처 재외국민과외국인 모집요강 게시판에 대학원 외국인 가이드 '2026 Admissions Information for International Applicants (Graduate Level)' 게시 (2025~2026). 일반대학원 모집요강 최신은 2026(후기)추가/2026 후기. 2027학년도 전기 가이드는 통상 2026년 9~11월 게시 예정으로 현재 미게시.,,https://drive.google.com/file/d/1eGZnIi0OcD7ztv778UF7tOXaUPov2uzK/view,https://drive.google.com/file/d/1ltnjPjKSleYuu9MWQZWm0Rqt30M3ncRz/view
협성대학교,univ,unknown_year,,,입학처(iphak.uhs.ac.kr)에는 2027 수시모집요강(일반전형) 게시. 외국인 입학은 대외교류팀 global 페이지(지원자격/전형일정/연간일정)가 연도 표기 없이 상시 안내. 2027 외국인 전용 모집요강 확인 불가.,2026_or_older,,,Latest notice is 2026년 한국어연수생 모집요강 (posted 2026.07.13). No 2027 guide.,2026_or_older,https://www.uhs.ac.kr/gra/3901/subview.do,2026학년도 후기 일반대학원 신(편)입생 전형 모집요강,협성대 일반대학원 홈페이지 일반학과입학안내에 2026학년도 후기(1차) 일반대학원 신(편)입생 전형 모집요강(2026.05.26 게시)과 후기(2차) 입학원서 폼 제공. 대학원 공지사항 최신 입학 공지도 2026학년도 후기 신입생 오리엔테이션(2026.08.18). 별도 외국인 전용 대학원 가이드는 확인되지 않음. 2027학년도 가이드 미게시.,https://www.uhs.ac.kr/uhs/191/subview.do,https://drive.google.com/file/d/1GHAYMOl8ih1VKTCuRmDA18dgpNlk-lRl/view,https://drive.google.com/file/d/1oYKFunlyph_mG2GmJ5Nw3bwhUCmYVkRH/view
호남대학교,univ,unknown_year,,,"국제교류본부 Foreign Admission(EntranceGuide) 페이지는 상시 안내(1차 3~5월, 2차 9~11월)로 연도 미표기. 한국어교육원 모집요강 PDF는 2026 봄학기(접수 2025.12). 학부 외국인 2027 모집요강 없음.",2026_or_older,,,한국어교육원 모집요강 page shows 2026학년도 가을/겨울학기 as current. No 2027.,2026_or_older,https://graduate.honam.ac.kr/F_RecruitmentGuide,2026학년도 외국인 신(편)입생 모집요강 (외국인 유학생 모집요강),대학원 입학안내 '외국인 유학생 모집요강' 페이지에 2026학년도 외국인 신(편)입생 모집요강 게시 (후기 접수 2026.6.9~8.4). 전기 2026 외국인 가이드 PDF(2025.11 접수)도 게시. 2027학년도 전기 가이드는 2026년 9~11월 게시 예정으로 현재 미게시.,https://global.honam.ac.kr/KoreanAdmissionGuide,https://drive.google.com/file/d/18T0WXh1X5GZpniQp_JTacMbbdj223cj8/view,https://drive.google.com/file/d/1kO0XT80CHeh8-wpFDI3na25aHB9tOOEi/view
호서대학교,univ,2026_or_older,,,입시안내(ipsi.hoseo.ac.kr)에 2027 수시모집요강(일반)과 2027 재외국민전형 모집요강은 있으나 외국인(순수외국인) 전용 2027 모집요강은 미확인. 국제교류 페이지는 교환학생/교류협력 중심. 2027 외국인 가이드 없음.,2026_or_older,,,한국어학당 page generic (no year text; tuition marked 2024). Notice board login-gated/slow; search confirms latest guide is 2026학년도 (Spring/Fall 2026).,?,,,,https://ieec.hoseo.ac.kr/CmsHome/sub_06.eznic,,https://drive.google.com/file/d/18kLf1_qx7UIHKu4rHmsXYW-JYU5I3RCN/view
호원대학교,univ,unknown_year,,,"국제교류센터 학사과정 페이지에 외국인 신입/편입 입학안내(지원자격, 모집단위, 제출서류)가 있으나 연도 표기 없음(최종수정 2025-01-02). 2027 모집요강 공지 없음.",2026_or_older,,,어학연수과정 page is a static guide with no year attached; notice board latest posts are 2025. No 2027 guide.,?,,,,https://iecenter.howon.kr/page/page14,,https://drive.google.com/file/d/1TmTNadajaPyy_aKRnGSm0w_MCiOURz1z/view
홍익대학교,univ,none,,,,2026_or_older,,,"Homepage semester schedule shows 2026 (봄~겨울, winter ends Feb 2027). Notice board latest 2026. No 2027 guide.",?,,,,https://koreanle.hongik.ac.kr/,,
