<svg width="400" height="49" viewBox="0 0 400 49" fill="none" xmlns="http://www.w3.org/2000/svg">
<line x1="223.5" y1="36" x2="223.5" y2="12" stroke="#054D9F"/>
<path d="M238.125 27H245.85V24.15H236.75V21.475H253.975V15.925H238.125V13.125H257.375V21.475H259V24.15H249.4V27H257.375V35.35H253.975V29.8H238.125V27ZM260.63 31.05C261.147 30.85 261.638 30.5 262.105 30C262.572 29.5 262.972 28.8917 263.305 28.175C263.655 27.4417 263.93 26.6083 264.13 25.675C264.33 24.7417 264.43 23.7333 264.43 22.65V16.5H260.88V13.65H271.23V16.5H267.855V22.65C267.855 24.8333 268.18 26.5917 268.83 27.925C269.48 29.2417 270.413 30.2083 271.63 30.825V33.8C270.497 33.4167 269.438 32.8167 268.455 32C267.472 31.1833 266.713 30.2 266.18 29.05C265.597 30.2167 264.813 31.2417 263.83 32.125C262.863 33.0083 261.797 33.6417 260.63 34.025V31.05ZM273.23 23.925H269.755V20.875H273.23V13.15H276.43V34.85H273.23V23.925ZM278.305 13.025H281.505V35.35H278.305V13.025ZM284.01 31.375H288.485V22.775H292.035V31.375H295.16V22.775H298.71V31.375H306.26V34.25H284.01V31.375ZM285.635 13.625H304.385V28.025H300.985V16.525H285.635V13.625ZM309.515 18.075H324.565V16.275H309.515V13.5H328.015V20.75H312.965V22.775H328.515V25.55H309.515V18.075ZM312.24 29.95H307.64V27.075H329.89V29.95H325.29V35.35H321.74V29.95H315.79V35.35H312.24V29.95ZM331.27 31.375H335.745V22.775H339.295V31.375H342.42V22.775H345.97V31.375H353.52V34.25H331.27V31.375ZM332.895 13.625H351.645V28.025H348.245V16.525H332.895V13.625ZM361.974 22.125C360.108 22.125 358.649 21.7167 357.599 20.9C356.549 20.0833 356.024 18.975 356.024 17.575C356.024 16.175 356.549 15.0667 357.599 14.25C358.649 13.4333 360.108 13.025 361.974 13.025H370.074C371.941 13.025 373.399 13.4333 374.449 14.25C375.499 15.0667 376.024 16.175 376.024 17.575C376.024 18.975 375.499 20.0833 374.449 20.9C373.399 21.7167 371.941 22.125 370.074 22.125H361.974ZM356.274 27.75H359.499V25.925H354.899V23.25H377.149V25.925H372.049V27.75H375.524V35.35H372.124V30.55H356.274V27.75ZM369.949 19.425C370.766 19.425 371.416 19.2667 371.899 18.95C372.383 18.6167 372.624 18.1583 372.624 17.575C372.624 16.9917 372.383 16.5417 371.899 16.225C371.416 15.8917 370.766 15.725 369.949 15.725H362.099C361.283 15.725 360.633 15.8917 360.149 16.225C359.666 16.5417 359.424 16.9917 359.424 17.575C359.424 18.1583 359.666 18.6167 360.149 18.95C360.633 19.2667 361.283 19.425 362.099 19.425H369.949ZM368.499 27.75V25.925H363.049V27.75H368.499ZM385.229 22.275C384.279 22.275 383.429 22.1667 382.679 21.95C381.929 21.7167 381.288 21.3917 380.754 20.975C380.238 20.5583 379.838 20.0667 379.554 19.5C379.288 18.9333 379.154 18.3083 379.154 17.625C379.154 16.9417 379.288 16.3167 379.554 15.75C379.838 15.1833 380.238 14.6917 380.754 14.275C381.288 13.8583 381.929 13.5417 382.679 13.325C383.429 13.0917 384.279 12.975 385.229 12.975H387.579C388.529 12.975 389.379 13.0917 390.129 13.325C390.879 13.5417 391.513 13.8583 392.029 14.275C392.563 14.6917 392.963 15.1833 393.229 15.75C393.513 16.3167 393.654 16.9417 393.654 17.625C393.654 18.3083 393.513 18.9333 393.229 19.5C392.963 20.0667 392.563 20.5583 392.029 20.975C391.513 21.3917 390.879 21.7167 390.129 21.95C389.379 22.1667 388.529 22.275 387.579 22.275H385.229ZM390.404 26.775H395.754V13.025H399.154V30.35H395.754V29.525H390.404V26.775ZM380.404 29.25H383.804V32.45H399.654V35.25H380.404V29.25ZM378.529 23.15H394.754V25.825H387.429V28.75H383.879V25.825H378.529V23.15ZM387.504 19.575C388.338 19.575 389.004 19.4 389.504 19.05C390.004 18.6833 390.254 18.2083 390.254 17.625C390.254 17.0417 390.004 16.575 389.504 16.225C389.004 15.8583 388.338 15.675 387.504 15.675H385.304C384.471 15.675 383.804 15.8583 383.304 16.225C382.804 16.575 382.554 17.0417 382.554 17.625C382.554 18.2083 382.804 18.6833 383.304 19.05C383.804 19.4 384.471 19.575 385.304 19.575H387.504Z" fill="#054D9F"/>
<g clip-path="url(#clip0_1785_62756)">
<path d="M19.8017 46.0513V46.038C19.8017 46.038 19.8017 46.018 19.7817 45.9779C19.7617 45.9379 19.735 45.8712 19.7017 45.7912C19.6284 45.631 19.5084 45.4242 19.3285 45.2174C18.9819 44.7971 18.442 44.3969 17.5756 44.3969C16.9757 44.3969 16.1959 44.597 15.2095 45.1707H15.2028L15.1895 45.1841C15.1695 45.1841 14.1764 45.631 13.0167 45.631C12.2769 45.631 11.4504 45.4443 10.8106 44.8038C10.1708 44.1701 9.76421 43.116 9.76421 41.4615V41.2481C9.76421 41.2481 9.77754 41.1547 9.77754 40.9679C9.77754 40.5676 9.69756 39.8471 9.23101 39.2C8.75779 38.5662 7.89135 37.9725 6.2051 37.8457H6.19177C6.19177 37.8457 5.31199 37.7257 4.43888 37.2387C3.57243 36.7583 2.65266 35.8711 2.65266 34.3901C2.65266 33.5628 2.93259 32.5822 3.60576 31.3947H3.61242V31.3813C3.61242 31.3813 3.63908 31.348 3.67241 31.2746C3.7124 31.2012 3.77238 31.1012 3.8257 30.9677C3.93901 30.7009 4.04565 30.314 4.04565 29.887C4.04565 29.0798 3.6924 28.0391 2.14612 27.0251C2.14612 27.005 0.0199919 25.5307 -0.00666809 23.456C-0.00666809 22.3018 0.699821 21.041 2.66599 19.9002L2.68599 19.8869H2.70598C2.70598 19.8869 2.73264 19.8735 2.77263 19.8535C2.81262 19.8335 2.87927 19.8068 2.95259 19.7601C3.10588 19.6801 3.3125 19.5466 3.51911 19.3665C3.92568 18.9996 4.32558 18.4459 4.32558 17.612C4.32558 16.9582 4.07897 16.111 3.35249 15.0369H3.34582V15.0236C3.34582 15.0102 2.80596 14.0896 2.79929 12.9888C2.79929 12.315 3.01257 11.5612 3.6924 10.9675C4.37223 10.3737 5.47195 9.95344 7.21152 9.85337H7.22485C7.22485 9.85337 7.23818 9.85337 7.24484 9.85337C7.26484 9.85337 7.30483 9.85337 7.36481 9.85337C7.45812 9.85337 7.59142 9.83336 7.75805 9.80667C8.0913 9.74663 8.51785 9.63322 8.95108 9.4064C9.81086 8.94609 10.6507 8.09217 10.664 6.24425C10.664 6.17754 10.664 6.1175 10.6573 6.05078V6.03744C10.6573 6.03744 10.684 5.2369 11.1239 4.42968C11.5504 3.62246 12.4569 2.79523 14.0898 2.80191C14.683 2.80191 15.3628 2.90197 16.1626 3.14214H16.1893L16.2093 3.16215C16.2093 3.16215 16.2559 3.18884 16.3426 3.22886C16.4359 3.26889 16.5625 3.32893 16.7225 3.3823C17.0424 3.49571 17.4823 3.60912 17.9422 3.60912C18.8019 3.59578 19.715 3.26889 20.3082 1.76787V1.74786L20.3282 1.72784C20.3482 1.69449 21.3746 0.0133424 23.2275 0C24.1473 0 25.2337 0.4403 26.4134 1.67447L26.4333 1.69449V1.72117C26.4333 1.72117 26.52 1.84792 26.66 2.04139C26.8066 2.24152 27.0265 2.5017 27.3131 2.76855C27.893 3.29558 28.7061 3.80926 29.7392 3.80926C30.3457 3.80926 31.0322 3.63581 31.812 3.16215H31.8187L31.832 3.15548C31.852 3.14881 32.5785 2.78856 33.5716 2.78856C34.318 2.78856 35.2245 3.00204 36.0509 3.7292C36.1909 3.84261 37.5039 4.88332 37.5106 6.85133C37.5106 6.91804 37.5106 6.99142 37.5106 7.05814V7.07815L37.5039 7.09816C37.5039 7.09816 37.5039 7.12485 37.4906 7.19156C37.4906 7.25827 37.4772 7.35167 37.4772 7.47175C37.4772 7.87869 37.5705 8.51913 38.0438 9.05282C38.5236 9.59319 39.4034 10.0668 41.0763 10.0935H41.0897C41.0897 10.0935 41.9428 10.1602 42.7959 10.6005C43.6557 11.0342 44.5421 11.9214 44.5355 13.4692C44.5355 14.2964 44.2889 15.2904 43.689 16.5312L43.6757 16.5446L43.6623 16.5646C43.6623 16.5646 43.649 16.5846 43.6224 16.638C43.589 16.6914 43.5424 16.7714 43.5024 16.8715C43.4224 17.0649 43.3358 17.3518 43.3358 17.672C43.3358 18.3592 43.669 19.2798 45.3219 20.1804L45.3286 20.1871C45.3419 20.2071 47.4414 21.548 47.4681 23.6361C47.4681 24.8369 46.7282 26.1912 44.6088 27.5321H44.6021L44.5888 27.5454C44.5888 27.5454 44.5821 27.5454 44.5488 27.5721C44.5221 27.5921 44.4755 27.6188 44.4088 27.6588C44.2955 27.7389 44.1422 27.8656 43.9823 28.0391C43.6757 28.386 43.3691 28.913 43.3691 29.6802C43.3691 30.3406 43.6024 31.1946 44.3089 32.2753L44.3222 32.2953V32.3153C44.3222 32.3153 44.7021 33.2159 44.7088 34.35C44.7287 35.8177 44.0156 37.7457 41.1297 38.4728H41.0963L41.0697 38.4795C41.0697 38.4795 41.023 38.4795 40.943 38.4795C40.8564 38.4795 40.7298 38.5062 40.5765 38.5329C40.2632 38.5929 39.8366 38.7197 39.4034 38.9665C38.5303 39.4602 37.5772 40.4208 37.264 42.4355C37.264 42.569 37.2373 43.3228 36.8974 44.0967C36.5441 44.9439 35.7377 45.8378 34.2514 45.8312C33.4716 45.8312 32.5251 45.5977 31.3454 45.0373L31.3121 45.0173L31.2855 44.9973C31.2855 44.9973 31.2455 44.9573 31.1522 44.8905C31.0589 44.8238 30.9322 44.7304 30.7656 44.6504C30.439 44.4636 29.9858 44.2968 29.4992 44.2968C28.8394 44.2968 28.0929 44.5903 27.3531 45.6978C27.2931 45.8312 26.9599 46.5717 26.3534 47.3189C25.6935 48.1394 24.6938 48.9933 23.3541 48.9933H23.2208C23.2208 48.9933 23.1542 48.9933 23.0942 48.9933H23.0609C22.5077 48.9933 20.7948 48.6798 19.8217 46.0447M23.0809 48.5197C23.1475 48.5197 23.1675 48.513 23.1675 48.513H23.2075C23.2541 48.513 23.2941 48.513 23.3408 48.513C25.0004 48.5263 26.1934 46.8385 26.6666 45.9579C26.8266 45.6644 26.9066 45.4843 26.9066 45.4843V45.4643L26.9266 45.4443C27.7197 44.2168 28.6661 43.8031 29.4859 43.8031C30.579 43.8098 31.3988 44.4703 31.5721 44.6037C32.6918 45.1374 33.5649 45.3375 34.238 45.3375C35.2111 45.3375 35.7643 44.9372 36.1376 44.4369C36.5041 43.9232 36.6641 43.2895 36.7308 42.8625C36.7707 42.5756 36.7707 42.4022 36.7707 42.4022V42.3622C37.0907 40.2074 38.1704 39.0732 39.1568 38.5262C40.0433 38.0325 40.8497 37.9792 41.0297 37.9792C43.7023 37.2654 44.2022 35.6576 44.2222 34.3234C44.2222 33.5562 44.0289 32.889 43.9356 32.6089C43.9223 32.5555 43.9023 32.5155 43.8956 32.4954C43.1625 31.368 42.8959 30.4274 42.8959 29.6535C42.8959 27.9123 44.2422 27.1651 44.3755 27.0984C46.4217 25.7976 47.0015 24.6034 47.0015 23.6161C47.0148 22.3219 45.9351 21.2411 45.3819 20.7941C45.2286 20.6674 45.1153 20.594 45.0887 20.574C43.3491 19.6334 42.8559 18.5126 42.8692 17.6453C42.8692 16.9115 43.1958 16.3845 43.2691 16.2777C43.8423 15.1036 44.0556 14.1763 44.0556 13.4491C44.0556 12.4285 43.649 11.8014 43.1225 11.3677C42.6026 10.9341 41.9561 10.7206 41.5162 10.6272C41.2563 10.5672 41.083 10.5538 41.0563 10.5538C39.2968 10.5272 38.257 10.0068 37.6772 9.34636C37.0973 8.67924 36.9907 7.91872 36.9907 7.44507C36.9907 7.21157 37.0174 7.05146 37.0307 6.99142C37.0307 6.93138 37.0307 6.87801 37.0307 6.81797C37.0307 5.21688 36.0376 4.3096 35.8043 4.10946C35.7777 4.08945 35.7577 4.07611 35.7577 4.07611L35.7443 4.06276H35.731C35.0112 3.40899 34.2314 3.22886 33.5716 3.22886C32.9117 3.22886 32.3785 3.41566 32.1519 3.50905C32.0986 3.52907 32.0653 3.54241 32.0519 3.54908C31.2188 4.05609 30.439 4.25623 29.7392 4.25623C27.4931 4.23622 26.2201 2.23485 26.0468 1.96133C24.9337 0.807216 23.9873 0.453642 23.2275 0.453642C22.0811 0.453642 21.248 1.28087 20.9147 1.7145C20.8281 1.82124 20.7748 1.89462 20.7548 1.92131C20.1216 3.56909 18.9486 4.06276 17.9488 4.05609C16.9757 4.05609 16.1693 3.64248 16.0093 3.55575C15.2562 3.3356 14.623 3.24221 14.0965 3.24221C12.9967 3.24221 12.3369 3.62914 11.9037 4.10279C11.4771 4.58312 11.2838 5.17686 11.2038 5.57046C11.1572 5.80395 11.1505 5.95739 11.1505 5.99074V6.18421C11.1572 8.19891 10.1708 9.27297 9.18435 9.77999C8.25792 10.2603 7.36481 10.287 7.24484 10.287C5.56526 10.3871 4.57218 10.794 4.01899 11.2877C3.45913 11.7813 3.2925 12.3684 3.28584 12.9488C3.28584 13.656 3.5591 14.3231 3.6924 14.6033C3.72573 14.6767 3.75239 14.7234 3.75905 14.7434C4.51886 15.8641 4.81212 16.7981 4.81212 17.5786C4.81212 18.5726 4.32558 19.2664 3.8457 19.6934C3.4258 20.067 3.00591 20.2471 2.90593 20.2871C1.01974 21.3946 0.479876 22.482 0.479876 23.4159C0.473211 24.7035 1.56627 25.8643 2.12613 26.3446C2.31275 26.5047 2.43272 26.5914 2.41939 26.5848C4.05898 27.6455 4.52553 28.873 4.52553 29.8403C4.52553 30.8143 4.07897 31.5014 4.01232 31.6015C3.36582 32.7356 3.11921 33.6362 3.11921 34.35C3.11921 35.304 3.54577 35.9311 4.08564 36.3848C4.63217 36.8384 5.29866 37.0852 5.75188 37.212C6.00515 37.2787 6.18511 37.312 6.23176 37.3187C8.01132 37.4455 9.04439 38.1059 9.60425 38.8731C10.1641 39.6336 10.2508 40.4675 10.2508 40.9212C10.2508 41.1013 10.2374 41.2214 10.2308 41.2614V41.4148C10.2308 42.9892 10.624 43.9032 11.1372 44.4169C11.6571 44.9372 12.3302 45.104 12.9967 45.1107C13.5166 45.1107 14.0165 45.0039 14.383 44.9039C14.703 44.8105 14.9162 44.7238 14.9629 44.7037C15.996 44.11 16.8491 43.8698 17.5556 43.8698C18.582 43.8698 19.2818 44.3769 19.6817 44.8705C20.055 45.3242 20.2082 45.7711 20.2349 45.8512C21.1947 48.3662 22.681 48.473 23.0609 48.4863M7.23151 10.3204C7.23151 10.3204 7.17153 10.3204 7.14487 10.307C7.17153 10.3204 7.20485 10.327 7.23151 10.3204ZM7.05822 10.247C7.05822 10.247 7.03156 10.2069 7.01823 10.1869C7.03156 10.2003 7.03823 10.227 7.05822 10.247Z" fill="#004EA2"/>
<path d="M44.3488 20.8609C40.5431 19.3398 42.8292 15.664 42.8292 15.664C44.9887 12.235 41.1763 11.2276 41.1763 11.2276C35.6044 10.8474 36.2442 7.42505 36.2442 7.42505C36.6175 5.1435 35.2311 4.63649 35.2311 4.63649C33.7115 3.49571 32.1919 4.63649 32.1919 4.63649C29.4059 6.79129 26.1134 2.73519 26.1134 2.73519C23.3275 -0.186794 20.9214 3.11545 20.9214 3.11545C19.1419 6.6712 16.2293 4.76324 16.2293 4.76324C11.797 2.35493 11.5438 7.80531 11.5438 7.80531C11.1639 10.9341 8.24459 10.9741 8.24459 10.9741C2.55269 10.7206 5.07872 15.157 5.07872 15.157C6.71165 19.54 3.81238 20.4806 3.81238 20.4806C-1.00641 23.5227 3.30584 26.438 3.30584 26.438C6.72498 28.7195 4.82545 32.0151 4.82545 32.0151C2.16612 36.4515 7.23152 36.5849 7.23152 36.5849C11.5438 37.2187 10.9039 40.3875 10.9039 40.3875C10.6507 45.7111 15.3361 43.5563 15.3361 43.5563C20.2749 41.7818 20.7814 45.2041 20.7814 45.2041C23.3141 50.2742 26.2267 45.3308 26.2267 45.3308C28.5062 41.5283 31.1722 43.5563 31.1722 43.5563C36.1109 46.7251 36.3642 41.148 36.3642 41.148C36.8707 37.5989 39.91 37.2187 39.91 37.2187C45.102 37.0919 42.7026 32.402 42.7026 32.402C40.7964 28.346 43.589 26.8249 43.589 26.8249C45.4886 25.8176 45.8685 24.4233 45.8685 24.4233C46.7549 21.8882 44.3488 20.8675 44.3488 20.8675M23.7007 42.7958C13.4833 42.7958 5.20536 34.3367 5.20536 23.9096C5.20536 13.4825 13.4833 5.01007 23.7007 5.01007C33.9181 5.01007 42.1961 13.4692 42.1961 23.9029C42.1961 34.3367 33.9181 42.7891 23.7007 42.7891" fill="#004EA2"/>
<path d="M17.4423 24.6234H15.7827L16.6158 22.1884L17.4423 24.6234ZM14.6563 26.5848H15.1095L15.6361 25.0571H17.5956L18.1088 26.5848H18.5753L16.8824 21.7281H16.3492L14.6563 26.5848Z" fill="#004EA2"/>
<path d="M22.6543 33.6762C22.621 33.5495 22.6943 33.4161 22.8209 33.3827C23.0475 33.3227 23.1875 33.256 23.2475 33.2026C23.3075 33.1426 23.3008 33.1292 23.3075 33.1092C23.3275 33.0425 23.1342 32.8023 23.0142 32.7289C22.9742 32.7023 22.9542 32.6822 22.9542 32.6822C22.8476 32.6089 22.8143 32.4554 22.8942 32.3487C22.9676 32.2419 23.1208 32.2086 23.2275 32.2886C23.2341 32.2953 23.3541 32.3754 23.4874 32.5155C23.6141 32.6489 23.7673 32.8357 23.7807 33.1092C23.7807 33.276 23.7007 33.4494 23.5541 33.5695C23.4074 33.6896 23.2142 33.783 22.9409 33.8564C22.9209 33.8564 22.9009 33.863 22.8809 33.863C22.7743 33.863 22.681 33.7897 22.6476 33.6829" fill="#004EA2"/>
<path d="M22.2344 28.6795C22.1011 28.6795 22.0011 28.5594 22.0011 28.4327L22.1478 24.1764C22.1478 24.043 22.2611 23.9363 22.3944 23.943C22.5277 23.943 22.6343 24.0564 22.6276 24.1898L22.4877 28.446C22.4877 28.5728 22.3744 28.6795 22.2477 28.6795H22.2344Z" fill="#004EA2"/>
<path d="M26.7333 36.7583C26.6066 36.7317 26.5267 36.6049 26.5467 36.4715C26.5467 36.4581 26.7666 35.4441 27.3598 34.5435L27.3864 34.5101C27.3864 34.5101 27.4331 34.4634 27.5131 34.3634C27.5931 34.2633 27.6997 34.1165 27.8063 33.9364C28.0196 33.5762 28.2262 33.0758 28.2396 32.5488V32.4888C28.2396 32.4888 28.3062 32.282 28.3662 31.9484C28.4262 31.6215 28.4862 31.1679 28.4862 30.7076C28.4862 30.2139 28.4195 29.7069 28.2262 29.3133C28.0329 28.9263 27.7397 28.6462 27.2398 28.5327C27.0798 28.5194 25.6469 28.3793 24.8004 28.1658C24.8004 28.1658 24.7138 28.1391 24.5538 28.1058C24.3939 28.0724 24.1739 28.0457 23.9473 28.0457C23.3608 28.0524 22.7409 28.2059 22.4743 28.9397L22.461 28.973C22.461 28.973 22.3877 29.0998 22.321 29.2866C22.2477 29.4734 22.1811 29.7135 22.1811 29.907C22.1811 30.0471 22.2144 30.1405 22.2677 30.2005C22.321 30.2539 22.4277 30.314 22.6743 30.3206H22.7209C22.7209 30.3206 22.7209 30.3273 22.7476 30.3273C22.7743 30.3273 22.8076 30.334 22.8609 30.334C23.1475 30.3273 23.8207 30.2539 24.4672 29.36C24.5205 29.2866 24.6005 29.2466 24.6871 29.2532C24.7738 29.2666 24.8471 29.3199 24.8804 29.4C24.8804 29.4 24.8937 29.4267 24.9137 29.4534C24.9471 29.5001 25.007 29.5668 25.1137 29.6402C25.3136 29.7869 25.6802 29.967 26.3134 30.0338C26.3934 30.0471 26.4667 30.0938 26.5 30.1672C26.54 30.2406 26.5333 30.3273 26.5 30.4007C26.5 30.4007 26.48 30.434 26.4467 30.5074C26.4067 30.5808 26.36 30.6875 26.3134 30.8143C26.2201 31.0678 26.1201 31.428 26.1201 31.795C26.1201 32.1685 26.2134 32.5488 26.4867 32.9024C26.5666 33.0091 26.5466 33.1626 26.44 33.2426C26.34 33.3293 26.1867 33.3027 26.1001 33.1959C25.7602 32.7423 25.6469 32.2486 25.6469 31.795C25.6469 31.2479 25.8068 30.7676 25.9335 30.4741C25.2603 30.3473 24.8737 30.0938 24.6605 29.8937C23.974 30.6942 23.2208 30.8276 22.8609 30.821C22.7676 30.821 22.6943 30.8143 22.661 30.8076C22.3477 30.8076 22.0944 30.7142 21.9211 30.5341C21.7545 30.3473 21.7012 30.1205 21.7012 29.9137C21.7012 29.3933 21.9745 28.8796 22.0345 28.7662C22.3877 27.7922 23.2941 27.5587 23.954 27.5654C24.5005 27.5654 24.9404 27.6988 24.9404 27.6988C25.7535 27.9056 27.3065 28.0524 27.3131 28.0457H27.3464C27.9996 28.1925 28.4395 28.5995 28.6794 29.0998C28.9194 29.5935 28.9927 30.1672 28.9927 30.7009C28.9927 31.6015 28.7794 32.4154 28.7394 32.5755C28.6928 33.7696 27.8996 34.6702 27.773 34.817C27.5131 35.2173 27.3198 35.6509 27.2065 35.9978C27.0932 36.338 27.0332 36.5715 27.0332 36.5715C27.0132 36.685 26.9066 36.765 26.7999 36.765C26.7799 36.765 26.7666 36.765 26.7466 36.7583" fill="#004EA2"/>
<path d="M20.1616 33.6896L20.1016 33.6562C19.6551 33.2693 19.4751 32.8624 19.4751 32.5021C19.4818 31.875 19.955 31.5281 19.9683 31.5081C20.0749 31.428 20.2282 31.4481 20.3082 31.5481C20.3949 31.6549 20.3682 31.8083 20.2682 31.8884C20.2682 31.8884 20.2549 31.895 20.2282 31.9217C20.1949 31.9484 20.1549 31.9951 20.1149 32.0485C20.035 32.1619 19.9616 32.3153 19.9616 32.4954C19.9616 32.6889 20.0416 32.9424 20.4015 33.2626C20.4149 33.2693 20.4415 33.276 20.4815 33.296C20.5548 33.3227 20.6748 33.3694 20.8148 33.4027C21.108 33.4828 21.5213 33.5628 21.9945 33.5628C22.1611 33.5628 22.3277 33.5495 22.5077 33.5295C22.5277 33.4427 22.561 33.3093 22.561 33.1225C22.561 32.9157 22.5277 32.6489 22.4277 32.3153C22.3944 32.2219 22.4277 32.1218 22.501 32.0618C22.581 32.0018 22.681 31.9884 22.7676 32.0285C22.7676 32.0285 22.7676 32.0285 22.7809 32.0351C22.7943 32.0351 22.8209 32.0485 22.8409 32.0551C22.8942 32.0685 22.9742 32.0885 23.0609 32.0885C23.2275 32.0818 23.4074 32.0418 23.5807 31.7549C23.5807 31.7349 23.5807 31.7149 23.5807 31.6815C23.5807 31.5681 23.5607 31.4014 23.4874 31.2546C23.4074 31.1145 23.3008 30.9944 23.0475 30.9277C22.9209 30.8943 22.8409 30.7676 22.8742 30.6342C22.9076 30.5074 23.0409 30.4274 23.1675 30.4607C23.5541 30.5541 23.8007 30.7943 23.9206 31.0344C24.0473 31.2813 24.0673 31.5281 24.0673 31.6815C24.0673 31.7883 24.0606 31.8617 24.0539 31.8683L24.0273 31.9484C23.774 32.4221 23.3608 32.5822 23.0609 32.5688C23.0342 32.5688 23.0075 32.5688 22.9875 32.5688C23.0275 32.7756 23.0409 32.9624 23.0409 33.1225C23.0409 33.5828 22.9076 33.8363 22.8942 33.8697C22.8609 33.9297 22.7943 33.9764 22.7209 33.9831C22.4743 34.0231 22.2277 34.0432 22.0011 34.0432C20.9414 34.0432 20.1883 33.6896 20.1749 33.6762" fill="#004EA2"/>
<path d="M20.3682 32.1285H20.3482C19.6284 31.6882 19.5351 30.7876 19.5218 30.1405C19.5218 29.6735 19.5884 29.32 19.5884 29.3133L19.6084 29.2666C19.9417 28.4193 20.6615 28.1592 21.228 28.1725C21.8612 28.1725 22.3744 28.4193 22.3944 28.426C22.5143 28.4861 22.5677 28.6261 22.5077 28.7462C22.4544 28.8663 22.3077 28.9197 22.1878 28.8596C22.1878 28.8596 22.0811 28.8129 21.9012 28.7596C21.7212 28.7062 21.4746 28.6528 21.228 28.6528C20.7681 28.6662 20.3349 28.7929 20.0616 29.4267C20.0483 29.5067 20.0083 29.7936 20.0083 30.1472C20.0083 30.7409 20.1416 31.4614 20.5748 31.7016C20.6015 31.7149 20.8014 31.8083 21.088 31.9017C21.3946 32.0018 21.7812 32.1018 22.1278 32.1018C22.2411 32.1018 22.3544 32.0885 22.4544 32.0618C22.4877 31.9417 22.5543 31.7483 22.6343 31.5348C22.7743 31.1879 22.9009 30.8343 23.1475 30.6342C23.2542 30.5541 23.4074 30.5741 23.4874 30.6809C23.5607 30.7876 23.5474 30.9344 23.4408 31.0144C23.3941 31.0278 23.2008 31.388 23.0875 31.7082C22.9676 32.0285 22.8809 32.322 22.8809 32.322C22.8609 32.3954 22.8009 32.4554 22.7409 32.4821C22.541 32.5555 22.341 32.5822 22.1344 32.5822C21.2813 32.5822 20.3949 32.1352 20.3815 32.1352" fill="#004EA2"/>
<path d="M21.5946 36.2713C21.0814 36.2713 20.7348 36.1913 20.4948 36.0445C20.2416 35.8978 20.1349 35.6376 20.1416 35.4308C20.1416 35.3174 20.1683 35.2039 20.2016 35.1172C20.0683 35.0639 19.9616 34.9905 19.875 34.8904C19.735 34.737 19.6884 34.5368 19.6884 34.3567C19.695 33.8163 20.0616 33.356 20.0683 33.3293C20.1483 33.2226 20.2949 33.1959 20.4015 33.276C20.5148 33.356 20.5348 33.5095 20.4549 33.6095C20.4549 33.6095 20.3815 33.7096 20.3082 33.863C20.2282 34.0165 20.1616 34.2099 20.1616 34.3567C20.1616 34.4501 20.1883 34.5101 20.2349 34.5702C20.2816 34.6236 20.3815 34.6903 20.5882 34.7303C20.5882 34.7303 20.6481 34.737 20.7614 34.7503C20.8614 34.7636 21.0147 34.7703 21.1947 34.7703C21.5279 34.7703 21.9611 34.7303 22.381 34.5702L22.5677 33.5695C22.581 33.4961 22.6276 33.4294 22.6943 33.4027C22.7609 33.3627 22.8476 33.3627 22.9142 33.4027C23.3208 33.6095 23.5607 33.8297 23.5674 34.1432C23.5474 34.4701 23.3341 34.6369 23.1475 34.757C23.2075 34.8237 23.2608 34.8971 23.2875 34.9638C23.3875 35.1706 23.4074 35.3507 23.4141 35.3641V35.4041C23.3808 35.7977 23.1075 36.0445 22.8276 36.1579C22.5477 36.2647 22.2411 36.2914 22.0011 36.2914C21.8012 36.2914 21.6479 36.278 21.6012 36.2713M21.7412 35.8044C21.8012 35.8044 21.8945 35.811 21.9945 35.811C22.2011 35.811 22.461 35.7843 22.641 35.711C22.8143 35.6242 22.9009 35.5575 22.9209 35.3907C22.9209 35.3774 22.9209 35.3641 22.9209 35.3374C22.9076 35.2907 22.8876 35.2306 22.8609 35.1706C22.8009 35.0639 22.7476 35.0038 22.6476 34.9905C22.1278 35.2039 21.6012 35.2506 21.208 35.2506C20.9881 35.2506 20.8014 35.2306 20.6815 35.2173C20.6481 35.2773 20.6281 35.3574 20.6281 35.4174C20.6281 35.4975 20.6415 35.5375 20.7548 35.6176C20.8748 35.6909 21.1414 35.7777 21.6146 35.771H21.6546C21.6546 35.771 21.6945 35.7777 21.7545 35.7843M22.9142 34.33C22.9609 34.3033 23.0076 34.2633 23.0342 34.2366C23.0742 34.1833 23.0809 34.1566 23.0809 34.1499C23.0809 34.1499 23.0809 34.1232 23.0342 34.0698C23.0209 34.0565 23.0009 34.0365 22.9742 34.0165L22.9142 34.3367V34.33Z" fill="#004EA2"/>
<path d="M25.147 36.9785C25.0137 36.9785 24.9071 36.8718 24.9071 36.7383L24.9804 30.0671C24.9804 29.9337 25.087 29.827 25.227 29.827C25.3603 29.827 25.4669 29.9404 25.4669 30.0738L25.3936 36.745C25.3936 36.8784 25.287 36.9852 25.1537 36.9852L25.147 36.9785Z" fill="#004EA2"/>
<path d="M22.0744 37.1253C21.9411 37.1052 21.8478 36.9852 21.8678 36.8584L21.9345 36.2113C21.9545 36.0845 22.0744 35.9911 22.2011 36.0045C22.3344 36.0178 22.4277 36.1379 22.4077 36.2713L22.341 36.9118C22.3344 37.0319 22.2211 37.1253 22.1078 37.1253H22.0811H22.0744Z" fill="#004EA2"/>
<path d="M24.9804 27.9924V24.1898C24.9804 24.0564 25.087 23.9496 25.227 23.9496C25.3669 23.9496 25.4669 24.0564 25.4669 24.1898V27.9924C25.4669 28.1258 25.3603 28.2325 25.227 28.2325C25.0937 28.2325 24.9804 28.1258 24.9804 27.9924Z" fill="#004EA2"/>
<path d="M19.3418 24.4166C19.2752 24.4166 19.2152 24.3899 19.1752 24.3499C19.1352 24.3032 19.1019 24.2432 19.1019 24.1764V23.0423C19.1019 22.9756 19.1352 22.9156 19.1752 22.8689C19.2218 22.8222 19.2818 22.7955 19.3418 22.7955H28.0663C28.1263 22.7955 28.1929 22.8222 28.2329 22.8689C28.2796 22.9156 28.2996 22.9756 28.2996 23.0423V24.1764C28.2996 24.2432 28.2729 24.3032 28.2329 24.3499C28.1862 24.3966 28.1263 24.4166 28.0663 24.4166H19.3418ZM19.5751 23.9363H27.8197V23.2758H19.5751V23.9363Z" fill="#004EA2"/>
<path d="M12.8768 29.5401C12.8168 29.4934 12.7835 29.4267 12.7901 29.3466L13.0034 20.1204C13.0034 20.0336 13.0501 19.9602 13.1234 19.9202C14.6963 18.9929 17.109 18.8528 18.6153 18.8462C19.4018 18.8462 19.9283 18.8929 19.935 18.8929C20.0616 18.8995 20.1616 19.0196 20.1549 19.153C20.1416 19.2865 20.0283 19.3865 19.9017 19.3732C19.9017 19.3732 19.7684 19.3665 19.5418 19.3532C19.3151 19.3398 18.9952 19.3332 18.6153 19.3332C17.189 19.3332 14.8963 19.4866 13.4899 20.2671L13.2833 29.0598C14.0698 28.8997 16.2626 28.486 18.1821 28.486C18.8886 28.486 19.5684 28.5461 20.1216 28.6995C20.2482 28.7396 20.3216 28.873 20.2882 28.9997C20.2549 29.1265 20.1216 29.1999 19.995 29.1665C19.5084 29.0264 18.8686 28.973 18.1821 28.973C17.0357 28.973 15.7627 29.1332 14.7763 29.2866C13.7832 29.44 13.0967 29.6001 13.0967 29.6001C13.0767 29.6001 13.0634 29.6068 13.0434 29.6068C12.9834 29.6068 12.9367 29.5868 12.8901 29.5468" fill="#004EA2"/>
<path d="M34.3114 29.5201C34.3114 29.5201 33.9048 29.4133 33.265 29.3133C32.6251 29.2065 31.752 29.0998 30.8322 29.1065C30.0658 29.1065 29.266 29.1799 28.5462 29.38C28.4195 29.4133 28.2862 29.34 28.2529 29.2132C28.2129 29.0798 28.2929 28.953 28.4195 28.913C29.1993 28.6929 30.0391 28.6195 30.8322 28.6195C32.2786 28.6195 33.5916 28.8663 34.1514 28.9864L34.6913 19.9936C34.4713 19.7534 34.0248 19.5533 33.4383 19.4265C32.8051 19.2931 32.0253 19.2464 31.2521 19.2464C29.4193 19.2464 27.6064 19.5133 27.5997 19.5133C27.4664 19.54 27.3465 19.4466 27.3265 19.3131C27.3065 19.1797 27.3931 19.0596 27.5331 19.0396C27.5331 19.0396 29.3726 18.7661 31.2521 18.7661C32.0519 18.7661 32.8584 18.8128 33.5449 18.9596C34.2247 19.1063 34.8046 19.3332 35.1378 19.7801C35.1645 19.8201 35.1845 19.8735 35.1845 19.9336L34.618 29.2999C34.618 29.3733 34.578 29.4334 34.518 29.4801C34.478 29.5067 34.4313 29.5268 34.378 29.5268C34.358 29.5268 34.338 29.5268 34.318 29.5201" fill="#004EA2"/>
<path d="M26.7999 23.1024C26.6933 23.0357 26.6466 22.8889 26.7199 22.7688C27.1132 22.1284 27.2398 21.4279 27.2398 20.7741C27.2398 19.8468 26.9799 19.0396 26.8466 18.6927C26.7999 18.5793 26.7733 18.5259 26.7733 18.5259V18.4992C26.6066 17.9989 26.54 17.5052 26.54 17.0449C26.54 15.6506 27.1265 14.4965 27.5264 13.8694C25.6402 14.3364 25.167 15.704 25.0604 16.0576C25.0404 16.111 25.0404 16.131 25.0404 16.131C25.0137 16.2511 24.9071 16.3244 24.7871 16.3244C24.6671 16.3244 24.5738 16.2244 24.5605 16.1043C24.5338 15.8174 24.3672 15.4372 24.2072 15.157C24.0539 14.8634 23.9007 14.6633 23.9007 14.6633L23.8607 14.5899C23.8207 14.4432 23.7674 14.2363 23.714 14.0162C23.6074 14.2897 23.4741 14.4698 23.4408 14.5099C22.8076 15.5506 22.7743 16.2177 22.7743 16.3778V16.4045C22.7876 16.5379 22.6943 16.6513 22.5677 16.6647C22.4344 16.6847 22.3144 16.598 22.2944 16.4645C22.1544 15.5639 21.4079 14.8101 20.8148 14.3564C21.008 14.8701 21.0814 15.3905 21.0814 15.8708C21.0814 17.205 20.5415 18.2524 20.4748 18.3725C20.1683 19.0863 20.0616 19.7468 20.0616 20.3338C20.0616 21.4279 20.4482 22.2485 20.6415 22.582C20.7015 22.6954 20.7348 22.7421 20.7348 22.7421C20.8148 22.8489 20.7881 23.0023 20.6815 23.0757C20.5748 23.1557 20.4215 23.1291 20.3482 23.0223C20.3349 22.9956 19.5817 21.9416 19.5751 20.3272C19.5751 19.6867 19.7017 18.9529 20.035 18.1657L20.0483 18.1457C20.0483 18.1457 20.0816 18.0923 20.1283 17.9722C20.1816 17.8588 20.2482 17.6854 20.3216 17.4786C20.4615 17.0649 20.5948 16.4845 20.5948 15.8575C20.5948 15.1903 20.4415 14.4698 19.9816 13.776C19.9217 13.6893 19.935 13.5692 20.0016 13.4825C20.0816 13.4024 20.1949 13.3824 20.2882 13.4291C20.3016 13.4491 21.7412 14.163 22.441 15.4705C22.5477 15.137 22.7276 14.71 23.0209 14.2297L23.0342 14.2097C23.0342 14.2097 23.0542 14.183 23.0875 14.1296C23.1208 14.0762 23.1675 13.9895 23.2208 13.8761C23.3141 13.656 23.4141 13.3491 23.4141 12.9755C23.4141 12.9221 23.4141 12.8688 23.4141 12.8087C23.4074 12.682 23.4941 12.5685 23.6207 12.5552C23.7407 12.5352 23.8607 12.6152 23.894 12.7353C23.894 12.7353 24.1606 13.8828 24.3072 14.3898C24.3872 14.5032 24.6405 14.8568 24.8271 15.3037C25.2137 14.5699 26.1001 13.5025 28.0329 13.2624C28.1263 13.249 28.2262 13.3024 28.2729 13.3891C28.3195 13.4758 28.3062 13.5826 28.2396 13.656C28.2396 13.656 28.1662 13.7427 28.0529 13.9095C27.9396 14.0762 27.7863 14.3231 27.633 14.6233C27.3265 15.2304 27.0199 16.0776 27.0199 17.0182C27.0199 17.4319 27.0799 17.8722 27.2198 18.3191C27.2798 18.4592 27.7197 19.4866 27.7197 20.7541C27.7197 21.4679 27.5797 22.2618 27.1265 23.0023C27.0799 23.0757 26.9999 23.1224 26.9266 23.1224C26.8799 23.1224 26.8399 23.1091 26.7999 23.089" fill="#004EA2"/>
<path d="M25.247 23.1157C25.167 23.009 25.187 22.8555 25.2936 22.7755C25.2936 22.7755 25.2936 22.7755 25.3136 22.7555C25.327 22.7421 25.3536 22.7221 25.3803 22.6888C25.4403 22.6287 25.5202 22.5353 25.5936 22.4219C25.7535 22.1884 25.9135 21.8482 25.9135 21.4079C25.9135 21.001 25.7735 20.4873 25.3403 19.8668C25.227 19.7868 24.9737 19.5333 24.9737 19.0463C24.9737 18.9796 24.9737 18.8995 24.9937 18.8195C24.7804 19.053 24.5738 19.3398 24.4339 19.6534C24.4005 19.8735 24.3072 20.0203 24.2939 20.0336C24.2339 20.1337 24.1006 20.1737 23.994 20.127C23.8873 20.0803 23.8207 19.9602 23.854 19.8468C23.8807 19.7401 23.914 19.6334 23.954 19.54C23.954 19.5266 23.954 19.5266 23.954 19.5133C23.9406 19.4065 23.9273 19.3131 23.7474 19.1864L23.7074 19.153C23.7074 19.153 23.5674 19.0263 23.4941 18.8261C23.3941 18.9262 23.2941 19.0329 23.2142 19.133L23.1742 19.1664H23.1808C23.1808 19.1664 23.1675 19.1864 23.1542 19.1997C23.1342 19.2331 23.1142 19.2931 23.1142 19.3798C23.1142 19.4666 23.1408 19.6 23.2408 19.7868C23.3008 19.9002 23.2675 20.0403 23.1542 20.107C23.0409 20.1737 22.8942 20.1404 22.8276 20.027C22.8276 20.027 22.8276 20.027 22.8276 20.0203C22.8276 20.0203 22.8276 20.0136 22.8276 20.0069C22.7609 19.9002 22.461 19.3999 22.4544 18.8195C22.4544 18.7794 22.4544 18.7394 22.4544 18.6994C22.4477 18.7061 22.4344 18.7127 22.4277 18.7194C22.0744 19.0329 21.7412 19.5199 21.7345 20.2805C21.7345 20.8809 21.9545 21.6681 22.601 22.6821C22.6676 22.7955 22.641 22.9489 22.521 23.0157C22.4144 23.089 22.2611 23.0557 22.1944 22.9356C21.5146 21.8682 21.2547 20.9943 21.2547 20.2805C21.2547 19.3665 21.6812 18.7394 22.1011 18.3592C22.521 17.9789 22.9276 17.8321 22.9476 17.8255C23.0609 17.7854 23.1742 17.8255 23.2408 17.9322C23.3008 18.0323 23.2808 18.1657 23.1808 18.2391C23.0142 18.3792 22.9476 18.5393 22.9276 18.7194C23.2342 18.3658 23.6474 18.0189 23.6541 18.0123C23.7474 17.9255 23.9007 17.9322 23.9873 18.0323C24.0739 18.1257 24.0673 18.2724 23.9806 18.3725C23.9207 18.4392 23.914 18.4726 23.914 18.5126C23.9007 18.5926 23.994 18.7327 24.034 18.7861C24.1206 18.8462 24.1939 18.9062 24.2472 18.9796C24.7338 18.2324 25.4403 17.7921 25.4469 17.7788C25.5469 17.7187 25.6669 17.7321 25.7469 17.8121C25.8268 17.8922 25.8402 18.0123 25.7802 18.1056C25.5202 18.5326 25.4536 18.8395 25.4536 19.0396C25.4536 19.3532 25.6136 19.4599 25.6336 19.4799L25.7002 19.5466C26.2067 20.2404 26.3934 20.8675 26.3867 21.4012C26.38 22.522 25.6002 23.1224 25.5802 23.1424C25.5402 23.1758 25.4869 23.1958 25.4336 23.1958C25.3603 23.1958 25.287 23.1624 25.2403 23.1024" fill="#004EA2"/>
<path d="M31.652 26.2045C31.6054 26.1578 31.5787 26.0978 31.5787 26.031V25.3839C31.5787 25.3039 31.6254 25.2238 31.6987 25.1771C32.7518 24.5234 32.7851 23.6494 32.7851 23.496V23.4493C32.7918 23.3826 32.7918 23.3225 32.7918 23.2625C32.7918 22.7021 32.5918 22.3752 32.3519 22.1484C32.1053 21.9283 31.7987 21.8082 31.5921 21.7615C31.4854 21.7348 31.4054 21.7214 31.3854 21.7214C30.2457 21.7214 29.8192 22.6354 29.7259 22.8622C29.7192 22.8822 29.7125 22.8889 29.7125 22.8956C29.6592 23.1491 29.6325 23.3692 29.6325 23.5694C29.6325 24.6234 30.2724 24.997 30.4124 25.0837C30.4323 25.0904 30.439 25.0971 30.439 25.0971C30.5257 25.1371 30.579 25.2238 30.579 25.3172V26.0244C30.579 26.0844 30.5523 26.1511 30.5123 26.1912C30.4657 26.2379 30.4057 26.2645 30.339 26.2645H29.2726C29.1393 26.2645 29.026 26.1578 29.026 26.0244C29.026 25.8909 29.1393 25.7842 29.2726 25.7842H30.1058V25.4573C29.8058 25.2705 29.1593 24.7168 29.1593 23.5694C29.1593 23.3292 29.1793 23.069 29.246 22.7822V22.7622C29.246 22.7622 29.3726 22.3752 29.6992 22.0016C30.0191 21.628 30.5723 21.2411 31.3921 21.2411H31.4121C31.4121 21.2411 31.872 21.2745 32.3319 21.548C32.7918 21.8082 33.2783 22.3552 33.2716 23.2692C33.2716 23.3359 33.265 23.4026 33.265 23.476V23.5093C33.265 23.7362 33.1916 24.7702 32.0586 25.524V25.7976H33.025C33.1583 25.7976 33.265 25.8909 33.2716 26.031C33.2716 26.1711 33.165 26.2712 33.0317 26.2712L31.8253 26.2846C31.7653 26.2846 31.7054 26.2579 31.6587 26.2178" fill="#004EA2"/>
<path d="M22.4877 36.198C22.3544 36.1713 22.2677 36.0512 22.2877 35.9178C22.3544 35.5308 22.361 34.7503 22.3544 34.7503C22.3544 34.6169 22.4677 34.5101 22.5943 34.5101C22.7343 34.5101 22.8409 34.6169 22.8409 34.7503C22.8409 34.7503 22.8409 35.5308 22.7676 35.9978C22.7476 36.1112 22.6476 36.198 22.5277 36.198C22.5143 36.198 22.5077 36.198 22.4877 36.198Z" fill="#004EA2"/>
<path d="M14.6696 11.2543C15.0495 11.0008 14.6896 10.4605 14.3097 10.714C13.9232 10.9741 14.2897 11.5145 14.6696 11.2543Z" fill="#004EA2"/>
<path d="M15.2828 10.8807C15.2828 11.0075 15.2562 11.1342 15.1962 11.2543C15.3828 11.0609 15.6561 10.9675 15.896 10.9675L15.7627 10.774L15.3961 11.0275L15.2895 10.8874L15.2828 10.8807Z" fill="#004EA2"/>
<path d="M15.5361 10.4404L15.3828 10.2003L15.0829 10.4071C15.1629 10.4604 15.2095 10.5472 15.2428 10.6406L15.5361 10.4404Z" fill="#004EA2"/>
<path d="M11.1372 15.6506C11.4038 15.8308 11.6371 15.9442 11.8437 15.9842C12.0636 16.0309 12.2236 15.9842 12.3169 15.8441C12.4169 15.704 12.3969 15.5372 12.2769 15.3438C12.1636 15.177 11.9703 14.9969 11.7037 14.8101C11.4438 14.63 11.2038 14.5165 11.0039 14.4698C10.7706 14.4231 10.6107 14.4698 10.5174 14.6099C10.4174 14.75 10.4374 14.9168 10.5707 15.1103C10.684 15.2837 10.8706 15.4639 11.1372 15.644" fill="#004EA2"/>
<path d="M12.6702 33.1359C12.7835 32.9357 12.7901 32.7756 12.6901 32.6355C12.5835 32.5021 12.4169 32.4621 12.1969 32.5288C12.0037 32.5822 11.7704 32.7089 11.5238 32.9091C11.2705 33.1025 11.0905 33.296 10.9839 33.4761C10.8706 33.6829 10.8639 33.8497 10.9706 33.9831C11.0772 34.1165 11.2372 34.1499 11.4571 34.0899C11.6571 34.0298 11.8903 33.9031 12.1436 33.7096C12.3902 33.5095 12.5702 33.3227 12.6768 33.1359" fill="#004EA2"/>
<path d="M8.32457 24.4099L9.53093 24.1564H9.52427L8.3179 23.9296L8.32457 24.4099Z" fill="#004EA2"/>
<path d="M29.3659 9.34636C29.5059 9.00613 28.9261 8.7793 28.7994 9.11954C28.6661 9.45977 29.2326 9.68659 29.3659 9.34636Z" fill="#004EA2"/>
<path d="M36.4508 17.4452H36.4575L37.6372 17.1116L37.4239 16.6914L36.4508 17.4452Z" fill="#004EA2"/>
<path d="M17.429 10.6539L17.6022 11.0609L18.7953 10.5538L18.6287 10.1536L17.429 10.6539Z" fill="#004EA2"/>
<path d="M35.851 15.3371C35.771 15.3371 35.671 15.3638 35.5444 15.4505C35.4578 15.5172 35.3911 15.5706 35.3511 15.644C35.3045 15.7307 35.3045 15.8174 35.3578 15.8975L35.631 16.2978L36.3109 15.8441L36.0576 15.4639C35.9976 15.3771 35.9376 15.3371 35.851 15.3304" fill="#004EA2"/>
<path d="M23.4741 8.25895C23.4674 7.89203 22.8542 7.89871 22.8542 8.25895C22.8542 8.62587 23.4741 8.6192 23.4741 8.25895Z" fill="#004EA2"/>
<path d="M15.5561 11.4811C15.0829 11.8014 15.5294 12.4618 16.0026 12.1483C16.4825 11.828 16.036 11.1609 15.5561 11.4811Z" fill="#004EA2"/>
<path d="M19.735 38.9999L20.1883 39.1133L20.2482 37.8858L19.735 38.9999Z" fill="#004EA2"/>
<path d="M14.9629 34.9638C14.8229 34.8637 14.6563 34.8637 14.4564 34.9704C14.2764 35.0705 14.0831 35.2506 13.8832 35.4975C13.6832 35.751 13.5566 35.9778 13.4966 36.1713C13.4366 36.3981 13.4699 36.5582 13.6032 36.6649C13.7299 36.7717 13.8965 36.765 14.1031 36.6516C14.2831 36.5515 14.4764 36.3714 14.6763 36.1246C14.8763 35.8711 15.0096 35.6442 15.0695 35.4441C15.1362 35.224 15.1029 35.0638 14.9696 34.9504" fill="#004EA2"/>
<path d="M36.3842 30.5541L37.3506 31.3146L37.5639 30.8877L36.3842 30.5474V30.5541Z" fill="#004EA2"/>
<path d="M31.2855 36.0979C31.2055 36.0445 31.1188 36.0445 31.0322 36.0979L30.619 36.3514L31.0455 37.0452L31.4388 36.805C31.5187 36.7517 31.5654 36.685 31.5787 36.6049C31.592 36.5182 31.5521 36.4181 31.4787 36.2914C31.4188 36.2046 31.3588 36.1379 31.2921 36.0912" fill="#004EA2"/>
<path d="M39.1302 27.2385C38.9702 27.1385 38.7502 27.0584 38.477 26.9917C38.0904 26.905 37.8105 26.8916 37.6372 26.9583C37.5239 27.005 37.4506 27.0784 37.4306 27.1985L37.3506 27.5588L39.2968 27.9924L39.3834 27.6255C39.4167 27.4854 39.3368 27.3519 39.1368 27.2319" fill="#004EA2"/>
<path d="M23.8073 6.07747C14.3031 6.07747 6.59834 14.0095 6.59834 23.7962C6.59834 33.5828 14.3031 41.5149 23.8073 41.5149C33.3116 41.5149 41.0097 33.5828 41.0097 23.7962C41.0097 14.0095 33.305 6.07747 23.8073 6.07747ZM40.3432 23.8496L37.2973 23.9897L37.2373 22.6287L37.7772 22.602L37.8238 23.5894L38.4637 23.5627L38.4237 22.6554L38.9569 22.6354L38.9969 23.536L39.79 23.5027L39.75 22.4753L40.2832 22.4486L40.3498 23.8629L40.3432 23.8496ZM40.0099 20.614L37.6772 21.0076L40.0699 20.9609L40.1299 21.3345L37.8571 22.0683L40.1899 21.6747L40.2432 22.035L37.244 22.542L37.1507 21.9816L39.3634 21.2678L37.0373 21.3212L36.944 20.7675L39.95 20.2605L40.0099 20.614ZM39.8366 19.8668L36.8907 20.654L36.7907 20.2805L39.7433 19.4933L39.8366 19.8668ZM39.2368 17.9189L37.4506 19.3732L39.4967 18.6393L39.6167 18.9796L36.7508 20.0136L36.6108 19.6334L38.357 18.2191L36.3642 18.9329L36.2376 18.5927L39.1035 17.5586L39.2368 17.9255V17.9189ZM23.7007 10.8407C30.9056 10.8407 36.7508 16.6847 36.7508 23.9029C36.7508 31.1212 30.9056 36.9585 23.7007 36.9585C16.4959 36.9585 10.6507 31.1145 10.6507 23.9029C10.6507 16.6914 16.4959 10.8407 23.7007 10.8407ZM16.8291 10.4738L18.9219 9.59319L19.4018 10.7273L17.6422 11.4678C17.4556 11.5412 17.2423 11.4678 17.1823 11.301L16.8291 10.4738ZM22.4077 9.05283L24.6805 9.03281V10.1202H24.2072V9.43976L22.4144 9.4531V9.04616L22.4077 9.05283ZM38.3504 15.9709L37.8438 16.3578L38.1571 16.9715L38.7702 16.8048L38.9569 17.1717L35.9376 17.9522L35.731 17.5519L38.1571 15.5906L38.3504 15.9709ZM36.9174 14.1096C36.9774 14.0629 37.004 14.0095 37.004 13.9628L37.0773 13.9161L37.3173 14.2764C37.2573 14.3364 37.1906 14.3898 37.124 14.4432C37.044 14.5032 36.944 14.5766 36.8174 14.6566C36.6308 14.7834 36.5175 14.8768 36.4775 14.9435C36.4242 15.0236 36.4308 15.117 36.5042 15.2304L36.7308 15.5639L37.7238 14.9035L37.9305 15.217L35.3978 16.9182L34.8712 16.1376C34.7513 15.9642 34.7579 15.7641 34.8846 15.5573C34.9712 15.4105 35.0978 15.2837 35.2645 15.177C35.4111 15.0769 35.5444 15.0169 35.6844 14.9902C35.8243 14.9635 35.9443 14.9702 36.0309 15.0169C36.0309 14.9035 36.0643 14.8167 36.1176 14.75C36.1842 14.6566 36.3309 14.5366 36.5441 14.3898C36.7441 14.2564 36.8641 14.1763 36.9107 14.1296M36.2042 12.8554L36.4575 13.1489L35.5777 13.9028L34.5646 15.6373L34.258 15.2904L35.0045 14.1296L33.7648 14.7167L33.4782 14.3831L35.3244 13.6026L36.1976 12.8621L36.2042 12.8554ZM34.5313 12.5485C34.5313 13.0689 33.7448 13.0689 33.7448 12.5485C33.7448 12.0282 34.5313 12.0282 34.5313 12.5485ZM31.3654 11.5946L31.912 10.7473L32.3185 11.0075L31.772 11.8547L31.9453 11.9681C32.2119 11.7747 32.3385 11.5612 32.3919 11.4811C32.4518 11.3944 32.9051 10.6806 32.9051 10.6806L31.3521 9.67992L31.5654 9.33969L33.5316 10.6072L32.8051 11.7413C32.8051 11.7413 32.6051 12.0549 32.3585 12.2283L32.5585 12.3617L32.3452 12.6953L30.1657 11.2877L30.379 10.9541L30.7323 11.1809L31.2788 10.3337L31.6854 10.5939L31.1388 11.4478L31.3588 11.5879L31.3654 11.5946ZM30.8123 8.95276L30.6056 9.47311L30.9322 9.60654L30.7856 9.98012L30.4657 9.8467L30.2324 10.4271L29.7792 10.2536L30.3657 8.77931L30.8189 8.95943L30.8123 8.95276ZM28.3395 8.93274C28.3995 8.77264 28.5328 8.65923 28.6928 8.59251L28.4795 8.50579L28.6261 8.13887L29.166 8.35235L29.2326 8.1789L29.6859 8.35902L29.6259 8.5258L30.1591 8.73928L30.0124 9.1062L29.7925 9.01947C29.8592 9.17958 29.8725 9.35303 29.8125 9.50647C29.4859 10.327 28.013 9.73996 28.3395 8.9194M28.0863 9.67992L30.1991 10.5205L29.7992 11.5278L29.3526 11.3477L29.5992 10.7206L27.9396 10.0602L28.0863 9.68659V9.67992ZM25.5402 7.42505L26.7133 7.6452L26.64 8.03213L25.9401 7.90538L25.6935 9.27965L26.52 9.43309L26.8532 7.65187L27.3198 7.7386L27.1398 8.70592L27.2665 8.73261L27.4464 7.76528L27.913 7.85201L27.4064 10.5805L26.9466 10.4938L27.1932 9.12621L27.0665 9.09952L26.8133 10.4671L26.3467 10.3804L26.4533 9.82669C26.1601 9.77332 25.6336 9.67325 25.5602 9.65991C25.3336 9.61988 25.1737 9.41307 25.2137 9.19959C25.2337 9.07951 25.5469 7.42505 25.5469 7.42505M24.6671 7.35167V7.91872H25.0204V8.31899H24.6738V8.94609H24.2006L24.1806 7.35834H24.6671V7.35167ZM22.9142 7.42505V7.23826H23.4008V7.41838H23.9806V7.81198H23.7407C23.8607 7.93206 23.9406 8.0855 23.9406 8.25895C23.9473 9.13955 22.361 9.15289 22.3544 8.27897C22.3544 8.09884 22.4277 7.94541 22.5543 7.82532H22.3277V7.43172H22.9076L22.9142 7.42505ZM22.0944 10.1469C22.0944 10.1469 20.3282 10.5071 20.2149 10.5272C19.9816 10.5739 19.7684 10.4404 19.7284 10.2136C19.7084 10.1069 19.6084 9.63322 19.6084 9.63322L20.0816 9.53982L20.2016 10.1202L22.0278 9.74663L22.1011 10.1469H22.0944ZM19.695 7.82532L20.1749 7.72526C20.3149 8.41239 20.4549 8.86603 21.3013 8.65255C21.3013 8.64588 21.0747 7.53179 21.0747 7.53179L21.5479 7.43172L21.9545 9.41974L21.4813 9.51314L21.388 9.0595C20.7148 9.23295 20.2949 9.02614 20.1616 8.8727C20.1016 9.07284 19.8017 9.3597 19.4151 9.45977L19.3351 9.04616C19.935 8.85269 19.8017 8.29898 19.7017 7.832M16.6292 8.91273L16.9624 9.72662L18.2221 9.19292L17.8755 8.37236L18.3221 8.18557L18.502 8.61253L18.8219 8.47243L18.9819 8.83935L18.6553 8.97277L18.8819 9.51314L18.442 9.69993L18.3754 9.55317C17.9821 9.71995 17.1357 10.0802 17.0624 10.1069C16.8424 10.2003 16.6025 10.1069 16.5225 9.91341C16.4825 9.8 16.1826 9.09285 16.1826 9.09285L16.6292 8.90606V8.91273ZM14.0831 10.3737C14.3364 10.2003 14.6497 10.1736 14.8896 10.287L14.783 10.1336L15.1562 9.88006L15.0695 9.74663L15.4694 9.47978L16.3825 10.8274L16.1226 11.0075C16.8358 11.2143 16.8158 12.0949 16.2293 12.4885C15.4828 12.9955 14.5763 12.3284 14.9962 11.5145C14.1964 12.2884 13.0501 11.0742 14.0831 10.3804M13.9032 12.5485C13.9032 13.0689 13.1167 13.0689 13.1167 12.5485C13.1167 12.0282 13.9032 12.0282 13.9032 12.5485ZM11.5571 12.5952L12.4302 13.3558L14.2897 14.1096L13.9832 14.4565L12.7301 13.8828L13.4899 15.0302L13.1967 15.3638L12.1636 13.6493L11.3038 12.8954L11.5571 12.6019V12.5952ZM10.0708 14.3097C10.2441 14.0696 10.504 13.9695 10.8639 14.0295C11.1839 14.0696 11.5438 14.2297 11.9303 14.4899C12.3169 14.75 12.5902 15.0302 12.7501 15.3104C12.9301 15.624 12.9367 15.9042 12.7701 16.151C12.6035 16.3912 12.3436 16.4845 11.9837 16.4378C11.6571 16.3912 11.3105 16.2377 10.9239 15.9709C10.5374 15.704 10.2641 15.4305 10.0975 15.1503C9.91751 14.8301 9.91751 14.5566 10.0708 14.3164M8.99774 16.111C9.11104 15.8975 9.26434 15.7774 9.49095 15.744C9.71089 15.7107 9.99749 15.7841 10.3307 15.9575L12.1503 16.8915L11.9703 17.2451L10.1574 16.3178C9.97749 16.2244 9.83753 16.1777 9.73089 16.1843C9.61758 16.1843 9.5376 16.2511 9.48428 16.3578C9.4243 16.4645 9.43096 16.5646 9.49095 16.6713C9.55093 16.7714 9.66424 16.8581 9.83086 16.9449L11.6437 17.8722L11.4638 18.2257L9.64424 17.2918C9.31099 17.125 9.09105 16.9315 8.99107 16.7314C8.8911 16.5379 8.89776 16.3244 9.0044 16.1176M8.12463 18.3858L10.4174 18.4259L8.38456 17.6654L8.5112 17.3251L11.3771 18.3858L11.2372 18.7661L8.99107 18.7261L10.9839 19.4666L10.8573 19.8068L7.99799 18.7528L8.13796 18.3858H8.12463ZM7.47812 20.634L7.85803 20.6807C7.74472 20.594 7.65808 20.5073 7.60476 20.4206C7.53144 20.2938 7.50478 20.1604 7.54477 20.0069C7.59809 19.7735 7.77138 19.6133 8.06464 19.5199C8.39123 19.4199 8.80445 19.4265 9.30433 19.5466C9.76421 19.6534 10.1175 19.8068 10.3707 20.0203C10.6573 20.2538 10.764 20.5206 10.6973 20.8075C10.644 21.0543 10.4774 21.2278 10.2174 21.3212C9.99749 21.3946 9.76421 21.4079 9.51094 21.3679L9.60425 20.9876C9.68423 21.0076 9.79087 20.9943 9.91084 20.9609C10.0641 20.9142 10.1574 20.8275 10.1774 20.7141C10.2108 20.5673 10.1574 20.4272 10.0175 20.2938C9.85086 20.147 9.57759 20.027 9.21102 19.9402C8.82445 19.8535 8.53786 19.8402 8.33791 19.9135C8.17795 19.9669 8.07797 20.067 8.04465 20.2271C8.02465 20.3071 8.04465 20.3872 8.09797 20.4673C8.18461 20.6007 8.3579 20.7208 8.61784 20.8208L8.71781 20.4005L9.21768 20.5206L9.03773 21.2745L7.41147 20.8942L7.47146 20.6474L7.47812 20.634ZM7.23818 22.5086L9.48428 21.9816L7.31816 21.7481L7.35815 21.3879L10.3974 21.7081L10.3574 22.115L8.16462 22.6287L10.2774 22.8555L10.2441 23.2158L7.21152 22.8956L7.25151 22.5086H7.23818ZM7.17153 24.6501L7.80471 24.5233V23.8362L7.16487 23.7161V23.3025L10.2241 23.9229V24.3699L7.18486 25.0637V24.6434L7.17153 24.6501ZM7.40481 26.9183L9.75088 26.5914L7.35149 26.5714L7.30483 26.1978L9.59759 25.524L7.25818 25.8509L7.20486 25.4907L10.2308 25.057L10.3107 25.6241L8.07131 26.2779L10.4041 26.2845L10.4774 26.8449L7.45813 27.2719L7.40481 26.9116V26.9183ZM7.85136 28.8329L10.2441 28.0724L10.0708 27.5387L10.5907 27.372L11.0506 28.8129L10.5307 28.9797L10.3641 28.4393L7.97133 29.1999L7.85803 28.8263L7.85136 28.8329ZM8.75113 31.1879L9.99749 30.6275L9.70423 29.9671L8.45788 30.5274L8.29792 30.1739L11.0772 28.9197L11.2372 29.2732L10.1841 29.7469L10.4774 30.4074L11.5304 29.9337L11.6904 30.2873L8.91109 31.5415L8.75113 31.1879ZM9.89085 33.2493L9.16436 32.0418L11.777 30.4674L12.4835 31.6415L12.017 31.9217L11.5038 31.0745L10.9572 31.4014L11.4238 32.1752L10.9639 32.4487L10.4907 31.6749L9.81087 32.0818L10.3374 32.9691L9.87752 33.2493H9.89085ZM10.544 34.31C10.3574 34.0765 10.3507 33.803 10.5107 33.4761C10.6507 33.1826 10.9039 32.8957 11.2772 32.6022C11.6437 32.3153 11.9903 32.1352 12.3036 32.0752C12.6635 32.0018 12.9301 32.0752 13.11 32.3086C13.29 32.5421 13.3033 32.8157 13.1434 33.1425C13.0034 33.4361 12.7501 33.7296 12.3769 34.0165C12.0103 34.3033 11.6704 34.4835 11.3505 34.5502C10.9972 34.6236 10.7306 34.5502 10.5507 34.3167M12.3969 36.2113L11.4771 35.2773L13.6432 33.1292L13.9165 33.4027L12.1369 35.1639L12.7901 35.8177L12.3969 36.2046V36.2113ZM14.0965 37.1319C13.7699 37.2854 13.4899 37.272 13.2633 37.0919C13.0301 36.9051 12.9567 36.6383 13.0367 36.2847C13.1034 35.9645 13.29 35.6242 13.5833 35.2573C13.8765 34.8971 14.1698 34.6436 14.463 34.5035C14.7963 34.35 15.0695 34.3634 15.3028 34.5502C15.5294 34.7303 15.6027 34.9971 15.5294 35.3507C15.4561 35.6709 15.2762 36.0112 14.9762 36.3781C14.6896 36.7383 14.3897 36.9985 14.1031 37.1319M15.5894 38.5863L15.7494 38.2393C15.6361 38.3194 15.5294 38.3794 15.4295 38.3995C15.2828 38.4328 15.1495 38.4061 15.0162 38.3327C14.8096 38.2127 14.7096 37.9925 14.7096 37.679C14.7096 37.3454 14.8496 36.9518 15.1229 36.5115C15.3628 36.1112 15.6227 35.8177 15.896 35.6376C16.2093 35.4374 16.4892 35.4174 16.7425 35.5709C16.9624 35.7043 17.0824 35.9111 17.0824 36.198C17.089 36.4248 17.0291 36.6516 16.9157 36.8717L16.5825 36.6716C16.6292 36.5916 16.6491 36.4915 16.6491 36.3581C16.6491 36.2046 16.5958 36.0912 16.4959 36.0312C16.3626 35.9511 16.2159 35.9645 16.0426 36.0579C15.8493 36.1713 15.6561 36.3848 15.4561 36.7183C15.2495 37.0519 15.1495 37.3254 15.1562 37.5389C15.1562 37.7123 15.2295 37.8324 15.3628 37.9191C15.4361 37.9592 15.5161 37.9658 15.6094 37.9458C15.776 37.9058 15.936 37.779 16.1093 37.5589L15.736 37.3321L16.0026 36.8918L16.6691 37.292L15.8094 38.7197L15.5894 38.5863ZM16.1959 38.8731L17.5289 36.1312L17.8755 36.298L16.5425 39.0399L16.1959 38.8731ZM18.3421 39.5669C18.1354 39.7137 17.9288 39.747 17.7155 39.667C17.4756 39.5736 17.3356 39.3735 17.289 39.0666C17.249 38.7397 17.3156 38.3261 17.5089 37.8324C17.6956 37.3387 17.9155 36.9918 18.1688 36.7784C18.4087 36.5849 18.642 36.5315 18.8753 36.6182C19.1152 36.705 19.2552 36.8918 19.3085 37.1786C19.3485 37.4121 19.3285 37.6523 19.2485 37.9125L18.8819 37.7724C18.9086 37.6256 18.9219 37.5122 18.9086 37.4321C18.8886 37.2854 18.8153 37.1853 18.682 37.1386C18.5687 37.0986 18.4487 37.1253 18.3287 37.2253C18.1621 37.3654 18.0021 37.6189 17.8688 37.9858C17.7555 38.2794 17.6955 38.5329 17.6955 38.7263C17.6955 38.9465 17.7689 39.0933 17.9155 39.1533C18.0155 39.1867 18.1154 39.1733 18.2154 39.1066C18.3154 39.0399 18.4087 38.9332 18.502 38.7664L18.8619 38.9065C18.702 39.2133 18.522 39.4335 18.3287 39.5736M20.5482 40.3875L20.1416 40.2874L20.1749 39.6403L19.5084 39.4802L19.2285 40.0606L18.8286 39.9605L20.1883 37.1519L20.6281 37.2587L20.5482 40.3808V40.3875ZM22.2611 40.621L20.9614 40.4542L21.3413 37.4255L21.7279 37.4722L21.4146 39.9538L22.3344 40.0673L22.2611 40.6143V40.621ZM24.6338 40.4875C24.5072 40.6743 24.3272 40.7677 24.0873 40.7744C23.854 40.7744 23.6674 40.6944 23.5407 40.5209C23.4008 40.3408 23.3275 40.0606 23.3208 39.687L23.2608 37.6389L23.6607 37.6256L23.714 39.667C23.7207 39.8671 23.7474 40.0072 23.8073 40.1006C23.8607 40.194 23.954 40.2407 24.0739 40.2407C24.2006 40.2407 24.2872 40.1807 24.3405 40.0806C24.4005 39.9805 24.4205 39.8404 24.4139 39.6536L24.3605 37.6189L24.7604 37.6056L24.8138 39.6536C24.8271 40.0272 24.7604 40.3074 24.6338 40.5009M26.5067 40.4475L25.4269 38.4128L25.7535 40.5609L25.3936 40.6143L24.9337 37.5989L25.3403 37.5322L26.3934 39.5269L26.0734 37.4255L26.4334 37.3721L26.8932 40.3941L26.5067 40.4542V40.4475ZM27.3331 40.2807L26.6133 37.312L26.9932 37.2253L27.713 40.194L27.3398 40.2807H27.3331ZM29.9525 39.4735L28.6861 36.705L29.066 39.8604L28.7128 39.9805L27.1398 37.212L27.5397 37.0786L28.6661 39.22L28.2995 36.8317L28.6795 36.705L29.9258 36.1312L30.1458 36.6249L29.2526 37.0385L29.5192 37.6189L30.339 37.2387L30.559 37.7257L29.7392 38.1059L30.0658 38.8264L31.0055 38.3995L31.2321 38.8931L29.9458 39.4802L29.9525 39.4735ZM32.5718 38.1126C32.5185 38.0592 32.4652 37.9858 32.4118 37.9191C32.3585 37.8391 32.2919 37.7323 32.2119 37.6123C32.0919 37.4188 31.9986 37.292 31.9386 37.252C31.8587 37.1986 31.7653 37.2053 31.652 37.2787L31.3055 37.4855L31.9253 38.5062L31.6054 38.6997L30.0124 36.0912L30.8189 35.6042C31.0055 35.4908 31.1988 35.5042 31.3988 35.6376C31.5387 35.731 31.6654 35.8644 31.7653 36.0378C31.8587 36.1846 31.912 36.3247 31.932 36.4581C31.9586 36.5982 31.9453 36.7183 31.892 36.805C31.9986 36.8117 32.0853 36.8451 32.1519 36.8984C32.2519 36.9785 32.3585 37.1253 32.4985 37.3454C32.6251 37.5522 32.7051 37.679 32.7451 37.7257C32.7918 37.7857 32.8384 37.8191 32.8851 37.8191L32.9317 37.8924L32.5651 38.1126H32.5718ZM33.9515 37.2587C33.7115 37.4388 33.4649 37.4788 33.2116 37.3721C33.025 37.292 32.8584 37.1453 32.6851 36.9318L32.9784 36.6983C33.065 36.8117 33.1517 36.8784 33.2383 36.9251C33.3649 36.9785 33.4849 36.9585 33.6049 36.8651C33.6849 36.7984 33.7515 36.725 33.7648 36.6449C33.7915 36.5449 33.7648 36.4314 33.6715 36.318C33.6315 36.2713 33.5916 36.2313 33.5649 36.2113C33.5249 36.1846 33.4849 36.1713 33.4383 36.1713C33.3983 36.1713 33.3383 36.1713 33.265 36.1913C33.2183 36.198 33.125 36.218 32.9984 36.258C32.7784 36.3114 32.5918 36.318 32.4452 36.2847C32.2519 36.238 32.0653 36.1112 31.9053 35.9044C31.7587 35.711 31.6654 35.5308 31.6387 35.3507C31.6054 35.1039 31.6854 34.8971 31.8986 34.737C32.0986 34.5769 32.3185 34.5502 32.5718 34.6569C32.7651 34.737 32.9384 34.8837 33.0983 35.0839L32.8051 35.3107C32.7318 35.2106 32.6451 35.1439 32.5651 35.1106C32.4385 35.0505 32.3185 35.0705 32.2052 35.1639C32.1386 35.2173 32.0919 35.284 32.0786 35.3574C32.0586 35.4508 32.0786 35.5375 32.1519 35.6176C32.2186 35.7043 32.2985 35.7577 32.3985 35.7777C32.4852 35.791 32.6318 35.7777 32.8117 35.7243C33.085 35.6509 33.2983 35.6376 33.4516 35.6776C33.6049 35.7243 33.7648 35.8511 33.9315 36.0579C34.1647 36.3581 34.2514 36.6383 34.1914 36.8918C34.1581 37.0452 34.0781 37.1786 33.9515 37.2787M34.7713 36.4515L32.6918 34.2166L32.9784 33.9564L35.0578 36.1913L34.7779 36.4515H34.7713ZM36.9507 34.0698L36.0176 33.3894L34.1714 32.8223L34.5113 33.1292L34.1248 33.5428L35.9776 35.2373L35.711 35.5242L33.8648 33.8297L33.4849 34.2433L33.085 33.8764L34.1048 32.7623L34.1181 32.7756L34.3647 32.4354L35.671 32.8957L34.8112 31.8216L35.0712 31.4614L36.2509 33.0825L37.1773 33.7563L36.9507 34.0698ZM38.6969 31.2012L38.0771 31.0211L37.7705 31.6349L38.277 32.0351L38.0971 32.402L35.671 30.434L35.871 30.0338L38.8902 30.8276L38.6969 31.2012ZM39.4367 29.3867L37.1307 29.3666L39.1768 30.1071L39.0568 30.4474L36.1842 29.4133L36.3175 29.0264L38.5636 29.0464L36.5708 28.3259L36.6908 27.9857L39.5634 29.0197L39.4301 29.3867H39.4367ZM39.73 28.486L36.7508 27.8189L36.9307 27.0184C36.9907 26.7515 37.1973 26.5848 37.5572 26.5381C37.8305 26.498 38.1504 26.518 38.5103 26.6048C38.9102 26.6982 39.2435 26.8249 39.4901 26.985C39.8233 27.1985 39.9566 27.4387 39.8966 27.7055L39.7233 28.4927L39.73 28.486ZM39.9766 25.7175C39.7967 25.7975 39.57 25.8309 39.2968 25.8109L39.3234 25.4373C39.4634 25.444 39.5767 25.4373 39.67 25.3906C39.79 25.3306 39.8566 25.2305 39.8633 25.0771C39.8633 24.9703 39.85 24.8769 39.8033 24.8102C39.7433 24.7235 39.6434 24.6768 39.4967 24.6634C39.4301 24.6634 39.3768 24.6634 39.3434 24.6768C39.3034 24.6835 39.2635 24.7035 39.2368 24.7368C39.2101 24.7635 39.1701 24.8169 39.1302 24.8836C39.1102 24.9236 39.0635 25.0037 39.0035 25.1238C38.8902 25.3239 38.7769 25.4707 38.6503 25.5574C38.4837 25.6708 38.2637 25.7175 38.0104 25.7042C37.7705 25.6908 37.5772 25.6308 37.4239 25.5374C37.2173 25.4039 37.1173 25.2038 37.1373 24.937C37.1507 24.6835 37.284 24.4967 37.5239 24.3833C37.7105 24.2965 37.9371 24.2565 38.1904 24.2765L38.1637 24.6434C38.0371 24.6434 37.9371 24.6568 37.8571 24.6901C37.7305 24.7435 37.6639 24.8502 37.6639 24.997C37.6639 25.0837 37.6705 25.1638 37.7238 25.2238C37.7705 25.2972 37.8571 25.3372 37.9638 25.3439C38.0838 25.3573 38.1771 25.3239 38.2504 25.2639C38.3237 25.2038 38.4037 25.0904 38.4903 24.9169C38.617 24.6634 38.7436 24.49 38.8769 24.4099C39.0235 24.3232 39.2235 24.2832 39.4901 24.3032C39.8633 24.3232 40.1299 24.4433 40.2765 24.6568C40.3698 24.7902 40.4165 24.937 40.4032 25.0971C40.3765 25.3973 40.2432 25.6108 39.9899 25.7242" fill="#004EA2"/>
<path d="M119.19 6.99142H115.704V20.0003H119.19V6.99142Z" fill="#004EA2"/>
<path d="M144.284 11.1476H142.051V6.99142H138.558V18.1924H142.051V13.4358H144.284V11.1476Z" fill="#004EA2"/>
<path d="M70.5956 8.9194H67.6963L68.2228 11.0875H70.5956V13.676H67.6963L68.2228 15.8441H70.5956V18.4325H74.0814V7.1115H70.5956V8.9194Z" fill="#004EA2"/>
<path d="M96.4824 6.99142H92.9899V17.1116H96.4824V12.8354H98.3819V10.5472H96.4824V6.99142Z" fill="#004EA2"/>
<path d="M161.879 7.1115V13.8561H160.413V7.1115H157.067V26.1445H160.413V16.0242H161.879V26.1445H165.225V7.1115H161.879Z" fill="#004EA2"/>
<path d="M67.7896 12.7287C67.7896 9.62655 64.7437 7.1115 60.9847 7.1115C57.2256 7.1115 54.1864 9.62655 54.1864 12.7287C54.1864 15.8308 57.2323 18.3458 60.9847 18.3458C64.737 18.3458 67.7896 15.8308 67.7896 12.7287ZM57.5189 12.7287C57.5189 10.8207 59.0718 9.27297 60.9847 9.27297C62.8975 9.27297 64.4571 10.8207 64.4571 12.7287C64.4571 14.6366 62.8975 16.1843 60.9847 16.1843C59.0718 16.1843 57.5189 14.6366 57.5189 12.7287Z" fill="#004EA2"/>
<path d="M65.5902 18.7928C60.3515 18.7928 56.1059 20.5206 56.1059 22.6487C56.1059 24.7769 60.3515 26.5047 65.5902 26.5047C70.8289 26.5047 75.0745 24.7769 75.0745 22.6487C75.0745 20.5206 70.8289 18.7928 65.5902 18.7928ZM65.5902 24.2165C62.1377 24.2165 59.3384 23.516 59.3384 22.6487C59.3384 21.7815 62.1377 21.081 65.5902 21.081C69.0426 21.081 71.8486 21.7748 71.8486 22.6487C71.8486 23.5227 69.0426 24.2165 65.5902 24.2165Z" fill="#004EA2"/>
<path d="M76.794 7.832H80.1398V12.4685C80.1398 12.4685 79.9399 14.3965 81.9127 14.3965C81.9127 14.3965 87.7113 14.63 90.2106 13.8494L90.6705 15.7774C90.6705 15.7774 90.5372 16.618 86.4516 16.618H79.9399C79.9399 16.618 76.9073 17.0449 76.774 13.5492L76.7873 7.82533L76.794 7.832Z" fill="#004EA2"/>
<path d="M78.2336 18.0123H81.4662V22.5287C81.4662 22.5287 81.3262 23.7962 82.6459 23.7962H93.0566V20.1804H82.7792L81.7261 18.0123H96.5424V26.1445H81.0663C81.0663 26.1445 78.247 26.3846 78.247 23.1357L78.2336 18.0123Z" fill="#004EA2"/>
<path d="M119.317 26.2045H103.834C103.834 26.2045 101.015 26.4447 101.015 23.1958L101.001 18.8595H104.227V22.5954C104.227 22.5954 104.094 23.8629 105.413 23.8629H119.263L119.31 26.2112L119.317 26.2045Z" fill="#004EA2"/>
<path d="M105.04 7.41171H108.333V9.64656C108.333 9.64656 108.133 15.3638 114.651 15.5439L113.198 18.1924C113.198 18.1924 107.74 17.592 106.813 13.6159C106.813 13.6159 105.693 17.0516 100.361 17.7721L99.375 15.2437C99.375 15.2437 105.3 15.0636 104.974 9.57985L105.047 7.41171H105.04Z" fill="#004EA2"/>
<path d="M131.28 11.6012C131.634 12.0615 131.84 12.6353 131.84 13.2557C131.84 14.7834 130.574 16.0309 129.008 16.0309C127.441 16.0309 126.182 14.7901 126.182 13.2557C126.182 11.7213 127.448 10.4871 129.008 10.4871C129.008 10.4871 133.24 10.6072 133.88 10.6072H136.379V8.37903H130.461V6.93138H127.161V8.37903H121.896L122.423 10.6072H124.009C123.296 11.4211 122.882 12.4218 122.882 13.5025C122.882 16.2644 125.595 18.4993 128.934 18.4993C132.273 18.4993 135.006 16.2577 135.006 13.5025C135.006 12.8287 134.839 12.1883 134.546 11.6012H131.28Z" fill="#004EA2"/>
<path d="M123.609 21.2611L123.076 18.9796H142.111V26.0844H138.612V21.3145L123.609 21.2611Z" fill="#004EA2"/>
<path d="M190.645 11.1476H188.413V6.99142H184.913V18.1924H188.413V13.4358H190.645V11.1476Z" fill="#004EA2"/>
<path d="M177.642 11.6012C177.989 12.0615 178.202 12.6353 178.202 13.2557C178.202 14.7834 176.936 16.0309 175.376 16.0309C173.816 16.0309 172.543 14.7901 172.543 13.2557C172.543 11.7213 173.81 10.4871 175.376 10.4871C175.376 10.4871 179.608 10.6072 180.248 10.6072H182.741V8.37903H176.822V6.93138H173.53V8.37903H168.258L168.791 10.6072H170.37C169.664 11.4211 169.244 12.4218 169.244 13.5025C169.244 16.2644 171.963 18.4993 175.309 18.4993C178.655 18.4993 181.368 16.2577 181.368 13.5025C181.368 12.8287 181.201 12.1883 180.915 11.6012H177.649H177.642Z" fill="#004EA2"/>
<path d="M169.971 21.2611L169.444 18.9796H188.473V26.0844H184.973V21.3145L169.971 21.2611Z" fill="#004EA2"/>
<path d="M156.401 8.01879H145.79V20.9009C145.79 20.9009 145.577 23.7361 148.103 23.7962H153.901C153.901 23.7962 156.267 23.9763 157.32 22.5287L156.201 20.9609C156.201 20.9609 155.934 21.4413 154.688 21.4413H150.076C150.076 21.4413 149.022 21.5013 149.156 20.2338V9.94676H156.401V8.01212V8.01879Z" fill="#004EA2"/>
<path d="M192.345 7.69857L192.965 9.76664H206.468V18.3325C206.468 18.3325 206.308 20.7608 205.528 21.548H208.274C208.274 21.548 209.427 20.9076 209.661 18.1924V7.63853L192.338 7.69857H192.345Z" fill="#004EA2"/>
<path d="M201.169 14.3431V23.7628H197.65V14.3431H194.451V23.7628H191.645L192.025 25.9043H212L211.613 23.7628H204.362V14.3431H201.169Z" fill="#004EA2"/>
<path d="M54.4663 31.6415L54.3663 31.428C54.5729 31.2079 54.7396 31.0611 54.8662 31.0011C54.9928 30.9344 55.1461 30.9077 55.3194 30.9077C55.5527 30.9077 55.7793 30.9677 55.9859 31.0878C56.1992 31.2079 56.3658 31.368 56.4858 31.5681C56.5724 31.7216 56.6524 31.9551 56.7124 32.2619C57.1456 31.8483 57.5189 31.5748 57.8255 31.4147C58.1254 31.2613 58.4186 31.1812 58.6919 31.1812C59.2184 31.1812 59.6783 31.4547 60.0716 32.0084C60.4515 32.5555 60.6447 33.316 60.6447 34.29C60.6447 34.8437 60.5714 35.3707 60.4248 35.8644C60.2782 36.3581 60.0582 36.765 59.765 37.0852C59.4784 37.3988 59.1385 37.6323 58.7519 37.7724C58.3653 37.9125 58.0321 37.9792 57.7588 37.9792L55.8793 37.9458C55.5993 37.9458 55.3327 38.0059 55.0795 38.1193C54.8329 38.2327 54.6529 38.3928 54.5463 38.5929C54.433 38.7864 54.3797 39.0065 54.3797 39.2334C54.3797 39.5202 54.4663 39.7737 54.6329 39.9805C54.8129 40.1873 55.0195 40.2874 55.2728 40.2874C55.4061 40.2874 55.546 40.2607 55.686 40.214C55.826 40.1673 56.0992 40.0339 56.4991 39.8204C57.0723 39.5002 57.5522 39.3468 57.9321 39.3468C58.312 39.3468 58.6319 39.4668 58.8652 39.7003C59.0385 39.8738 59.1185 40.1073 59.1185 40.3941C59.1185 40.5609 59.0851 40.701 59.0052 40.8011C58.9252 40.9012 58.8252 40.9545 58.7186 40.9545C58.6186 40.9545 58.5386 40.9078 58.4653 40.8144C58.3986 40.721 58.3587 40.601 58.3587 40.4609C58.3587 40.3474 58.392 40.214 58.4586 40.0739C58.5053 39.9872 58.5186 39.9205 58.5186 39.8805C58.5186 39.8271 58.4986 39.7871 58.472 39.7537C58.4186 39.707 58.3587 39.687 58.2787 39.687C58.1787 39.687 58.0654 39.7204 57.9521 39.7737C57.8388 39.8204 57.6255 39.9605 57.3256 40.174C56.8924 40.4875 56.5524 40.6943 56.2992 40.8011C56.0526 40.9078 55.826 40.9612 55.6193 40.9612C55.2128 40.9612 54.8795 40.7944 54.5996 40.4609C54.3197 40.1273 54.1864 39.7404 54.1864 39.2934C54.1864 38.8464 54.313 38.4929 54.5796 38.1926C54.8462 37.8858 55.2594 37.7123 55.8193 37.6723V37.4922C55.8193 37.0652 55.746 36.6983 55.5993 36.3848C55.4594 36.0712 55.2661 35.8377 55.0262 35.6909C54.8795 35.5909 54.6929 35.5375 54.4596 35.5308V35.3374C54.5863 35.304 54.6996 35.2907 54.7862 35.2907C54.9795 35.2907 55.1595 35.324 55.3128 35.3841C55.466 35.4508 55.6393 35.5642 55.8193 35.7243C55.8193 35.6176 55.8193 35.5242 55.8193 35.4374C55.8193 34.9905 55.706 34.6035 55.486 34.31C55.2594 34.0098 54.9928 33.863 54.6929 33.863C54.6196 33.863 54.5263 33.8697 54.413 33.8964V33.6762C54.6063 33.5428 54.7995 33.4828 54.9795 33.4828C55.1128 33.4828 55.2461 33.5095 55.3661 33.5562C55.4727 33.6029 55.626 33.7029 55.8193 33.8497V33.356C55.8193 32.6489 55.726 32.1552 55.5594 31.8683C55.3861 31.5815 55.1861 31.4414 54.9395 31.4414C54.7929 31.4414 54.6396 31.5081 54.4796 31.6482M57.2056 32.1819C57.039 32.3086 56.8724 32.4354 56.7057 32.5888V37.659H57.2056V32.1819ZM57.4056 33.5495C57.5922 33.7563 57.7521 33.9031 57.9054 33.9764C58.0587 34.0498 58.2254 34.0965 58.4186 34.0965C58.6253 34.0965 58.8119 34.0498 58.9852 33.9564C59.1518 33.863 59.3517 33.6963 59.5717 33.4494C59.485 33.1025 59.3917 32.8357 59.2851 32.6489C59.1318 32.3687 58.9518 32.1552 58.7452 32.0151C58.5453 31.875 58.3387 31.8083 58.112 31.8083C57.9054 31.8083 57.6655 31.8884 57.3989 32.0551V33.5562L57.4056 33.5495ZM57.4056 35.5842C57.6255 35.3974 57.8255 35.2707 57.9921 35.1973C58.152 35.1306 58.3253 35.0972 58.5186 35.0972C58.7119 35.0972 58.8785 35.1306 59.0451 35.1973C59.2118 35.2707 59.4051 35.3974 59.625 35.5842C59.6717 35.264 59.6916 34.9705 59.6916 34.7303C59.6916 34.4901 59.6717 34.1499 59.625 33.7496C59.3717 33.9831 59.1518 34.1432 58.9718 34.2366C58.7785 34.3233 58.5853 34.3634 58.372 34.3634C58.2187 34.3634 58.0587 34.3233 57.9188 34.2566C57.7721 34.1899 57.6055 34.0698 57.4056 33.8897V35.5775V35.5842ZM57.4056 37.659C57.8321 37.6456 58.1854 37.5789 58.4586 37.4521C58.7319 37.3254 58.9518 37.1453 59.1251 36.9118C59.2984 36.6783 59.445 36.3247 59.5783 35.8844C59.3651 35.6843 59.1784 35.5442 59.0252 35.4708C58.8652 35.4041 58.6986 35.3641 58.5119 35.3641C58.3253 35.3641 58.1454 35.4041 57.9854 35.4775C57.8188 35.5508 57.6255 35.6843 57.4056 35.8844V37.6656V37.659Z" fill="#004EA2"/>
<path d="M64.1039 34.2566V38.4462C63.664 38.673 63.3374 38.8598 63.1441 39.0065C62.9908 39.1133 62.8442 39.2467 62.6976 39.4068C62.271 39.0732 61.9111 38.8464 61.6312 38.713C61.4245 38.6196 61.1779 38.5662 60.9113 38.5662L60.858 38.4528C60.9713 38.3327 61.0446 38.226 61.0713 38.1326C61.1113 38.0059 61.138 37.7924 61.138 37.4855V34.4034C61.6778 34.1766 62.151 33.8564 62.5376 33.4427C62.9575 33.7897 63.4707 34.0632 64.0972 34.2633M62.0444 37.9058L63.1908 38.5062V34.9438C62.8375 34.7303 62.5776 34.5902 62.431 34.5168C62.3243 34.4634 62.1977 34.4301 62.0444 34.3901V37.9058Z" fill="#004EA2"/>
<path d="M67.6297 33.4361L68.4361 34.27L68.0695 34.6836V37.6189C68.0695 37.9592 68.1095 38.1993 68.1895 38.3528C68.2362 38.4528 68.2828 38.5062 68.3428 38.5062C68.3828 38.5062 68.4628 38.4462 68.5828 38.3261L68.6894 38.4929L67.743 39.4068C67.5097 39.2 67.3497 39.0132 67.2831 38.8398C67.2098 38.673 67.1764 38.4128 67.1698 38.0526C66.7166 38.4328 66.25 38.8865 65.7701 39.4068C65.4835 39.1266 65.2902 38.8731 65.2036 38.6596C65.117 38.4462 65.0703 38.1593 65.0703 37.8124V35.0438C65.0703 34.8504 65.0503 34.7303 65.0236 34.6636C64.9703 34.5568 64.9103 34.5101 64.8304 34.5101C64.7704 34.5101 64.6771 34.5769 64.5571 34.6903L64.4505 34.5235L65.4902 33.4361L66.31 34.27L65.9701 34.6502V37.6189C65.9701 37.8324 65.9967 37.9992 66.0367 38.0993C66.0767 38.206 66.19 38.3261 66.3633 38.4862L67.1631 37.7323V34.6903L66.8499 34.2767L67.623 33.4428L67.6297 33.4361Z" fill="#004EA2"/>
<path d="M71.542 33.4361L72.1552 34.2767L72.5884 33.7496L72.715 33.8964C72.5018 34.1366 72.3751 34.3167 72.3351 34.4434C72.2752 34.6102 72.2418 34.837 72.2418 35.1239V37.799C72.2418 38.0459 72.2752 38.226 72.3285 38.3528C72.3685 38.4328 72.4151 38.4728 72.4618 38.4728C72.5084 38.4728 72.6017 38.3995 72.7484 38.2527L72.8617 38.4261L71.9086 39.4135C71.6686 39.18 71.5153 38.9732 71.442 38.7931C71.3687 38.6129 71.3421 38.3194 71.3421 37.9191V34.8504L70.9488 34.33L70.1824 35.0972V38.2127L70.5156 38.6196L69.7358 39.4135L68.9427 38.6196L69.2759 38.2127V35.3574C69.2759 34.9504 69.2426 34.6769 69.1759 34.5368C69.1293 34.4368 69.0826 34.3901 69.0293 34.3901C68.9693 34.3901 68.8827 34.4634 68.7694 34.6102L68.6561 34.4434L69.5958 33.4561C69.8558 33.7029 70.0157 33.8897 70.0824 34.0298C70.149 34.1766 70.1824 34.3701 70.1824 34.6236V34.817L71.542 33.4494V33.4361Z" fill="#004EA2"/>
<path d="M74.9478 33.4361L76.3275 34.2566L77.1606 33.7229V34.9838L76.3541 34.7837V37.3321C76.3541 37.7457 76.3675 38.0192 76.4141 38.166C76.4674 38.3594 76.5674 38.5796 76.7207 38.8331C76.974 39.2467 77.1073 39.5469 77.1073 39.7204C77.1073 39.8938 77.0406 40.0739 76.9073 40.2407C76.774 40.4008 76.4141 40.6543 75.8343 41.0012C75.6276 40.9145 75.441 40.8478 75.2611 40.8078C75.0811 40.7677 74.9078 40.7411 74.7412 40.7411C74.3546 40.7411 73.8948 40.8278 73.3815 40.9946L73.3216 40.8011L74.3746 39.26L73.3216 38.3127V34.2566C73.9147 34.0965 74.4546 33.8297 74.9478 33.4361ZM74.0814 39.9939C74.4679 39.9138 74.7812 39.8738 75.0145 39.8738C75.2344 39.8738 75.4544 39.9138 75.6743 39.9805C75.8942 40.0472 76.1142 40.1607 76.3408 40.3008L76.5274 40.1607C76.1209 39.6937 75.8476 39.3067 75.701 39.0132C75.561 38.7197 75.4677 38.3995 75.4277 38.0592L74.0747 39.9939H74.0814ZM75.441 34.7837L74.2213 34.2566V37.9258L74.8945 38.5262L75.441 37.699V34.7903V34.7837Z" fill="#004EA2"/>
<path d="M79.9866 33.4361L80.5997 34.2767L81.033 33.7496L81.1529 33.8964C80.9396 34.1366 80.8263 34.3167 80.7797 34.4434C80.7197 34.6102 80.6864 34.837 80.6864 35.1239V37.799C80.6864 38.0459 80.7197 38.226 80.7797 38.3528C80.8197 38.4328 80.8663 38.4728 80.913 38.4728C80.953 38.4728 81.053 38.3995 81.1996 38.2527L81.3062 38.4261L80.3598 39.4135C80.1199 39.18 79.9666 38.9732 79.8999 38.7931C79.8266 38.6129 79.7933 38.3194 79.7933 37.9191V34.8504L79.3934 34.33L78.6336 35.0972V38.2127L78.9735 38.6196L78.187 39.4135L77.3872 38.6196L77.7338 38.2127V35.3574C77.7338 34.9504 77.7005 34.6769 77.6405 34.5368C77.5938 34.4368 77.5405 34.3901 77.4872 34.3901C77.4339 34.3901 77.3406 34.4634 77.2272 34.6102L77.1206 34.4434L78.0537 33.4561C78.3136 33.7029 78.4736 33.8897 78.5402 34.0298C78.6069 34.1766 78.6402 34.3701 78.6402 34.6236V34.817L80.0065 33.4494L79.9866 33.4361Z" fill="#004EA2"/>
<path d="M84.6054 33.6696L84.7653 33.7496C84.6054 34.0632 84.4988 34.3033 84.4588 34.4701C84.4121 34.6369 84.3921 34.8637 84.3921 35.1439V37.5322C84.3921 37.9325 84.4188 38.1793 84.4588 38.2794C84.4988 38.3794 84.5521 38.4328 84.6121 38.4328C84.6387 38.4328 84.6787 38.4195 84.7187 38.3995C84.7387 38.3861 84.7987 38.3194 84.9053 38.206L85.012 38.3861L84.0655 39.4068C83.8389 39.18 83.699 38.9798 83.6256 38.8064C83.5457 38.6329 83.5057 38.3794 83.499 38.0659L82.146 39.4135C81.6395 38.8865 81.3862 38.3728 81.3862 37.8658C81.3862 37.5255 81.4395 37.2053 81.5528 36.9051C81.6995 36.5048 81.9594 36.0512 82.326 35.5308L81.7794 34.0765L81.8461 33.9431C81.9661 33.9431 82.046 33.9564 82.0994 33.9564C82.4526 33.9564 82.7525 33.7896 83.0191 33.4494C83.2391 33.6029 83.4723 33.7296 83.7256 33.8297C83.9722 33.9231 84.1788 33.9698 84.3188 33.9698C84.3854 33.9698 84.4321 33.9564 84.4588 33.9297C84.4921 33.9031 84.5387 33.823 84.6187 33.6829M83.4857 34.7436L81.9727 34.1499L82.5126 35.6042L83.4857 36.1913V34.7436ZM83.4857 36.4248L82.4126 35.771C82.246 36.2313 82.166 36.6249 82.166 36.9718C82.166 37.5722 82.3726 38.0726 82.8192 38.4662L83.4857 37.7857V36.4181V36.4248Z" fill="#004EA2"/>
<path d="M90.9638 33.7496L91.0771 33.8964C90.9105 34.0832 90.8038 34.2366 90.7505 34.3434C90.6972 34.4568 90.6639 34.5702 90.6439 34.6769C90.6239 34.7903 90.6172 35.0238 90.6172 35.3641V37.699C90.6172 38.0058 90.6439 38.206 90.6905 38.3127C90.7372 38.4128 90.7772 38.4662 90.8238 38.4662C90.8771 38.4662 90.9838 38.3928 91.1237 38.246L91.237 38.4195L90.2906 39.4068C90.064 39.1933 89.924 39.0132 89.8641 38.8731C89.7707 38.6663 89.7174 38.4395 89.7174 38.206V34.8304L89.2642 34.3434L88.5644 35.1639V38.206L88.8976 38.6663L88.1178 39.4135L87.318 38.6663L87.6579 38.206V35.4241C87.6579 35.0972 87.6379 34.8904 87.598 34.797C87.5446 34.6702 87.418 34.5168 87.2181 34.3434L86.5116 35.0772V38.206L86.8515 38.6663L86.0783 39.4135L85.2785 38.6663L85.6185 38.206V35.2039C85.6185 34.8904 85.5851 34.6702 85.5318 34.5368C85.4852 34.4301 85.4452 34.3834 85.3985 34.3834C85.3452 34.3834 85.2585 34.4568 85.1119 34.6035L85.0053 34.4368L85.9184 33.4494C86.1183 33.6295 86.2583 33.7763 86.3316 33.8897C86.4049 34.0031 86.4582 34.1232 86.4849 34.2566C86.5049 34.3567 86.5116 34.5435 86.5116 34.8304L87.8379 33.4494C88.1245 33.7363 88.3178 33.9831 88.4044 34.1699C88.4911 34.3567 88.5444 34.6035 88.5644 34.8971L89.7974 33.4494L90.5372 34.29L90.9771 33.763L90.9638 33.7496Z" fill="#004EA2"/>
<path d="M95.4693 31.7483L95.5826 31.9084C95.1361 32.282 94.8028 32.6889 94.5962 33.1159C94.3096 33.6629 94.1696 34.2633 94.1696 34.9104C94.1696 35.6976 94.3763 36.4248 94.7895 37.0919C94.9694 36.9118 95.0761 36.7583 95.1094 36.6316C95.1427 36.5115 95.1627 36.1646 95.1627 35.6109V33.1092L97.0623 31.1145C97.5088 31.3347 97.8554 31.4814 98.1153 31.5481C98.3686 31.6148 98.6685 31.6482 99.0084 31.6482H99.1151L99.1817 31.8417L98.4552 32.7289C97.962 32.6622 97.4022 32.4354 96.7757 32.0418V38.4195H96.9956C97.4222 38.4261 97.8087 38.3261 98.162 38.1526C98.5152 37.9658 98.8818 37.6723 99.255 37.2587L99.3883 37.4255C99.1217 37.9058 98.8485 38.2727 98.5885 38.5396C98.3153 38.8064 97.9953 39.0132 97.6288 39.1733C97.2555 39.3268 96.8823 39.4068 96.5157 39.4068C95.9692 39.4068 95.456 39.2467 94.9761 38.9065C94.4962 38.5796 94.1163 38.1059 93.8431 37.4855C93.5698 36.8718 93.4298 36.2313 93.4298 35.5709C93.4298 34.7637 93.6298 34.0165 94.0163 33.3293C94.3096 32.789 94.8028 32.2619 95.4693 31.7483ZM96.569 32.0084L96.0558 32.5688V35.1106C96.0558 35.4308 96.0425 35.6376 96.0158 35.7443C95.9825 35.8777 95.9159 36.0312 95.8092 36.1846C95.5893 36.4982 95.2894 36.8584 94.9095 37.2587C95.1427 37.5922 95.396 37.8457 95.6626 38.0259C95.9359 38.1993 96.2358 38.3127 96.5624 38.3728V32.0018L96.569 32.0084Z" fill="#004EA2"/>
<path d="M101.188 31.3947L101.241 31.5214C101.021 31.6949 100.881 31.875 100.808 32.0685C100.728 32.262 100.688 32.5688 100.688 32.9891V34.797L102.054 33.4294C102.341 33.6696 102.528 33.8964 102.621 34.1232C102.707 34.3434 102.747 34.7236 102.747 35.2573V37.7924C102.747 38.2727 102.701 38.633 102.628 38.8598C102.501 39.2267 102.268 39.5669 101.928 39.8871C101.481 40.3141 100.915 40.681 100.221 40.9879L100.161 40.7811C100.721 40.4875 101.115 40.2207 101.341 39.9739C101.561 39.7337 101.701 39.4735 101.774 39.2067C101.821 39.0065 101.854 38.4662 101.854 37.6056V35.264C101.854 35.0038 101.828 34.817 101.794 34.7236C101.734 34.5835 101.621 34.4434 101.454 34.31L100.695 35.0772V38.1993L101.008 38.6063L100.228 39.4001L99.4483 38.6063L99.7882 38.1526V33.0692C99.7882 32.6089 99.7549 32.2886 99.6949 32.1152C99.6216 31.9484 99.5016 31.7883 99.3083 31.6549L99.3683 31.5148C99.5283 31.5748 99.6483 31.6349 99.7416 31.7082C99.8349 31.775 99.9615 31.895 100.115 32.0618C100.301 31.8483 100.475 31.6882 100.635 31.5882C100.795 31.4881 100.988 31.4214 101.201 31.388" fill="#004EA2"/>
<path d="M105.027 33.4361L106.28 35.2773L104.287 37.0385V38.0526L105.307 38.5662L106.007 37.9792L106.1 38.1526L104.667 39.4068C104.367 39.2067 104.127 39.0666 103.941 38.9799C103.747 38.8931 103.474 38.8064 103.127 38.713V38.5796C103.227 38.5062 103.294 38.4128 103.327 38.2994C103.361 38.1927 103.381 37.9525 103.381 37.5856V34.3767C103.661 34.25 103.894 34.1366 104.08 34.0231C104.214 33.9498 104.527 33.7563 105.027 33.4361ZM104.347 34.0832L104.287 34.1232V36.6649L105.447 35.6309L104.34 34.0899L104.347 34.0832Z" fill="#004EA2"/>
<path d="M109.492 34.2566V38.4462C109.046 38.673 108.719 38.8598 108.526 39.0065C108.379 39.1133 108.226 39.2467 108.086 39.4068C107.666 39.0732 107.3 38.8464 107.026 38.713C106.806 38.6196 106.567 38.5662 106.3 38.5662L106.253 38.4528C106.373 38.3327 106.44 38.226 106.467 38.1326C106.507 38.0059 106.527 37.7924 106.527 37.4855V34.4034C107.073 34.1766 107.54 33.8564 107.926 33.4427C108.353 33.7897 108.866 34.0632 109.499 34.2633M107.426 37.9058L108.586 38.5062V34.9438C108.219 34.7303 107.973 34.5902 107.813 34.5168C107.706 34.4634 107.58 34.4301 107.426 34.3901V37.9058Z" fill="#004EA2"/>
<path d="M111.852 31.3947V31.5214C111.612 31.6816 111.452 31.8683 111.345 32.0885C111.252 32.3086 111.205 32.6422 111.205 33.0959V38.0726L111.712 38.5529L111.899 38.3594L112.012 38.5529L111.132 39.4068C110.859 39.12 110.659 38.9265 110.519 38.8264C110.386 38.733 110.212 38.6463 109.999 38.5662V38.4528C110.079 38.3928 110.146 38.3127 110.192 38.2127C110.239 38.1193 110.272 38.0059 110.286 37.8724C110.292 37.8257 110.299 37.6056 110.306 37.1986V33.1826C110.306 32.849 110.292 32.6089 110.272 32.4754C110.252 32.3487 110.212 32.2153 110.152 32.0952C110.086 31.9684 109.979 31.835 109.832 31.6816L109.899 31.5748C110.166 31.6682 110.419 31.8684 110.626 32.1619C110.852 31.875 111.052 31.6682 111.232 31.5681C111.412 31.4614 111.619 31.4014 111.859 31.388" fill="#004EA2"/>
<path d="M115.284 34.2566V38.4462C114.838 38.673 114.518 38.8598 114.325 39.0065C114.171 39.1133 114.025 39.2467 113.878 39.4068C113.451 39.0732 113.098 38.8464 112.812 38.713C112.598 38.6196 112.358 38.5662 112.092 38.5662L112.038 38.4528C112.158 38.3327 112.225 38.226 112.252 38.1326C112.292 38.0059 112.312 37.7924 112.312 37.4855V34.4034C112.865 34.1766 113.325 33.8564 113.711 33.4427C114.131 33.7897 114.651 34.0632 115.278 34.2633M113.225 37.9058L114.385 38.5062V34.9438C114.018 34.7303 113.765 34.5902 113.611 34.5168C113.505 34.4634 113.371 34.4301 113.225 34.3901V37.9058Z" fill="#004EA2"/>
<path d="M117.69 33.4361L119.063 34.2566L119.89 33.7229V34.9838L119.077 34.7837V37.3321C119.077 37.7457 119.103 38.0192 119.137 38.166C119.19 38.3594 119.297 38.5796 119.45 38.8331C119.703 39.2467 119.837 39.5469 119.837 39.7204C119.837 39.8938 119.763 40.0739 119.637 40.2407C119.497 40.4008 119.143 40.6543 118.557 41.0012C118.364 40.9145 118.164 40.8478 117.984 40.8078C117.804 40.7677 117.63 40.7411 117.47 40.7411C117.077 40.7411 116.631 40.8278 116.111 40.9946L116.051 40.8011L117.104 39.26L116.051 38.3127V34.2566C116.644 34.0965 117.184 33.8297 117.684 33.4361M116.824 39.9939C117.211 39.9138 117.524 39.8738 117.764 39.8738C117.984 39.8738 118.204 39.9138 118.417 39.9805C118.63 40.0472 118.857 40.1607 119.083 40.3008L119.263 40.1607C118.863 39.6937 118.584 39.3067 118.444 39.0132C118.304 38.7197 118.217 38.3995 118.17 38.0592L116.824 39.9939ZM118.184 34.7837L116.971 34.2566V37.9258L117.624 38.5262L118.184 37.699V34.7903V34.7837Z" fill="#004EA2"/>
<path d="M120.803 33.4361L121.576 34.2566L121.236 34.6903V37.7323C121.236 38.0592 121.256 38.2594 121.303 38.3594C121.343 38.4595 121.389 38.5062 121.429 38.5062C121.456 38.5062 121.489 38.4929 121.516 38.4795C121.556 38.4528 121.636 38.3728 121.749 38.2527L121.856 38.4261L120.923 39.4135C120.676 39.2 120.53 39.0065 120.456 38.8131C120.39 38.6263 120.356 38.2994 120.356 37.8257V34.7036L120.01 34.27L120.81 33.4494L120.803 33.4361ZM121.15 31.5348H121.716L121.103 32.7489H120.916L121.156 31.5348H121.15Z" fill="#004EA2"/>
<path d="M123.536 33.4361L124.702 34.27L124.235 35.1306L123.342 34.5168V38.0792L124.209 38.5796L124.682 38.1393L124.729 38.3928L123.629 39.4135C123.342 39.2133 123.096 39.0599 122.896 38.9665C122.696 38.8731 122.449 38.7931 122.156 38.7197V38.5863C122.263 38.4929 122.329 38.3995 122.369 38.2927C122.416 38.1393 122.436 37.9125 122.436 37.6056V34.4034C122.802 34.1966 123.176 33.8764 123.536 33.4428" fill="#004EA2"/>
<path d="M127.868 33.6696L128.028 33.7496C127.868 34.0632 127.761 34.3033 127.721 34.4701C127.675 34.6369 127.655 34.8637 127.655 35.1439V37.5322C127.655 37.9325 127.675 38.1793 127.721 38.2794C127.761 38.3794 127.821 38.4328 127.881 38.4328C127.908 38.4328 127.948 38.4195 127.981 38.3995C127.994 38.3861 128.061 38.3194 128.161 38.206L128.268 38.3861L127.315 39.4068C127.095 39.18 126.948 38.9798 126.868 38.8064C126.795 38.6329 126.748 38.3794 126.741 38.0659L125.388 39.4135C124.882 38.8865 124.629 38.3728 124.629 37.8658C124.629 37.5255 124.682 37.2053 124.795 36.9051C124.942 36.5048 125.202 36.0512 125.562 35.5308L125.022 34.0765L125.075 33.9431C125.202 33.9431 125.282 33.9564 125.342 33.9564C125.682 33.9564 125.988 33.7896 126.255 33.4494C126.475 33.6029 126.715 33.7296 126.961 33.8297C127.221 33.9231 127.415 33.9698 127.548 33.9698C127.615 33.9698 127.661 33.9564 127.688 33.9297C127.721 33.9031 127.775 33.823 127.855 33.6829M126.748 34.7436L125.235 34.1499L125.782 35.6042L126.748 36.1913V34.7436ZM126.748 36.4248L125.675 35.771C125.508 36.2313 125.428 36.6249 125.428 36.9718C125.428 37.5722 125.648 38.0726 126.088 38.4662L126.755 37.7857V36.4181L126.748 36.4248Z" fill="#004EA2"/>
<path d="M130.274 31.3947V31.5214C130.041 31.6816 129.867 31.8683 129.767 32.0885C129.681 32.3086 129.627 32.6422 129.627 33.0959V38.0726L130.134 38.5529L130.321 38.3594L130.434 38.5529L129.547 39.4068C129.274 39.12 129.074 38.9265 128.948 38.8264C128.814 38.733 128.641 38.6463 128.428 38.5662V38.4528C128.508 38.3928 128.574 38.3127 128.614 38.2127C128.661 38.1193 128.694 38.0059 128.708 37.8724C128.708 37.8257 128.721 37.6056 128.728 37.1986V33.1826C128.728 32.849 128.714 32.6089 128.694 32.4754C128.681 32.3487 128.634 32.2153 128.568 32.0952C128.508 31.9684 128.394 31.835 128.241 31.6816L128.308 31.5748C128.581 31.6682 128.828 31.8684 129.041 32.1619C129.261 31.875 129.467 31.6682 129.647 31.5681C129.827 31.4614 130.041 31.4014 130.274 31.388" fill="#004EA2"/>
<path d="M139.325 31.2279L139.452 31.388C139.192 31.7883 139.032 32.0752 138.965 32.2553C138.905 32.4421 138.872 32.7089 138.872 33.0625V37.0452C138.872 37.5989 138.912 37.9458 138.978 38.0926C139.052 38.2393 139.145 38.3061 139.245 38.3061C139.325 38.3061 139.405 38.2527 139.492 38.1393L139.552 38.4662L138.618 39.3935C138.359 39.1933 138.185 38.9999 138.099 38.8064C138.019 38.6196 137.965 38.2927 137.939 37.8391C137.465 38.3995 137.026 38.8064 136.606 39.0332C136.186 39.2734 135.726 39.3868 135.239 39.3868C134.333 39.3868 133.64 38.9799 133.16 38.1593C132.8 37.5522 132.613 36.8451 132.613 36.0445C132.613 35.4508 132.72 34.8904 132.927 34.3767C133.14 33.8564 133.446 33.3627 133.86 32.8824C134.146 32.5622 134.526 32.2153 134.999 31.855C134.639 31.9751 134.36 32.0285 134.173 32.0285C134.046 32.0285 133.9 32.0218 133.733 32.0018C133.566 31.9884 133.433 31.9751 133.32 31.9751C133.073 31.9751 132.88 32.0685 132.74 32.262C132.593 32.4554 132.52 32.7156 132.52 33.0558C132.52 33.1759 132.533 33.336 132.553 33.5161H132.353C132.313 33.256 132.3 33.0358 132.3 32.8624C132.3 32.2753 132.42 31.8016 132.667 31.4481C132.907 31.0945 133.2 30.9277 133.533 30.9277C133.626 30.9277 133.72 30.9411 133.8 30.9611C133.846 30.9744 134.026 31.0478 134.326 31.1812C134.626 31.3146 134.893 31.3814 135.133 31.3814C135.339 31.3814 135.539 31.328 135.733 31.2279C135.826 31.1745 135.946 31.0745 136.066 30.9144H136.266V34.0565C136.572 34.2633 136.859 34.3634 137.132 34.3634C137.279 34.3634 137.405 34.3434 137.512 34.3033C137.619 34.2566 137.759 34.1833 137.925 34.0565V32.4287L137.425 31.9617L136.912 32.6756L136.766 32.4821L137.839 30.9811L138.805 31.835L139.305 31.2079L139.325 31.2279ZM134.26 37.8924C134.453 37.6256 134.593 37.3788 134.653 37.1453C134.713 36.9185 134.746 36.4982 134.746 35.9111V34.25C134.746 33.823 134.759 33.5428 134.773 33.4094C134.799 33.276 134.839 33.1359 134.919 32.9624C135.053 32.6756 135.279 32.2886 135.599 31.815C135.126 32.1619 134.753 32.4888 134.466 32.8023C134.193 33.1225 133.953 33.5228 133.78 34.0031C133.6 34.4835 133.506 35.0172 133.506 35.6042C133.506 36.1246 133.586 36.6049 133.74 37.0319C133.846 37.3254 134.02 37.6123 134.26 37.9058M136.086 31.4881C135.899 31.7416 135.779 31.9617 135.733 32.1619C135.686 32.3553 135.666 32.7489 135.666 33.3293V35.9244C135.666 36.2113 135.646 36.4181 135.613 36.5582C135.566 36.7317 135.486 36.9051 135.366 37.0786C135.193 37.3321 134.886 37.659 134.44 38.0592C134.659 38.246 134.853 38.3728 135.046 38.4462C135.233 38.5262 135.446 38.5529 135.706 38.5529C135.826 38.5529 135.959 38.5462 136.092 38.5195V31.4814L136.086 31.4881ZM137.952 34.3767C137.772 34.4835 137.632 34.5635 137.512 34.5969C137.405 34.6369 137.285 34.6569 137.139 34.6569C136.879 34.6569 136.599 34.5635 136.292 34.3767V35.6776C136.612 35.5175 136.899 35.4308 137.159 35.4308C137.399 35.4308 137.659 35.5108 137.952 35.6776V34.3767ZM137.952 35.9578C137.652 35.7777 137.385 35.6843 137.145 35.6843C137.006 35.6843 136.866 35.711 136.746 35.751C136.626 35.791 136.472 35.8711 136.292 35.9912V38.4728C136.586 38.3928 136.859 38.286 137.106 38.1393C137.352 37.9992 137.639 37.7724 137.952 37.4788V35.9511V35.9578Z" fill="#004EA2"/>
<path d="M142.431 33.4361L143.044 34.2767L143.484 33.7496L143.597 33.8964C143.384 34.1366 143.264 34.3167 143.224 34.4434C143.164 34.6102 143.131 34.837 143.131 35.1239V37.799C143.131 38.0459 143.157 38.226 143.224 38.3528C143.264 38.4328 143.297 38.4728 143.351 38.4728C143.391 38.4728 143.484 38.3995 143.637 38.2527L143.744 38.4261L142.791 39.4135C142.544 39.18 142.398 38.9732 142.331 38.7931C142.251 38.6129 142.224 38.3194 142.224 37.9191V34.8504L141.831 34.33L141.065 35.0972V38.2127L141.404 38.6196L140.618 39.4135L139.818 38.6196L140.158 38.2127V35.3574C140.158 34.9504 140.125 34.6769 140.058 34.5368C140.018 34.4368 139.965 34.3901 139.911 34.3901C139.858 34.3901 139.765 34.4634 139.645 34.6102L139.545 34.4434L140.478 33.4561C140.731 33.7029 140.891 33.8897 140.958 34.0298C141.025 34.1766 141.058 34.3701 141.058 34.6236V34.817L142.424 33.4494L142.431 33.4361Z" fill="#004EA2"/>
<path d="M144.73 33.4361L145.503 34.2566L145.163 34.6903V37.7323C145.163 38.0592 145.19 38.2594 145.223 38.3594C145.27 38.4595 145.31 38.5062 145.357 38.5062C145.383 38.5062 145.417 38.4929 145.443 38.4795C145.483 38.4528 145.557 38.3728 145.677 38.2527L145.777 38.4261L144.844 39.4135C144.597 39.2 144.45 39.0065 144.377 38.8131C144.304 38.6263 144.27 38.2994 144.27 37.8257V34.7036L143.937 34.27L144.73 33.4494V33.4361ZM145.07 31.5348H145.637L145.024 32.7489H144.837L145.07 31.5348Z" fill="#004EA2"/>
<path d="M147.176 34.8037L148.523 33.4361C148.823 33.7363 149.023 33.9898 149.109 34.2166C149.202 34.4301 149.242 34.717 149.242 35.0639V38.4261C148.996 38.5062 148.756 38.6196 148.536 38.7597C148.323 38.9065 148.063 39.12 147.776 39.4135C147.463 39.0933 147.17 38.8664 146.896 38.733C146.63 38.5996 146.317 38.5329 145.99 38.5195V38.3861C146.103 38.2994 146.163 38.206 146.21 38.0859C146.25 37.9725 146.27 37.759 146.27 37.4388V34.9438C146.27 34.8104 146.257 34.717 146.243 34.6369C146.217 34.5635 146.163 34.4434 146.057 34.2833C145.963 34.1232 145.897 33.9831 145.857 33.8564C145.817 33.7296 145.803 33.5895 145.803 33.4227C145.803 33.1292 145.877 32.869 146.017 32.6422C146.157 32.4087 146.416 32.1619 146.81 31.895L146.91 32.0418C146.603 32.3153 146.45 32.5888 146.45 32.8357C146.45 32.9291 146.463 33.0091 146.496 33.0758C146.536 33.1692 146.623 33.3027 146.77 33.5028C146.91 33.6963 147.016 33.8964 147.083 34.1032C147.136 34.2633 147.176 34.4968 147.176 34.797M147.176 35.1106V37.8257L148.349 38.5062V35.3641C148.349 35.0905 148.323 34.8837 148.269 34.7503C148.209 34.6169 148.103 34.4835 147.936 34.3434L147.183 35.1039L147.176 35.1106Z" fill="#004EA2"/>
<path d="M151.615 33.4361L152.875 35.2773L150.875 37.0385V38.0526L151.902 38.5662L152.595 37.9792L152.702 38.1526L151.262 39.4068C150.969 39.2067 150.729 39.0666 150.535 38.9799C150.342 38.8931 150.069 38.8064 149.729 38.713V38.5796C149.829 38.5062 149.889 38.4128 149.929 38.2994C149.956 38.1927 149.976 37.9525 149.976 37.5856V34.3767C150.262 34.25 150.495 34.1366 150.675 34.0231C150.809 33.9498 151.129 33.7563 151.622 33.4361M150.935 34.0832L150.869 34.1232V36.6649L152.042 35.6309L150.935 34.0899V34.0832Z" fill="#004EA2"/>
<path d="M155.334 33.4361L156.007 34.4568L155.334 35.204L154.768 34.3234L154.335 34.817V38.0726L154.841 38.5329L155.301 38.0859L155.421 38.2594L154.281 39.4068C154.035 39.1333 153.828 38.9398 153.661 38.8264C153.495 38.7063 153.308 38.6129 153.115 38.5462V38.4328C153.241 38.3127 153.328 38.1993 153.375 38.0859C153.408 37.9658 153.428 37.739 153.428 37.4054V35.1039C153.428 34.8103 153.408 34.6236 153.355 34.5235C153.301 34.4301 153.248 34.3834 153.188 34.3834C153.121 34.3834 153.028 34.4634 152.915 34.6236L152.808 34.4501L153.721 33.4361C153.975 33.6829 154.148 33.8964 154.241 34.0698C154.301 34.1833 154.328 34.3367 154.328 34.5368L155.328 33.4361H155.334Z" fill="#004EA2"/>
<path d="M158.36 35.5242L159.373 36.198V38.5529C159.127 38.5863 158.9 38.6596 158.707 38.7797C158.5 38.8998 158.267 39.1066 158.014 39.4001C157.8 39.24 157.614 39.1266 157.447 39.0666C157.287 38.9999 157.12 38.9665 156.927 38.9665C156.654 38.9665 156.407 39.0732 156.187 39.2867C156.107 39.3601 156.054 39.4001 156.014 39.4001C155.987 39.4001 155.954 39.3801 155.921 39.3401C155.894 39.3001 155.874 39.26 155.874 39.22C155.874 39.1733 155.901 39.1199 155.967 39.0466C156.001 38.9999 156.061 38.9131 156.154 38.7931L156.554 38.1526L157.134 37.192L156.154 36.5315V34.4501C156.461 34.33 156.701 34.1966 156.881 34.0498C157.047 33.9031 157.22 33.7029 157.38 33.4428C157.76 33.6429 158.06 33.7897 158.287 33.8697C158.453 33.9231 158.613 33.9564 158.773 33.9564C158.933 33.9564 159.067 33.9097 159.16 33.8163C159.253 33.7229 159.3 33.6295 159.3 33.5295C159.3 33.4628 159.273 33.3961 159.207 33.3293C159.093 33.2026 159.033 33.0692 159.033 32.9491C159.033 32.8357 159.06 32.7489 159.107 32.6756C159.153 32.6022 159.213 32.5688 159.273 32.5688C159.347 32.5688 159.42 32.6155 159.493 32.7089C159.56 32.809 159.593 32.9291 159.593 33.0892C159.593 33.2493 159.56 33.4027 159.513 33.5628C159.46 33.7163 159.347 33.9164 159.207 34.1499L158.367 35.5308L158.36 35.5242ZM157.827 36.4181L156.754 38.226C156.881 38.166 157 38.1259 157.114 38.1059C157.22 38.0792 157.32 38.0659 157.407 38.0659C157.754 38.0659 158.107 38.2127 158.473 38.4929V36.8718L157.82 36.4181H157.827ZM157.054 35.8978L157.66 36.2914L158.633 34.6703C158.433 34.7436 158.267 34.7837 158.12 34.7837C157.76 34.7837 157.407 34.6302 157.06 34.3234V35.8978H157.054Z" fill="#004EA2"/>
<path d="M160.593 33.4361L161.366 34.2566L161.033 34.6903V37.7323C161.033 38.0592 161.053 38.2594 161.093 38.3594C161.133 38.4595 161.179 38.5062 161.226 38.5062C161.259 38.5062 161.286 38.4929 161.313 38.4795C161.353 38.4528 161.426 38.3728 161.539 38.2527L161.646 38.4261L160.713 39.4135C160.473 39.2 160.313 39.0065 160.246 38.8131C160.173 38.6263 160.14 38.2994 160.14 37.8257V34.7036L159.793 34.27L160.593 33.4494V33.4361ZM160.94 31.5348H161.506L160.893 32.7489H160.7L160.94 31.5348Z" fill="#004EA2"/>
<path d="M161.753 34.0698L162.992 32.1285H163.119L163.066 33.6829H163.959V34.31H163.066V38.0592L163.572 38.5329L163.865 38.2527L163.972 38.4261L162.992 39.4135C162.659 38.9799 162.279 38.693 161.853 38.5396V38.4261C161.966 38.3261 162.046 38.2193 162.079 38.1126C162.139 37.9725 162.159 37.7724 162.159 37.5189V34.3234H161.746V34.0765L161.753 34.0698Z" fill="#004EA2"/>
<path d="M163.952 34.4101L164.885 33.4361C165.132 33.6562 165.305 33.843 165.378 34.0031C165.452 34.1566 165.498 34.3834 165.498 34.6569V34.7837L166.838 33.4361C167.305 34.0432 167.531 34.6969 167.531 35.3907C167.531 35.771 167.458 36.1446 167.305 36.5182C167.158 36.8851 166.911 37.2387 166.591 37.5722C166.272 37.9058 165.752 38.3394 165.032 38.8865C164.719 39.1266 164.532 39.2734 164.472 39.3401C164.339 39.4735 164.245 39.6003 164.185 39.7204C164.145 39.8071 164.125 39.9138 164.125 40.0206C164.125 40.2074 164.199 40.3875 164.345 40.5476C164.492 40.7077 164.692 40.7877 164.939 40.7877C165.112 40.7877 165.258 40.7477 165.372 40.6743C165.432 40.6343 165.478 40.5543 165.532 40.4342C165.592 40.3141 165.625 40.2274 165.672 40.2007C165.705 40.1607 165.752 40.1406 165.805 40.1406C165.865 40.1406 165.912 40.1607 165.952 40.2074C165.985 40.2474 166.005 40.3008 166.005 40.3675C166.005 40.4942 165.932 40.6076 165.792 40.7277C165.578 40.9145 165.312 41.0079 164.992 41.0079C164.652 41.0079 164.392 40.9078 164.212 40.701C164.032 40.4942 163.939 40.2607 163.939 39.9739C163.939 39.687 164.045 39.4335 164.252 39.1733C164.345 39.0466 164.405 38.9598 164.425 38.9065C164.499 38.7664 164.539 38.633 164.559 38.5062C164.579 38.3861 164.592 38.2127 164.592 37.9925V35.3174C164.592 34.9504 164.559 34.6903 164.492 34.5568C164.445 34.4501 164.385 34.3967 164.325 34.3967C164.265 34.3967 164.205 34.4434 164.125 34.5368C164.112 34.5502 164.092 34.5635 164.072 34.5969L163.965 34.4234L163.952 34.4101ZM165.492 35.0372V38.226C165.905 37.8457 166.205 37.4521 166.378 37.0385C166.558 36.6249 166.645 36.2313 166.645 35.8577C166.645 35.3574 166.485 34.857 166.152 34.3767L165.492 35.0372Z" fill="#004EA2"/>
<path d="M180.781 31.0611L182.781 31.9017L182.934 31.5748C182.987 31.4547 183.021 31.3813 183.041 31.3547C183.067 31.3213 183.087 31.3146 183.114 31.3146C183.141 31.3146 183.161 31.3213 183.181 31.348C183.194 31.3747 183.207 31.4014 183.207 31.4347C183.207 31.4814 183.174 31.5882 183.094 31.7483L182.134 33.8097L182.914 33.743C183.141 33.7296 183.414 33.7696 183.72 33.863C184.02 33.9564 184.28 34.1032 184.5 34.2967C184.72 34.4901 184.894 34.7236 185.02 34.9905C185.14 35.2506 185.213 35.5509 185.213 35.8711C185.213 36.4648 185.013 37.0452 184.62 37.6056C184.22 38.1793 183.527 38.7797 182.527 39.4068C182.168 39.2467 181.761 39.0732 181.288 38.8931C180.455 39.3668 179.775 39.6069 179.242 39.6069C178.862 39.6069 178.575 39.5002 178.362 39.2934C178.155 39.0866 178.062 38.8398 178.062 38.5662C178.062 38.2727 178.182 38.0059 178.428 37.7657C178.675 37.5255 179.048 37.3988 179.535 37.3988C179.735 37.3988 179.968 37.4321 180.255 37.4855L180.621 36.6783L179.968 36.745C179.815 36.745 179.608 36.725 179.342 36.6649C179.082 36.6049 178.868 36.5182 178.702 36.3848C178.528 36.258 178.402 36.0979 178.322 35.9044C178.235 35.7176 178.195 35.5175 178.195 35.3107C178.195 34.9838 178.288 34.6903 178.475 34.4368C178.595 34.27 178.795 34.1232 179.062 33.9898V33.9231C179.062 33.5695 179.182 33.1759 179.422 32.7223C179.675 32.2686 180.115 31.7149 180.768 31.0545M181.001 38.7597C180.268 38.4528 179.668 38.2994 179.202 38.2927C178.948 38.2927 178.755 38.3528 178.622 38.4929C178.515 38.5863 178.475 38.693 178.475 38.8264C178.475 38.9598 178.522 39.0732 178.622 39.1533C178.775 39.2867 178.995 39.3534 179.295 39.3534C179.741 39.3534 180.315 39.1533 181.001 38.7597ZM181.461 34.8437C181.074 34.9171 180.708 34.9504 180.341 34.9504C179.935 34.9504 179.641 34.8837 179.475 34.777C179.308 34.6569 179.188 34.4701 179.102 34.2166C178.888 34.3901 178.782 34.5969 178.782 34.8504C178.782 35.0839 178.862 35.2707 179.035 35.4174C179.255 35.6109 179.628 35.711 180.161 35.711C180.408 35.711 180.728 35.6776 181.108 35.6242L181.461 34.8437ZM182.387 32.789C181.921 32.5021 181.554 32.3086 181.301 32.2152C181.048 32.1219 180.808 32.0685 180.608 32.0685C180.335 32.0685 180.108 32.1685 179.928 32.362C179.755 32.5555 179.668 32.789 179.668 33.0558C179.668 33.3227 179.741 33.5295 179.895 33.6963C180.041 33.863 180.268 33.9431 180.568 33.9431C180.768 33.9431 181.214 33.9031 181.914 33.823L182.381 32.789H182.387ZM180.468 37.5389C180.741 37.6123 180.968 37.6856 181.141 37.7457C181.328 37.8124 181.634 37.9391 182.094 38.1393C182.801 37.7257 183.161 37.3321 183.161 36.9451C183.161 36.8317 183.114 36.7183 183.034 36.6182C182.947 36.5248 182.841 36.4715 182.714 36.4715C182.554 36.4715 182.354 36.4915 182.121 36.5248C181.481 36.6182 181.054 36.6583 180.855 36.6583L180.468 37.5389ZM181.334 35.6042C182.041 35.5108 182.534 35.4641 182.807 35.4641C183.187 35.4641 183.474 35.5709 183.674 35.791C183.867 36.0045 183.967 36.2647 183.967 36.5649C183.967 36.8251 183.867 37.0852 183.674 37.3321C183.487 37.5789 183.067 37.8858 182.434 38.2527L183.327 38.5462C183.72 38.2393 184.014 37.9125 184.227 37.5656C184.427 37.212 184.54 36.8317 184.54 36.4048C184.54 36.1312 184.467 35.8644 184.34 35.5909C184.214 35.324 184.007 35.1106 183.734 34.9571C183.461 34.797 183.147 34.717 182.787 34.717C182.501 34.717 182.134 34.757 181.674 34.8237L181.328 35.6042H181.334Z" fill="#004EA2"/>
<path d="M187.453 33.4361L188.706 35.2773L186.706 37.0385V38.0526L187.733 38.5662L188.433 37.9792L188.533 38.1526L187.093 39.4068C186.8 39.2067 186.553 39.0666 186.373 38.9799C186.18 38.8931 185.907 38.8064 185.56 38.713V38.5796C185.66 38.5062 185.72 38.4128 185.76 38.2994C185.8 38.1927 185.807 37.9525 185.807 37.5856V34.3767C186.093 34.25 186.326 34.1366 186.506 34.0231C186.64 33.9498 186.96 33.7563 187.46 33.4361M186.766 34.0832L186.7 34.1232V36.6649L187.873 35.6309L186.766 34.0899V34.0832Z" fill="#004EA2"/>
<path d="M194.571 33.7496L194.684 33.8964C194.518 34.0832 194.411 34.2366 194.358 34.3434C194.298 34.4568 194.258 34.5702 194.244 34.6769C194.224 34.7903 194.218 35.0238 194.218 35.3641V37.699C194.218 38.0058 194.244 38.206 194.291 38.3127C194.344 38.4128 194.378 38.4662 194.431 38.4662C194.484 38.4662 194.584 38.3928 194.731 38.246L194.844 38.4195L193.891 39.4068C193.671 39.1933 193.525 39.0132 193.465 38.8731C193.371 38.6663 193.318 38.4395 193.318 38.206V34.8304L192.865 34.3434L192.158 35.1639V38.206L192.498 38.6663L191.712 39.4135L190.912 38.6663L191.252 38.206V35.4241C191.252 35.0972 191.232 34.8904 191.192 34.797C191.145 34.6702 191.012 34.5168 190.812 34.3434L190.105 35.0772V38.206L190.445 38.6663L189.672 39.4135L188.872 38.6663L189.206 38.206V35.2039C189.206 34.8904 189.172 34.6702 189.112 34.5368C189.072 34.4301 189.026 34.3834 188.979 34.3834C188.932 34.3834 188.839 34.4568 188.692 34.6035L188.586 34.4368L189.499 33.4494C189.699 33.6295 189.839 33.7763 189.906 33.8897C189.979 34.0031 190.032 34.1232 190.059 34.2566C190.079 34.3567 190.085 34.5435 190.085 34.8304L191.418 33.4494C191.705 33.7363 191.892 33.9831 191.978 34.1699C192.072 34.3567 192.118 34.6035 192.132 34.8971L193.371 33.4494L194.111 34.29L194.551 33.763L194.571 33.7496Z" fill="#004EA2"/>
<path d="M195.757 33.4361L196.537 34.2566L196.197 34.6903V37.7323C196.197 38.0592 196.224 38.2594 196.264 38.3594C196.297 38.4595 196.344 38.5062 196.391 38.5062C196.424 38.5062 196.444 38.4929 196.477 38.4795C196.511 38.4528 196.584 38.3728 196.697 38.2527L196.811 38.4261L195.871 39.4135C195.637 39.2 195.477 39.0065 195.404 38.8131C195.331 38.6263 195.298 38.2994 195.298 37.8257V34.7036L194.958 34.27L195.751 33.4494L195.757 33.4361ZM196.104 31.5348H196.671L196.057 32.7489H195.864L196.104 31.5348Z" fill="#004EA2"/>
<path d="M199.823 33.4361L200.436 34.2767L200.863 33.7496L200.983 33.8964C200.776 34.1366 200.65 34.3167 200.616 34.4434C200.55 34.6102 200.516 34.837 200.516 35.1239V37.799C200.516 38.0459 200.55 38.226 200.616 38.3528C200.65 38.4328 200.69 38.4728 200.736 38.4728C200.783 38.4728 200.869 38.3995 201.029 38.2527L201.136 38.4261L200.19 39.4135C199.95 39.18 199.79 38.9732 199.723 38.7931C199.65 38.6129 199.616 38.3194 199.616 37.9191V34.8504L199.223 34.33L198.463 35.0972V38.2127L198.797 38.6196L198.01 39.4135L197.217 38.6196L197.557 38.2127V35.3574C197.557 34.9504 197.524 34.6769 197.464 34.5368C197.424 34.4368 197.37 34.3901 197.317 34.3901C197.264 34.3901 197.17 34.4634 197.05 34.6102L196.944 34.4434L197.884 33.4561C198.143 33.7029 198.303 33.8897 198.37 34.0298C198.437 34.1766 198.47 34.3701 198.47 34.6236V34.817L199.836 33.4494L199.823 33.4361Z" fill="#004EA2"/>
<path d="M204.435 33.6696L204.602 33.7496C204.435 34.0632 204.329 34.3033 204.289 34.4701C204.242 34.6369 204.222 34.8637 204.222 35.1439V37.5322C204.222 37.9325 204.242 38.1793 204.289 38.2794C204.329 38.3794 204.382 38.4328 204.449 38.4328C204.475 38.4328 204.515 38.4195 204.549 38.3995C204.569 38.3861 204.629 38.3194 204.729 38.206L204.835 38.3861L203.882 39.4068C203.662 39.18 203.509 38.9798 203.435 38.8064C203.362 38.6329 203.316 38.3794 203.309 38.0659L201.963 39.4135C201.456 38.8865 201.196 38.3728 201.196 37.8658C201.196 37.5255 201.256 37.2053 201.363 36.9051C201.516 36.5048 201.769 36.0512 202.136 35.5308L201.589 34.0765L201.656 33.9431C201.769 33.9431 201.856 33.9564 201.909 33.9564C202.256 33.9564 202.562 33.7896 202.829 33.4494C203.042 33.6029 203.282 33.7296 203.535 33.8297C203.789 33.9231 203.989 33.9698 204.115 33.9698C204.189 33.9698 204.235 33.9564 204.269 33.9297C204.302 33.9031 204.355 33.823 204.429 33.6829M203.316 34.7436L201.803 34.1499L202.349 35.6042L203.309 36.1913V34.7436H203.316ZM203.316 36.4248L202.249 35.771C202.082 36.2313 202.003 36.6249 202.003 36.9718C202.003 37.5722 202.222 38.0726 202.656 38.4662L203.322 37.7857V36.4181L203.316 36.4248Z" fill="#004EA2"/>
<path d="M207.395 33.4361L208.068 34.4568L207.395 35.204L206.828 34.3234L206.401 34.817V38.0726L206.901 38.5329L207.368 38.0859L207.481 38.2594L206.341 39.4068C206.095 39.1333 205.888 38.9398 205.722 38.8264C205.548 38.7063 205.368 38.6129 205.175 38.5462V38.4328C205.302 38.3127 205.388 38.1993 205.428 38.0859C205.475 37.9658 205.495 37.739 205.495 37.4054V35.1039C205.495 34.8103 205.468 34.6236 205.415 34.5235C205.368 34.4301 205.308 34.3834 205.248 34.3834C205.188 34.3834 205.095 34.4634 204.982 34.6236L204.875 34.4501L205.795 33.4361C206.048 33.6829 206.221 33.8964 206.315 34.0698C206.375 34.1833 206.401 34.3367 206.401 34.5368L207.395 33.4361Z" fill="#004EA2"/>
<path d="M208.048 34.4101L208.974 33.4361C209.234 33.6562 209.394 33.843 209.481 34.0031C209.547 34.1566 209.587 34.3834 209.587 34.6569V34.7837L210.927 33.4361C211.394 34.0432 211.62 34.6969 211.62 35.3907C211.62 35.771 211.54 36.1446 211.394 36.5182C211.24 36.8851 211.007 37.2387 210.687 37.5722C210.367 37.9058 209.847 38.3394 209.127 38.8865C208.821 39.1266 208.628 39.2734 208.561 39.3401C208.428 39.4735 208.334 39.6003 208.281 39.7204C208.234 39.8071 208.221 39.9138 208.221 40.0206C208.221 40.2074 208.288 40.3875 208.441 40.5476C208.588 40.7077 208.787 40.7877 209.021 40.7877C209.207 40.7877 209.347 40.7477 209.461 40.6743C209.521 40.6343 209.574 40.5543 209.621 40.4342C209.674 40.3141 209.727 40.2274 209.761 40.2007C209.794 40.1607 209.841 40.1406 209.894 40.1406C209.954 40.1406 210.001 40.1607 210.041 40.2074C210.081 40.2474 210.087 40.3008 210.087 40.3675C210.087 40.4942 210.021 40.6076 209.887 40.7277C209.674 40.9145 209.407 41.0079 209.087 41.0079C208.748 41.0079 208.488 40.9078 208.308 40.701C208.121 40.4942 208.034 40.2607 208.034 39.9739C208.034 39.687 208.141 39.4335 208.341 39.1733C208.434 39.0466 208.494 38.9598 208.521 38.9065C208.581 38.7664 208.621 38.633 208.648 38.5062C208.668 38.3861 208.681 38.2127 208.681 37.9925V35.3174C208.681 34.9504 208.648 34.6903 208.574 34.5568C208.528 34.4501 208.474 34.3967 208.408 34.3967C208.361 34.3967 208.301 34.4434 208.214 34.5368C208.208 34.5502 208.181 34.5635 208.154 34.5969L208.048 34.4234V34.4101ZM209.587 35.0372V38.226C210.007 37.8457 210.3 37.4521 210.474 37.0385C210.654 36.6249 210.734 36.2313 210.734 35.8577C210.734 35.3574 210.574 34.857 210.24 34.3767L209.581 35.0372H209.587Z" fill="#004EA2"/>
<path d="M170.77 39.3868L169.357 36.8918L171.65 35.1839L170.73 33.2893C170.65 33.1292 170.61 32.9824 170.61 32.849C170.61 32.7289 170.644 32.6289 170.717 32.5355C170.824 32.3887 170.964 32.282 171.13 32.2219C171.177 32.2019 171.204 32.1952 171.217 32.1819L173.376 31.1278C173.61 31.2479 173.803 31.4547 173.963 31.7283C174.123 32.0084 174.21 32.3086 174.21 32.6355C174.21 32.889 174.163 33.1159 174.07 33.3227C173.976 33.5295 173.823 33.7296 173.623 33.9231C173.503 34.0498 173.196 34.29 172.723 34.6502L173.716 36.7183L175.129 35.5775C175.356 35.7843 175.543 35.9244 175.676 35.9912C175.802 36.0579 175.929 36.0979 176.042 36.0979C176.082 36.0979 176.129 36.0979 176.182 36.0779C176.209 36.0779 176.229 36.0779 176.242 36.0779L176.282 36.0912C176.282 36.0912 176.309 36.1446 176.309 36.1713C176.309 36.2713 176.202 36.4114 176.002 36.5982C175.802 36.785 175.583 36.8784 175.349 36.8784C175.043 36.8784 174.769 36.7116 174.509 36.3781L173.823 36.9318C174.023 37.3387 174.176 37.6256 174.29 37.7857C174.403 37.9458 174.549 38.0859 174.749 38.206C174.943 38.3261 175.163 38.3861 175.409 38.3861C175.589 38.3861 175.796 38.3194 176.029 38.1993C176.049 38.186 176.076 38.1726 176.089 38.1726C176.102 38.1726 176.116 38.1793 176.129 38.1993C176.142 38.2127 176.149 38.2393 176.149 38.2527C176.149 38.3661 176.089 38.5129 175.976 38.7063C175.862 38.8998 175.689 39.0599 175.469 39.1933C175.249 39.3268 175.009 39.3935 174.756 39.3935C174.469 39.3935 174.216 39.3268 173.996 39.1867C173.776 39.0532 173.576 38.8731 173.403 38.633C173.276 38.4595 173.103 38.146 172.883 37.6923L170.79 39.3868H170.77ZM171.597 38.4261L172.763 37.4855L171.743 35.3841L170.437 36.3647L171.597 38.4261ZM172.617 34.4568C172.91 34.2433 173.116 34.0165 173.243 33.7963C173.33 33.6362 173.37 33.4428 173.37 33.2159C173.37 32.8757 173.27 32.5755 173.063 32.3086C172.863 32.0418 172.663 31.9084 172.457 31.9084C172.277 31.9084 172.13 31.9818 172.003 32.1219C171.877 32.262 171.81 32.4221 171.81 32.6022C171.81 32.7423 171.87 32.9291 171.983 33.1692L172.61 34.4634L172.617 34.4568Z" fill="#004EA2"/>
</g>
<defs>
<clipPath id="clip0_1785_62756">
<rect width="212" height="49" fill="white"/>
</clipPath>
</defs>
</svg>
