<svg width="400" height="49" viewBox="0 0 400 49" fill="none" xmlns="http://www.w3.org/2000/svg">
<line x1="223.5" y1="36" x2="223.5" y2="12" stroke="#C2C2C2"/>
<path d="M238.125 27H245.85V24.15H236.75V21.475H253.975V15.925H238.125V13.125H257.375V21.475H259V24.15H249.4V27H257.375V35.35H253.975V29.8H238.125V27ZM260.63 31.05C261.147 30.85 261.638 30.5 262.105 30C262.572 29.5 262.972 28.8917 263.305 28.175C263.655 27.4417 263.93 26.6083 264.13 25.675C264.33 24.7417 264.43 23.7333 264.43 22.65V16.5H260.88V13.65H271.23V16.5H267.855V22.65C267.855 24.8333 268.18 26.5917 268.83 27.925C269.48 29.2417 270.413 30.2083 271.63 30.825V33.8C270.497 33.4167 269.438 32.8167 268.455 32C267.472 31.1833 266.713 30.2 266.18 29.05C265.597 30.2167 264.813 31.2417 263.83 32.125C262.863 33.0083 261.797 33.6417 260.63 34.025V31.05ZM273.23 23.925H269.755V20.875H273.23V13.15H276.43V34.85H273.23V23.925ZM278.305 13.025H281.505V35.35H278.305V13.025ZM284.01 31.375H288.485V22.775H292.035V31.375H295.16V22.775H298.71V31.375H306.26V34.25H284.01V31.375ZM285.635 13.625H304.385V28.025H300.985V16.525H285.635V13.625ZM309.515 18.075H324.565V16.275H309.515V13.5H328.015V20.75H312.965V22.775H328.515V25.55H309.515V18.075ZM312.24 29.95H307.64V27.075H329.89V29.95H325.29V35.35H321.74V29.95H315.79V35.35H312.24V29.95ZM331.27 31.375H335.745V22.775H339.295V31.375H342.42V22.775H345.97V31.375H353.52V34.25H331.27V31.375ZM332.895 13.625H351.645V28.025H348.245V16.525H332.895V13.625ZM361.974 22.125C360.108 22.125 358.649 21.7167 357.599 20.9C356.549 20.0833 356.024 18.975 356.024 17.575C356.024 16.175 356.549 15.0667 357.599 14.25C358.649 13.4333 360.108 13.025 361.974 13.025H370.074C371.941 13.025 373.399 13.4333 374.449 14.25C375.499 15.0667 376.024 16.175 376.024 17.575C376.024 18.975 375.499 20.0833 374.449 20.9C373.399 21.7167 371.941 22.125 370.074 22.125H361.974ZM356.274 27.75H359.499V25.925H354.899V23.25H377.149V25.925H372.049V27.75H375.524V35.35H372.124V30.55H356.274V27.75ZM369.949 19.425C370.766 19.425 371.416 19.2667 371.899 18.95C372.383 18.6167 372.624 18.1583 372.624 17.575C372.624 16.9917 372.383 16.5417 371.899 16.225C371.416 15.8917 370.766 15.725 369.949 15.725H362.099C361.283 15.725 360.633 15.8917 360.149 16.225C359.666 16.5417 359.424 16.9917 359.424 17.575C359.424 18.1583 359.666 18.6167 360.149 18.95C360.633 19.2667 361.283 19.425 362.099 19.425H369.949ZM368.499 27.75V25.925H363.049V27.75H368.499ZM385.229 22.275C384.279 22.275 383.429 22.1667 382.679 21.95C381.929 21.7167 381.288 21.3917 380.754 20.975C380.238 20.5583 379.838 20.0667 379.554 19.5C379.288 18.9333 379.154 18.3083 379.154 17.625C379.154 16.9417 379.288 16.3167 379.554 15.75C379.838 15.1833 380.238 14.6917 380.754 14.275C381.288 13.8583 381.929 13.5417 382.679 13.325C383.429 13.0917 384.279 12.975 385.229 12.975H387.579C388.529 12.975 389.379 13.0917 390.129 13.325C390.879 13.5417 391.513 13.8583 392.029 14.275C392.563 14.6917 392.963 15.1833 393.229 15.75C393.513 16.3167 393.654 16.9417 393.654 17.625C393.654 18.3083 393.513 18.9333 393.229 19.5C392.963 20.0667 392.563 20.5583 392.029 20.975C391.513 21.3917 390.879 21.7167 390.129 21.95C389.379 22.1667 388.529 22.275 387.579 22.275H385.229ZM390.404 26.775H395.754V13.025H399.154V30.35H395.754V29.525H390.404V26.775ZM380.404 29.25H383.804V32.45H399.654V35.25H380.404V29.25ZM378.529 23.15H394.754V25.825H387.429V28.75H383.879V25.825H378.529V23.15ZM387.504 19.575C388.338 19.575 389.004 19.4 389.504 19.05C390.004 18.6833 390.254 18.2083 390.254 17.625C390.254 17.0417 390.004 16.575 389.504 16.225C389.004 15.8583 388.338 15.675 387.504 15.675H385.304C384.471 15.675 383.804 15.8583 383.304 16.225C382.804 16.575 382.554 17.0417 382.554 17.625C382.554 18.2083 382.804 18.6833 383.304 19.05C383.804 19.4 384.471 19.575 385.304 19.575H387.504Z" fill="#C2C2C2"/>
<g clip-path="url(#clip0_1785_62789)">
<path d="M19.8017 46.0513V46.038C19.8017 46.038 19.8017 46.018 19.7817 45.9779C19.7617 45.9379 19.735 45.8712 19.7017 45.7912C19.6284 45.631 19.5084 45.4242 19.3285 45.2174C18.9819 44.7971 18.442 44.3969 17.5756 44.3969C16.9757 44.3969 16.1959 44.597 15.2095 45.1707H15.2028L15.1895 45.1841C15.1695 45.1841 14.1764 45.631 13.0167 45.631C12.2769 45.631 11.4504 45.4443 10.8106 44.8038C10.1708 44.1701 9.76421 43.116 9.76421 41.4615V41.2481C9.76421 41.2481 9.77754 41.1547 9.77754 40.9679C9.77754 40.5676 9.69756 39.8471 9.23101 39.2C8.75779 38.5662 7.89135 37.9725 6.2051 37.8457H6.19177C6.19177 37.8457 5.31199 37.7257 4.43888 37.2387C3.57243 36.7583 2.65266 35.8711 2.65266 34.3901C2.65266 33.5628 2.93259 32.5822 3.60576 31.3947H3.61242V31.3813C3.61242 31.3813 3.63908 31.348 3.67241 31.2746C3.7124 31.2012 3.77238 31.1012 3.8257 30.9677C3.93901 30.7009 4.04565 30.314 4.04565 29.887C4.04565 29.0798 3.6924 28.0391 2.14612 27.0251C2.14612 27.005 0.0199919 25.5307 -0.00666809 23.456C-0.00666809 22.3018 0.699821 21.041 2.66599 19.9002L2.68599 19.8869H2.70598C2.70598 19.8869 2.73264 19.8735 2.77263 19.8535C2.81262 19.8335 2.87927 19.8068 2.95259 19.7601C3.10588 19.6801 3.3125 19.5466 3.51911 19.3665C3.92568 18.9996 4.32558 18.4459 4.32558 17.612C4.32558 16.9582 4.07897 16.111 3.35249 15.0369H3.34582V15.0236C3.34582 15.0102 2.80596 14.0896 2.79929 12.9888C2.79929 12.315 3.01257 11.5612 3.6924 10.9675C4.37223 10.3737 5.47195 9.95344 7.21152 9.85337H7.22485C7.22485 9.85337 7.23818 9.85337 7.24484 9.85337C7.26484 9.85337 7.30483 9.85337 7.36481 9.85337C7.45812 9.85337 7.59142 9.83336 7.75805 9.80667C8.0913 9.74663 8.51785 9.63322 8.95108 9.4064C9.81086 8.94609 10.6507 8.09217 10.664 6.24425C10.664 6.17754 10.664 6.1175 10.6573 6.05078V6.03744C10.6573 6.03744 10.684 5.2369 11.1239 4.42968C11.5504 3.62246 12.4569 2.79523 14.0898 2.80191C14.683 2.80191 15.3628 2.90197 16.1626 3.14214H16.1893L16.2093 3.16215C16.2093 3.16215 16.2559 3.18884 16.3426 3.22886C16.4359 3.26889 16.5625 3.32893 16.7225 3.3823C17.0424 3.49571 17.4823 3.60912 17.9422 3.60912C18.8019 3.59578 19.715 3.26889 20.3082 1.76787V1.74786L20.3282 1.72784C20.3482 1.69449 21.3746 0.0133424 23.2275 0C24.1473 0 25.2337 0.4403 26.4134 1.67447L26.4333 1.69449V1.72117C26.4333 1.72117 26.52 1.84792 26.66 2.04139C26.8066 2.24152 27.0265 2.5017 27.3131 2.76855C27.893 3.29558 28.7061 3.80926 29.7392 3.80926C30.3457 3.80926 31.0322 3.63581 31.812 3.16215H31.8187L31.832 3.15548C31.852 3.14881 32.5785 2.78856 33.5716 2.78856C34.318 2.78856 35.2245 3.00204 36.0509 3.7292C36.1909 3.84261 37.5039 4.88332 37.5106 6.85133C37.5106 6.91804 37.5106 6.99142 37.5106 7.05814V7.07815L37.5039 7.09816C37.5039 7.09816 37.5039 7.12485 37.4906 7.19156C37.4906 7.25827 37.4772 7.35167 37.4772 7.47175C37.4772 7.87869 37.5705 8.51913 38.0438 9.05282C38.5236 9.59319 39.4034 10.0668 41.0763 10.0935H41.0897C41.0897 10.0935 41.9428 10.1602 42.7959 10.6005C43.6557 11.0342 44.5421 11.9214 44.5355 13.4692C44.5355 14.2964 44.2889 15.2904 43.689 16.5312L43.6757 16.5446L43.6623 16.5646C43.6623 16.5646 43.649 16.5846 43.6224 16.638C43.589 16.6914 43.5424 16.7714 43.5024 16.8715C43.4224 17.0649 43.3358 17.3518 43.3358 17.672C43.3358 18.3592 43.669 19.2798 45.3219 20.1804L45.3286 20.1871C45.3419 20.2071 47.4414 21.548 47.4681 23.6361C47.4681 24.8369 46.7282 26.1912 44.6088 27.5321H44.6021L44.5888 27.5454C44.5888 27.5454 44.5821 27.5454 44.5488 27.5721C44.5221 27.5921 44.4755 27.6188 44.4088 27.6588C44.2955 27.7389 44.1422 27.8656 43.9823 28.0391C43.6757 28.386 43.3691 28.913 43.3691 29.6802C43.3691 30.3406 43.6024 31.1946 44.3089 32.2753L44.3222 32.2953V32.3153C44.3222 32.3153 44.7021 33.2159 44.7088 34.35C44.7287 35.8177 44.0156 37.7457 41.1297 38.4728H41.0963L41.0697 38.4795C41.0697 38.4795 41.023 38.4795 40.943 38.4795C40.8564 38.4795 40.7298 38.5062 40.5765 38.5329C40.2632 38.5929 39.8366 38.7197 39.4034 38.9665C38.5303 39.4602 37.5772 40.4208 37.264 42.4355C37.264 42.569 37.2373 43.3228 36.8974 44.0967C36.5441 44.9439 35.7377 45.8378 34.2514 45.8312C33.4716 45.8312 32.5251 45.5977 31.3454 45.0373L31.3121 45.0173L31.2855 44.9973C31.2855 44.9973 31.2455 44.9573 31.1522 44.8905C31.0589 44.8238 30.9322 44.7304 30.7656 44.6504C30.439 44.4636 29.9858 44.2968 29.4992 44.2968C28.8394 44.2968 28.0929 44.5903 27.3531 45.6978C27.2931 45.8312 26.9599 46.5717 26.3534 47.3189C25.6935 48.1394 24.6938 48.9933 23.3541 48.9933H23.2208C23.2208 48.9933 23.1542 48.9933 23.0942 48.9933H23.0609C22.5077 48.9933 20.7948 48.6798 19.8217 46.0447M23.0809 48.5197C23.1475 48.5197 23.1675 48.513 23.1675 48.513H23.2075C23.2541 48.513 23.2941 48.513 23.3408 48.513C25.0004 48.5263 26.1934 46.8385 26.6666 45.9579C26.8266 45.6644 26.9066 45.4843 26.9066 45.4843V45.4643L26.9266 45.4443C27.7197 44.2168 28.6661 43.8031 29.4859 43.8031C30.579 43.8098 31.3988 44.4703 31.5721 44.6037C32.6918 45.1374 33.5649 45.3375 34.238 45.3375C35.2111 45.3375 35.7643 44.9372 36.1376 44.4369C36.5041 43.9232 36.6641 43.2895 36.7308 42.8625C36.7707 42.5756 36.7707 42.4022 36.7707 42.4022V42.3622C37.0907 40.2074 38.1704 39.0732 39.1568 38.5262C40.0433 38.0325 40.8497 37.9792 41.0297 37.9792C43.7023 37.2654 44.2022 35.6576 44.2222 34.3234C44.2222 33.5562 44.0289 32.889 43.9356 32.6089C43.9223 32.5555 43.9023 32.5155 43.8956 32.4954C43.1625 31.368 42.8959 30.4274 42.8959 29.6535C42.8959 27.9123 44.2422 27.1651 44.3755 27.0984C46.4217 25.7976 47.0015 24.6034 47.0015 23.6161C47.0148 22.3219 45.9351 21.2411 45.3819 20.7941C45.2286 20.6674 45.1153 20.594 45.0887 20.574C43.3491 19.6334 42.8559 18.5126 42.8692 17.6453C42.8692 16.9115 43.1958 16.3845 43.2691 16.2777C43.8423 15.1036 44.0556 14.1763 44.0556 13.4491C44.0556 12.4285 43.649 11.8014 43.1225 11.3677C42.6026 10.9341 41.9561 10.7206 41.5162 10.6272C41.2563 10.5672 41.083 10.5538 41.0563 10.5538C39.2968 10.5272 38.257 10.0068 37.6772 9.34636C37.0973 8.67924 36.9907 7.91872 36.9907 7.44507C36.9907 7.21157 37.0174 7.05146 37.0307 6.99142C37.0307 6.93138 37.0307 6.87801 37.0307 6.81797C37.0307 5.21688 36.0376 4.3096 35.8043 4.10946C35.7777 4.08945 35.7577 4.07611 35.7577 4.07611L35.7443 4.06276H35.731C35.0112 3.40899 34.2314 3.22886 33.5716 3.22886C32.9117 3.22886 32.3785 3.41566 32.1519 3.50905C32.0986 3.52907 32.0653 3.54241 32.0519 3.54908C31.2188 4.05609 30.439 4.25623 29.7392 4.25623C27.4931 4.23622 26.2201 2.23485 26.0468 1.96133C24.9337 0.807216 23.9873 0.453642 23.2275 0.453642C22.0811 0.453642 21.248 1.28087 20.9147 1.7145C20.8281 1.82124 20.7748 1.89462 20.7548 1.92131C20.1216 3.56909 18.9486 4.06276 17.9488 4.05609C16.9757 4.05609 16.1693 3.64248 16.0093 3.55575C15.2562 3.3356 14.623 3.24221 14.0965 3.24221C12.9967 3.24221 12.3369 3.62914 11.9037 4.10279C11.4771 4.58312 11.2838 5.17686 11.2038 5.57046C11.1572 5.80395 11.1505 5.95739 11.1505 5.99074V6.18421C11.1572 8.19891 10.1708 9.27297 9.18435 9.77999C8.25792 10.2603 7.36481 10.287 7.24484 10.287C5.56526 10.3871 4.57218 10.794 4.01899 11.2877C3.45913 11.7813 3.2925 12.3684 3.28584 12.9488C3.28584 13.656 3.5591 14.3231 3.6924 14.6033C3.72573 14.6767 3.75239 14.7234 3.75905 14.7434C4.51886 15.8641 4.81212 16.7981 4.81212 17.5786C4.81212 18.5726 4.32558 19.2664 3.8457 19.6934C3.4258 20.067 3.00591 20.2471 2.90593 20.2871C1.01974 21.3946 0.479876 22.482 0.479876 23.4159C0.473211 24.7035 1.56627 25.8643 2.12613 26.3446C2.31275 26.5047 2.43272 26.5914 2.41939 26.5848C4.05898 27.6455 4.52553 28.873 4.52553 29.8403C4.52553 30.8143 4.07897 31.5014 4.01232 31.6015C3.36582 32.7356 3.11921 33.6362 3.11921 34.35C3.11921 35.304 3.54577 35.9311 4.08564 36.3848C4.63217 36.8384 5.29866 37.0852 5.75188 37.212C6.00515 37.2787 6.18511 37.312 6.23176 37.3187C8.01132 37.4455 9.04439 38.1059 9.60425 38.8731C10.1641 39.6336 10.2508 40.4675 10.2508 40.9212C10.2508 41.1013 10.2374 41.2214 10.2308 41.2614V41.4148C10.2308 42.9892 10.624 43.9032 11.1372 44.4169C11.6571 44.9372 12.3302 45.104 12.9967 45.1107C13.5166 45.1107 14.0165 45.0039 14.383 44.9039C14.703 44.8105 14.9162 44.7238 14.9629 44.7037C15.996 44.11 16.8491 43.8698 17.5556 43.8698C18.582 43.8698 19.2818 44.3769 19.6817 44.8705C20.055 45.3242 20.2082 45.7711 20.2349 45.8512C21.1947 48.3662 22.681 48.473 23.0609 48.4863M7.23151 10.3204C7.23151 10.3204 7.17153 10.3204 7.14487 10.307C7.17153 10.3204 7.20485 10.327 7.23151 10.3204ZM7.05822 10.247C7.05822 10.247 7.03156 10.2069 7.01823 10.1869C7.03156 10.2003 7.03823 10.227 7.05822 10.247Z" fill="#C2C2C2"/>
<path d="M44.3488 20.8609C40.5431 19.3399 42.8292 15.664 42.8292 15.664C44.9887 12.235 41.1763 11.2277 41.1763 11.2277C35.6044 10.8474 36.2442 7.42509 36.2442 7.42509C36.6175 5.14354 35.2311 4.63653 35.2311 4.63653C33.7115 3.49575 32.1919 4.63653 32.1919 4.63653C29.4059 6.79132 26.1134 2.73523 26.1134 2.73523C23.3275 -0.186756 20.9214 3.11549 20.9214 3.11549C19.1419 6.67124 16.2293 4.76328 16.2293 4.76328C11.797 2.35497 11.5438 7.80535 11.5438 7.80535C11.1639 10.9341 8.24459 10.9742 8.24459 10.9742C2.55269 10.7207 5.07872 15.157 5.07872 15.157C6.71165 19.54 3.81238 20.4806 3.81238 20.4806C-1.00641 23.5227 3.30584 26.438 3.30584 26.438C6.72498 28.7196 4.82545 32.0152 4.82545 32.0152C2.16612 36.4515 7.23152 36.5849 7.23152 36.5849C11.5438 37.2187 10.9039 40.3875 10.9039 40.3875C10.6507 45.7111 15.3361 43.5563 15.3361 43.5563C20.2749 41.7818 20.7814 45.2041 20.7814 45.2041C23.3141 50.2742 26.2267 45.3309 26.2267 45.3309C28.5062 41.5283 31.1722 43.5563 31.1722 43.5563C36.1109 46.7252 36.3642 41.148 36.3642 41.148C36.8707 37.5989 39.91 37.2187 39.91 37.2187C45.102 37.0919 42.7026 32.4021 42.7026 32.4021C40.7964 28.346 43.589 26.825 43.589 26.825C45.4886 25.8176 45.8685 24.4233 45.8685 24.4233C46.7549 21.8883 44.3488 20.8676 44.3488 20.8676M23.7007 42.7958C13.4833 42.7958 5.20536 34.3367 5.20536 23.9096C5.20536 13.4825 13.4833 5.01011 23.7007 5.01011C33.9181 5.01011 42.1961 13.4692 42.1961 23.903C42.1961 34.3367 33.9181 42.7891 23.7007 42.7891" fill="#C2C2C2"/>
<path d="M17.4423 24.6233H15.7827L16.6158 22.1883L17.4423 24.6233ZM14.6563 26.5847H15.1095L15.6361 25.057H17.5956L18.1088 26.5847H18.5753L16.8824 21.728H16.3492L14.6563 26.5847Z" fill="#C2C2C2"/>
<path d="M22.6543 33.6763C22.621 33.5496 22.6943 33.4161 22.8209 33.3828C23.0475 33.3228 23.1875 33.256 23.2475 33.2027C23.3075 33.1426 23.3008 33.1293 23.3075 33.1093C23.3275 33.0426 23.1342 32.8024 23.0142 32.729C22.9742 32.7023 22.9542 32.6823 22.9542 32.6823C22.8476 32.6089 22.8143 32.4555 22.8942 32.3488C22.9676 32.242 23.1208 32.2087 23.2275 32.2887C23.2341 32.2954 23.3541 32.3754 23.4874 32.5155C23.6141 32.649 23.7673 32.8358 23.7807 33.1093C23.7807 33.2761 23.7007 33.4495 23.5541 33.5696C23.4074 33.6897 23.2142 33.7831 22.9409 33.8564C22.9209 33.8564 22.9009 33.8631 22.8809 33.8631C22.7743 33.8631 22.681 33.7897 22.6476 33.683" fill="#C2C2C2"/>
<path d="M22.2344 28.6795C22.1011 28.6795 22.0011 28.5594 22.0011 28.4326L22.1478 24.1764C22.1478 24.043 22.2611 23.9363 22.3944 23.9429C22.5277 23.9429 22.6343 24.0563 22.6276 24.1898L22.4877 28.446C22.4877 28.5727 22.3744 28.6795 22.2477 28.6795H22.2344Z" fill="#C2C2C2"/>
<path d="M26.7333 36.7582C26.6066 36.7316 26.5267 36.6048 26.5467 36.4714C26.5467 36.458 26.7666 35.444 27.3598 34.5434L27.3864 34.51C27.3864 34.51 27.4331 34.4633 27.5131 34.3633C27.5931 34.2632 27.6997 34.1164 27.8063 33.9363C28.0196 33.5761 28.2262 33.0757 28.2396 32.5487V32.4887C28.2396 32.4887 28.3062 32.2819 28.3662 31.9483C28.4262 31.6214 28.4862 31.1678 28.4862 30.7075C28.4862 30.2138 28.4195 29.7068 28.2262 29.3132C28.0329 28.9262 27.7397 28.6461 27.2398 28.5326C27.0798 28.5193 25.6469 28.3792 24.8004 28.1657C24.8004 28.1657 24.7138 28.139 24.5538 28.1057C24.3939 28.0723 24.1739 28.0457 23.9473 28.0457C23.3608 28.0523 22.7409 28.2058 22.4743 28.9396L22.461 28.9729C22.461 28.9729 22.3877 29.0997 22.321 29.2865C22.2477 29.4733 22.1811 29.7135 22.1811 29.9069C22.1811 30.047 22.2144 30.1404 22.2677 30.2005C22.321 30.2538 22.4277 30.3139 22.6743 30.3205H22.7209C22.7209 30.3205 22.7209 30.3272 22.7476 30.3272C22.7743 30.3272 22.8076 30.3339 22.8609 30.3339C23.1475 30.3272 23.8207 30.2538 24.4672 29.3599C24.5205 29.2865 24.6005 29.2465 24.6871 29.2531C24.7738 29.2665 24.8471 29.3199 24.8804 29.3999C24.8804 29.3999 24.8937 29.4266 24.9137 29.4533C24.9471 29.5 25.007 29.5667 25.1137 29.6401C25.3136 29.7868 25.6802 29.967 26.3134 30.0337C26.3934 30.047 26.4667 30.0937 26.5 30.1671C26.54 30.2405 26.5333 30.3272 26.5 30.4006C26.5 30.4006 26.48 30.4339 26.4467 30.5073C26.4067 30.5807 26.36 30.6874 26.3134 30.8142C26.2201 31.0677 26.1201 31.428 26.1201 31.7949C26.1201 32.1685 26.2134 32.5487 26.4867 32.9023C26.5666 33.009 26.5466 33.1625 26.44 33.2425C26.34 33.3292 26.1867 33.3026 26.1001 33.1958C25.7602 32.7422 25.6469 32.2485 25.6469 31.7949C25.6469 31.2478 25.8068 30.7675 25.9335 30.474C25.2603 30.3472 24.8737 30.0937 24.6605 29.8936C23.974 30.6941 23.2208 30.8275 22.8609 30.8209C22.7676 30.8209 22.6943 30.8142 22.661 30.8075C22.3477 30.8075 22.0944 30.7141 21.9211 30.534C21.7545 30.3472 21.7012 30.1204 21.7012 29.9136C21.7012 29.3932 21.9745 28.8796 22.0345 28.7661C22.3877 27.7921 23.2941 27.5587 23.954 27.5653C24.5005 27.5653 24.9404 27.6987 24.9404 27.6987C25.7535 27.9056 27.3065 28.0523 27.3131 28.0457H27.3464C27.9996 28.1924 28.4395 28.5994 28.6794 29.0997C28.9194 29.5934 28.9927 30.1671 28.9927 30.7008C28.9927 31.6014 28.7794 32.4153 28.7394 32.5754C28.6928 33.7695 27.8996 34.6702 27.773 34.8169C27.5131 35.2172 27.3198 35.6508 27.2065 35.9977C27.0932 36.338 27.0332 36.5715 27.0332 36.5715C27.0132 36.6849 26.9066 36.7649 26.7999 36.7649C26.7799 36.7649 26.7666 36.7649 26.7466 36.7582" fill="#C2C2C2"/>
<path d="M20.1616 33.6896L20.1016 33.6562C19.6551 33.2693 19.4751 32.8623 19.4751 32.5021C19.4818 31.875 19.955 31.5281 19.9683 31.5081C20.0749 31.428 20.2282 31.448 20.3082 31.5481C20.3949 31.6549 20.3682 31.8083 20.2682 31.8883C20.2682 31.8883 20.2549 31.895 20.2282 31.9217C20.1949 31.9484 20.1549 31.9951 20.1149 32.0485C20.035 32.1619 19.9616 32.3153 19.9616 32.4954C19.9616 32.6889 20.0416 32.9424 20.4015 33.2626C20.4149 33.2693 20.4415 33.276 20.4815 33.296C20.5548 33.3227 20.6748 33.3694 20.8148 33.4027C21.108 33.4828 21.5213 33.5628 21.9945 33.5628C22.1611 33.5628 22.3277 33.5495 22.5077 33.5295C22.5277 33.4427 22.561 33.3093 22.561 33.1225C22.561 32.9157 22.5277 32.6489 22.4277 32.3153C22.3944 32.2219 22.4277 32.1218 22.501 32.0618C22.581 32.0018 22.681 31.9884 22.7676 32.0284C22.7676 32.0284 22.7676 32.0284 22.7809 32.0351C22.7943 32.0351 22.8209 32.0485 22.8409 32.0551C22.8942 32.0685 22.9742 32.0885 23.0609 32.0885C23.2275 32.0818 23.4074 32.0418 23.5807 31.7549C23.5807 31.7349 23.5807 31.7149 23.5807 31.6815C23.5807 31.5681 23.5607 31.4013 23.4874 31.2546C23.4074 31.1145 23.3008 30.9944 23.0475 30.9277C22.9209 30.8943 22.8409 30.7676 22.8742 30.6342C22.9076 30.5074 23.0409 30.4274 23.1675 30.4607C23.5541 30.5541 23.8007 30.7943 23.9206 31.0344C24.0473 31.2813 24.0673 31.5281 24.0673 31.6815C24.0673 31.7883 24.0606 31.8617 24.0539 31.8683L24.0273 31.9484C23.774 32.422 23.3608 32.5822 23.0609 32.5688C23.0342 32.5688 23.0075 32.5688 22.9875 32.5688C23.0275 32.7756 23.0409 32.9624 23.0409 33.1225C23.0409 33.5828 22.9076 33.8363 22.8942 33.8697C22.8609 33.9297 22.7943 33.9764 22.7209 33.9831C22.4743 34.0231 22.2277 34.0431 22.0011 34.0431C20.9414 34.0431 20.1883 33.6896 20.1749 33.6762" fill="#C2C2C2"/>
<path d="M20.3682 32.1286H20.3482C19.6284 31.6883 19.5351 30.7877 19.5218 30.1406C19.5218 29.6736 19.5884 29.32 19.5884 29.3134L19.6084 29.2667C19.9417 28.4194 20.6615 28.1593 21.228 28.1726C21.8612 28.1726 22.3744 28.4194 22.3944 28.4261C22.5143 28.4862 22.5677 28.6262 22.5077 28.7463C22.4544 28.8664 22.3077 28.9198 22.1878 28.8597C22.1878 28.8597 22.0811 28.813 21.9012 28.7597C21.7212 28.7063 21.4746 28.6529 21.228 28.6529C20.7681 28.6663 20.3349 28.793 20.0616 29.4268C20.0483 29.5068 20.0083 29.7937 20.0083 30.1473C20.0083 30.741 20.1416 31.4615 20.5748 31.7017C20.6015 31.715 20.8014 31.8084 21.088 31.9018C21.3946 32.0019 21.7812 32.1019 22.1278 32.1019C22.2411 32.1019 22.3544 32.0886 22.4544 32.0619C22.4877 31.9418 22.5543 31.7484 22.6343 31.5349C22.7743 31.188 22.9009 30.8344 23.1475 30.6343C23.2542 30.5542 23.4074 30.5742 23.4874 30.681C23.5607 30.7877 23.5474 30.9345 23.4408 31.0145C23.3941 31.0279 23.2008 31.3881 23.0875 31.7083C22.9676 32.0286 22.8809 32.3221 22.8809 32.3221C22.8609 32.3955 22.8009 32.4555 22.7409 32.4822C22.541 32.5556 22.341 32.5823 22.1344 32.5823C21.2813 32.5823 20.3949 32.1353 20.3815 32.1353" fill="#C2C2C2"/>
<path d="M21.5946 36.2714C21.0814 36.2714 20.7348 36.1914 20.4948 36.0446C20.2416 35.8978 20.1349 35.6376 20.1416 35.4308C20.1416 35.3174 20.1683 35.204 20.2016 35.1173C20.0683 35.0639 19.9616 34.9905 19.875 34.8905C19.735 34.737 19.6884 34.5369 19.6884 34.3568C19.695 33.8164 20.0616 33.3561 20.0683 33.3294C20.1483 33.2227 20.2949 33.196 20.4015 33.276C20.5148 33.3561 20.5348 33.5095 20.4549 33.6096C20.4549 33.6096 20.3815 33.7097 20.3082 33.8631C20.2282 34.0165 20.1616 34.21 20.1616 34.3568C20.1616 34.4502 20.1883 34.5102 20.2349 34.5703C20.2816 34.6236 20.3815 34.6903 20.5882 34.7304C20.5882 34.7304 20.6481 34.737 20.7614 34.7504C20.8614 34.7637 21.0147 34.7704 21.1947 34.7704C21.5279 34.7704 21.9611 34.7304 22.381 34.5703L22.5677 33.5696C22.581 33.4962 22.6276 33.4295 22.6943 33.4028C22.7609 33.3628 22.8476 33.3628 22.9142 33.4028C23.3208 33.6096 23.5607 33.8297 23.5674 34.1433C23.5474 34.4702 23.3341 34.637 23.1475 34.757C23.2075 34.8238 23.2608 34.8971 23.2875 34.9639C23.3875 35.1707 23.4074 35.3508 23.4141 35.3641V35.4042C23.3808 35.7978 23.1075 36.0446 22.8276 36.158C22.5477 36.2647 22.2411 36.2914 22.0011 36.2914C21.8012 36.2914 21.6479 36.2781 21.6012 36.2714M21.7412 35.8044C21.8012 35.8044 21.8945 35.8111 21.9945 35.8111C22.2011 35.8111 22.461 35.7844 22.641 35.711C22.8143 35.6243 22.9009 35.5576 22.9209 35.3908C22.9209 35.3775 22.9209 35.3641 22.9209 35.3374C22.9076 35.2907 22.8876 35.2307 22.8609 35.1707C22.8009 35.0639 22.7476 35.0039 22.6476 34.9905C22.1278 35.204 21.6012 35.2507 21.208 35.2507C20.9881 35.2507 20.8014 35.2307 20.6815 35.2174C20.6481 35.2774 20.6281 35.3575 20.6281 35.4175C20.6281 35.4976 20.6415 35.5376 20.7548 35.6176C20.8748 35.691 21.1414 35.7777 21.6146 35.7711H21.6546C21.6546 35.7711 21.6945 35.7777 21.7545 35.7844M22.9142 34.3301C22.9609 34.3034 23.0076 34.2634 23.0342 34.2367C23.0742 34.1833 23.0809 34.1566 23.0809 34.15C23.0809 34.15 23.0809 34.1233 23.0342 34.0699C23.0209 34.0566 23.0009 34.0366 22.9742 34.0165L22.9142 34.3368V34.3301Z" fill="#C2C2C2"/>
<path d="M25.147 36.9784C25.0137 36.9784 24.9071 36.8717 24.9071 36.7383L24.9804 30.0671C24.9804 29.9336 25.087 29.8269 25.227 29.8269C25.3603 29.8269 25.4669 29.9403 25.4669 30.0737L25.3936 36.7449C25.3936 36.8784 25.287 36.9851 25.1537 36.9851L25.147 36.9784Z" fill="#C2C2C2"/>
<path d="M22.0744 37.1252C21.9411 37.1052 21.8478 36.9851 21.8678 36.8584L21.9345 36.2112C21.9545 36.0845 22.0744 35.9911 22.2011 36.0044C22.3344 36.0178 22.4277 36.1379 22.4077 36.2713L22.341 36.9117C22.3344 37.0318 22.2211 37.1252 22.1078 37.1252H22.0811H22.0744Z" fill="#C2C2C2"/>
<path d="M24.9804 27.9925V24.1899C24.9804 24.0564 25.087 23.9497 25.227 23.9497C25.3669 23.9497 25.4669 24.0564 25.4669 24.1899V27.9925C25.4669 28.1259 25.3603 28.2326 25.227 28.2326C25.0937 28.2326 24.9804 28.1259 24.9804 27.9925Z" fill="#C2C2C2"/>
<path d="M19.3418 24.4165C19.2752 24.4165 19.2152 24.3898 19.1752 24.3498C19.1352 24.3031 19.1019 24.2431 19.1019 24.1764V23.0422C19.1019 22.9755 19.1352 22.9155 19.1752 22.8688C19.2218 22.8221 19.2818 22.7954 19.3418 22.7954H28.0663C28.1263 22.7954 28.1929 22.8221 28.2329 22.8688C28.2796 22.9155 28.2996 22.9755 28.2996 23.0422V24.1764C28.2996 24.2431 28.2729 24.3031 28.2329 24.3498C28.1862 24.3965 28.1263 24.4165 28.0663 24.4165H19.3418ZM19.5751 23.9362H27.8197V23.2757H19.5751V23.9362Z" fill="#C2C2C2"/>
<path d="M12.8768 29.5401C12.8168 29.4934 12.7835 29.4267 12.7901 29.3467L13.0034 20.1204C13.0034 20.0337 13.0501 19.9603 13.1234 19.9203C14.6963 18.993 17.109 18.8529 18.6153 18.8462C19.4018 18.8462 19.9283 18.8929 19.935 18.8929C20.0616 18.8996 20.1616 19.0196 20.1549 19.1531C20.1416 19.2865 20.0283 19.3866 19.9017 19.3732C19.9017 19.3732 19.7684 19.3665 19.5418 19.3532C19.3151 19.3399 18.9952 19.3332 18.6153 19.3332C17.189 19.3332 14.8963 19.4866 13.4899 20.2672L13.2833 29.0598C14.0698 28.8997 16.2626 28.4861 18.1821 28.4861C18.8886 28.4861 19.5684 28.5461 20.1216 28.6996C20.2482 28.7396 20.3216 28.873 20.2882 28.9998C20.2549 29.1265 20.1216 29.1999 19.995 29.1665C19.5084 29.0265 18.8686 28.9731 18.1821 28.9731C17.0357 28.9731 15.7627 29.1332 14.7763 29.2866C13.7832 29.4401 13.0967 29.6002 13.0967 29.6002C13.0767 29.6002 13.0634 29.6068 13.0434 29.6068C12.9834 29.6068 12.9367 29.5868 12.8901 29.5468" fill="#C2C2C2"/>
<path d="M34.3114 29.5201C34.3114 29.5201 33.9048 29.4134 33.265 29.3133C32.6251 29.2065 31.752 29.0998 30.8322 29.1065C30.0658 29.1065 29.266 29.1799 28.5462 29.38C28.4195 29.4134 28.2862 29.34 28.2529 29.2132C28.2129 29.0798 28.2929 28.953 28.4195 28.913C29.1993 28.6929 30.0391 28.6195 30.8322 28.6195C32.2786 28.6195 33.5916 28.8663 34.1514 28.9864L34.6913 19.9936C34.4713 19.7535 34.0248 19.5533 33.4383 19.4266C32.8051 19.2931 32.0253 19.2464 31.2521 19.2464C29.4193 19.2464 27.6064 19.5133 27.5997 19.5133C27.4664 19.54 27.3465 19.4466 27.3265 19.3132C27.3065 19.1797 27.3931 19.0596 27.5331 19.0396C27.5331 19.0396 29.3726 18.7661 31.2521 18.7661C32.0519 18.7661 32.8584 18.8128 33.5449 18.9596C34.2247 19.1063 34.8046 19.3332 35.1378 19.7801C35.1645 19.8202 35.1845 19.8735 35.1845 19.9336L34.618 29.2999C34.618 29.3733 34.578 29.4334 34.518 29.4801C34.478 29.5068 34.4313 29.5268 34.378 29.5268C34.358 29.5268 34.338 29.5268 34.318 29.5201" fill="#C2C2C2"/>
<path d="M26.7999 23.1025C26.6933 23.0358 26.6466 22.889 26.7199 22.7689C27.1132 22.1285 27.2398 21.428 27.2398 20.7742C27.2398 19.8469 26.9799 19.0397 26.8466 18.6928C26.7999 18.5794 26.7733 18.526 26.7733 18.526V18.4994C26.6066 17.999 26.54 17.5053 26.54 17.045C26.54 15.6507 27.1265 14.4966 27.5264 13.8695C25.6402 14.3365 25.167 15.7041 25.0604 16.0577C25.0404 16.1111 25.0404 16.1311 25.0404 16.1311C25.0137 16.2512 24.9071 16.3245 24.7871 16.3245C24.6671 16.3245 24.5738 16.2245 24.5605 16.1044C24.5338 15.8175 24.3672 15.4373 24.2072 15.1571C24.0539 14.8635 23.9007 14.6634 23.9007 14.6634L23.8607 14.59C23.8207 14.4433 23.7674 14.2365 23.714 14.0163C23.6074 14.2898 23.4741 14.4699 23.4408 14.51C22.8076 15.5507 22.7743 16.2178 22.7743 16.3779V16.4046C22.7876 16.538 22.6943 16.6514 22.5677 16.6648C22.4344 16.6848 22.3144 16.5981 22.2944 16.4646C22.1544 15.564 21.4079 14.8102 20.8148 14.3565C21.008 14.8702 21.0814 15.3906 21.0814 15.8709C21.0814 17.2051 20.5415 18.2525 20.4748 18.3726C20.1683 19.0864 20.0616 19.7469 20.0616 20.3339C20.0616 21.428 20.4482 22.2486 20.6415 22.5821C20.7015 22.6955 20.7348 22.7422 20.7348 22.7422C20.8148 22.849 20.7881 23.0024 20.6815 23.0758C20.5748 23.1559 20.4215 23.1292 20.3482 23.0224C20.3349 22.9957 19.5817 21.9417 19.5751 20.3273C19.5751 19.6868 19.7017 18.953 20.035 18.1658L20.0483 18.1458C20.0483 18.1458 20.0816 18.0924 20.1283 17.9723C20.1816 17.8589 20.2482 17.6855 20.3216 17.4787C20.4615 17.065 20.5948 16.4847 20.5948 15.8576C20.5948 15.1904 20.4415 14.4699 19.9816 13.7761C19.9217 13.6894 19.935 13.5693 20.0016 13.4826C20.0816 13.4026 20.1949 13.3825 20.2882 13.4292C20.3016 13.4493 21.7412 14.1631 22.441 15.4706C22.5477 15.1371 22.7276 14.7101 23.0209 14.2298L23.0342 14.2098C23.0342 14.2098 23.0542 14.1831 23.0875 14.1297C23.1208 14.0763 23.1675 13.9896 23.2208 13.8762C23.3141 13.6561 23.4141 13.3492 23.4141 12.9756C23.4141 12.9222 23.4141 12.8689 23.4141 12.8088C23.4074 12.6821 23.4941 12.5687 23.6207 12.5553C23.7407 12.5353 23.8607 12.6154 23.894 12.7354C23.894 12.7354 24.1606 13.8829 24.3072 14.3899C24.3872 14.5033 24.6405 14.8569 24.8271 15.3038C25.2137 14.57 26.1001 13.5026 28.0329 13.2625C28.1263 13.2491 28.2262 13.3025 28.2729 13.3892C28.3195 13.4759 28.3062 13.5827 28.2396 13.6561C28.2396 13.6561 28.1662 13.7428 28.0529 13.9096C27.9396 14.0763 27.7863 14.3232 27.633 14.6234C27.3265 15.2305 27.0199 16.0777 27.0199 17.0183C27.0199 17.432 27.0799 17.8723 27.2198 18.3192C27.2798 18.4593 27.7197 19.4867 27.7197 20.7542C27.7197 21.468 27.5797 22.2619 27.1265 23.0024C27.0799 23.0758 26.9999 23.1225 26.9266 23.1225C26.8799 23.1225 26.8399 23.1092 26.7999 23.0891" fill="#C2C2C2"/>
<path d="M25.247 23.1157C25.167 23.009 25.187 22.8556 25.2936 22.7755C25.2936 22.7755 25.2936 22.7755 25.3136 22.7555C25.327 22.7421 25.3536 22.7221 25.3803 22.6888C25.4403 22.6287 25.5202 22.5353 25.5936 22.4219C25.7535 22.1884 25.9135 21.8482 25.9135 21.4079C25.9135 21.001 25.7735 20.4873 25.3403 19.8669C25.227 19.7868 24.9737 19.5333 24.9737 19.0463C24.9737 18.9796 24.9737 18.8995 24.9937 18.8195C24.7804 19.053 24.5738 19.3398 24.4339 19.6534C24.4005 19.8735 24.3072 20.0203 24.2939 20.0336C24.2339 20.1337 24.1006 20.1737 23.994 20.127C23.8873 20.0803 23.8207 19.9603 23.854 19.8468C23.8807 19.7401 23.914 19.6334 23.954 19.54C23.954 19.5266 23.954 19.5266 23.954 19.5133C23.9406 19.4065 23.9273 19.3131 23.7474 19.1864L23.7074 19.153C23.7074 19.153 23.5674 19.0263 23.4941 18.8261C23.3941 18.9262 23.2941 19.033 23.2142 19.133L23.1742 19.1664H23.1808C23.1808 19.1664 23.1675 19.1864 23.1542 19.1997C23.1342 19.2331 23.1142 19.2931 23.1142 19.3799C23.1142 19.4666 23.1408 19.6 23.2408 19.7868C23.3008 19.9002 23.2675 20.0403 23.1542 20.107C23.0409 20.1737 22.8942 20.1404 22.8276 20.027C22.8276 20.027 22.8276 20.027 22.8276 20.0203C22.8276 20.0203 22.8276 20.0136 22.8276 20.007C22.7609 19.9002 22.461 19.3999 22.4544 18.8195C22.4544 18.7794 22.4544 18.7394 22.4544 18.6994C22.4477 18.7061 22.4344 18.7127 22.4277 18.7194C22.0744 19.033 21.7412 19.52 21.7345 20.2805C21.7345 20.8809 21.9545 21.6681 22.601 22.6821C22.6676 22.7955 22.641 22.949 22.521 23.0157C22.4144 23.089 22.2611 23.0557 22.1944 22.9356C21.5146 21.8682 21.2547 20.9943 21.2547 20.2805C21.2547 19.3665 21.6812 18.7394 22.1011 18.3592C22.521 17.9789 22.9276 17.8321 22.9476 17.8255C23.0609 17.7854 23.1742 17.8255 23.2408 17.9322C23.3008 18.0323 23.2808 18.1657 23.1808 18.2391C23.0142 18.3792 22.9476 18.5393 22.9276 18.7194C23.2342 18.3658 23.6474 18.0189 23.6541 18.0123C23.7474 17.9255 23.9007 17.9322 23.9873 18.0323C24.0739 18.1257 24.0673 18.2724 23.9806 18.3725C23.9207 18.4392 23.914 18.4726 23.914 18.5126C23.9007 18.5927 23.994 18.7328 24.034 18.7861C24.1206 18.8462 24.1939 18.9062 24.2472 18.9796C24.7338 18.2324 25.4403 17.7921 25.4469 17.7788C25.5469 17.7187 25.6669 17.7321 25.7469 17.8121C25.8268 17.8922 25.8402 18.0123 25.7802 18.1057C25.5202 18.5326 25.4536 18.8395 25.4536 19.0396C25.4536 19.3532 25.6136 19.4599 25.6336 19.4799L25.7002 19.5466C26.2067 20.2404 26.3934 20.8675 26.3867 21.4012C26.38 22.522 25.6002 23.1224 25.5802 23.1424C25.5402 23.1758 25.4869 23.1958 25.4336 23.1958C25.3603 23.1958 25.287 23.1624 25.2403 23.1024" fill="#C2C2C2"/>
<path d="M31.652 26.2046C31.6054 26.1579 31.5787 26.0978 31.5787 26.0311V25.384C31.5787 25.304 31.6254 25.2239 31.6987 25.1772C32.7518 24.5234 32.7851 23.6495 32.7851 23.4961V23.4494C32.7918 23.3827 32.7918 23.3226 32.7918 23.2626C32.7918 22.7022 32.5918 22.3753 32.3519 22.1485C32.1053 21.9283 31.7987 21.8083 31.5921 21.7616C31.4854 21.7349 31.4054 21.7215 31.3854 21.7215C30.2457 21.7215 29.8192 22.6355 29.7259 22.8623C29.7192 22.8823 29.7125 22.889 29.7125 22.8957C29.6592 23.1492 29.6325 23.3693 29.6325 23.5695C29.6325 24.6235 30.2724 24.9971 30.4124 25.0838C30.4323 25.0905 30.439 25.0972 30.439 25.0972C30.5257 25.1372 30.579 25.2239 30.579 25.3173V26.0245C30.579 26.0845 30.5523 26.1512 30.5123 26.1912C30.4657 26.2379 30.4057 26.2646 30.339 26.2646H29.2726C29.1393 26.2646 29.026 26.1579 29.026 26.0245C29.026 25.891 29.1393 25.7843 29.2726 25.7843H30.1058V25.4574C29.8058 25.2706 29.1593 24.7169 29.1593 23.5695C29.1593 23.3293 29.1793 23.0691 29.246 22.7823V22.7622C29.246 22.7622 29.3726 22.3753 29.6992 22.0017C30.0191 21.6281 30.5723 21.2412 31.3921 21.2412H31.4121C31.4121 21.2412 31.872 21.2746 32.3319 21.5481C32.7918 21.8083 33.2783 22.3553 33.2716 23.2693C33.2716 23.336 33.265 23.4027 33.265 23.4761V23.5094C33.265 23.7362 33.1916 24.7703 32.0586 25.5241V25.7976H33.025C33.1583 25.7976 33.265 25.891 33.2716 26.0311C33.2716 26.1712 33.165 26.2713 33.0317 26.2713L31.8253 26.2846C31.7653 26.2846 31.7054 26.258 31.6587 26.2179" fill="#C2C2C2"/>
<path d="M22.4877 36.1981C22.3544 36.1714 22.2677 36.0513 22.2877 35.9179C22.3544 35.5309 22.361 34.7504 22.3544 34.7504C22.3544 34.617 22.4677 34.5103 22.5943 34.5103C22.7343 34.5103 22.8409 34.617 22.8409 34.7504C22.8409 34.7504 22.8409 35.5309 22.7676 35.9979C22.7476 36.1113 22.6476 36.1981 22.5277 36.1981C22.5143 36.1981 22.5077 36.1981 22.4877 36.1981Z" fill="#C2C2C2"/>
<path d="M14.6696 11.2544C15.0495 11.0009 14.6896 10.4605 14.3097 10.714C13.9232 10.9742 14.2897 11.5145 14.6696 11.2544Z" fill="#C2C2C2"/>
<path d="M15.2828 10.8807C15.2828 11.0074 15.2562 11.1342 15.1962 11.2543C15.3828 11.0608 15.6561 10.9674 15.896 10.9674L15.7627 10.7739L15.3961 11.0274L15.2895 10.8873L15.2828 10.8807Z" fill="#C2C2C2"/>
<path d="M15.5361 10.4404L15.3828 10.2002L15.0829 10.407C15.1629 10.4604 15.2095 10.5471 15.2428 10.6405L15.5361 10.4404Z" fill="#C2C2C2"/>
<path d="M11.1372 15.6507C11.4038 15.8308 11.6371 15.9442 11.8437 15.9843C12.0636 16.031 12.2236 15.9843 12.3169 15.8442C12.4169 15.7041 12.3969 15.5373 12.2769 15.3438C12.1636 15.1771 11.9703 14.9969 11.7037 14.8101C11.4438 14.63 11.2038 14.5166 11.0039 14.4699C10.7706 14.4232 10.6107 14.4699 10.5174 14.61C10.4174 14.7501 10.4374 14.9169 10.5707 15.1103C10.684 15.2838 10.8706 15.4639 11.1372 15.644" fill="#C2C2C2"/>
<path d="M12.6702 33.1358C12.7835 32.9357 12.7901 32.7756 12.6901 32.6355C12.5835 32.5021 12.4169 32.462 12.1969 32.5288C12.0037 32.5821 11.7704 32.7089 11.5238 32.909C11.2705 33.1025 11.0905 33.296 10.9839 33.4761C10.8706 33.6829 10.8639 33.8497 10.9706 33.9831C11.0772 34.1165 11.2372 34.1499 11.4571 34.0898C11.6571 34.0298 11.8903 33.903 12.1436 33.7096C12.3902 33.5094 12.5702 33.3226 12.6768 33.1358" fill="#C2C2C2"/>
<path d="M8.32457 24.41L9.53093 24.1565H9.52427L8.3179 23.9297L8.32457 24.41Z" fill="#C2C2C2"/>
<path d="M29.3659 9.3463C29.5059 9.00607 28.9261 8.77924 28.7994 9.11948C28.6661 9.45971 29.2326 9.68653 29.3659 9.3463Z" fill="#C2C2C2"/>
<path d="M36.4508 17.4453H36.4575L37.6372 17.1117L37.4239 16.6914L36.4508 17.4453Z" fill="#C2C2C2"/>
<path d="M17.429 10.6539L17.6022 11.0608L18.7953 10.5538L18.6287 10.1536L17.429 10.6539Z" fill="#C2C2C2"/>
<path d="M35.851 15.337C35.771 15.337 35.671 15.3637 35.5444 15.4504C35.4578 15.5171 35.3911 15.5705 35.3511 15.6439C35.3045 15.7306 35.3045 15.8173 35.3578 15.8974L35.631 16.2976L36.3109 15.844L36.0576 15.4637C35.9976 15.377 35.9376 15.337 35.851 15.3303" fill="#C2C2C2"/>
<path d="M23.4741 8.25902C23.4674 7.8921 22.8542 7.89877 22.8542 8.25902C22.8542 8.62594 23.4741 8.61926 23.4741 8.25902Z" fill="#C2C2C2"/>
<path d="M15.5561 11.481C15.0829 11.8013 15.5294 12.4617 16.0026 12.1482C16.4825 11.8279 16.036 11.1608 15.5561 11.481Z" fill="#C2C2C2"/>
<path d="M19.735 38.9998L20.1883 39.1132L20.2482 37.8857L19.735 38.9998Z" fill="#C2C2C2"/>
<path d="M14.9629 34.9639C14.8229 34.8638 14.6563 34.8638 14.4564 34.9706C14.2764 35.0706 14.0831 35.2507 13.8832 35.4976C13.6832 35.7511 13.5566 35.9779 13.4966 36.1714C13.4366 36.3982 13.4699 36.5583 13.6032 36.665C13.7299 36.7718 13.8965 36.7651 14.1031 36.6517C14.2831 36.5516 14.4764 36.3715 14.6763 36.1247C14.8763 35.8712 15.0096 35.6444 15.0695 35.4442C15.1362 35.2241 15.1029 35.064 14.9696 34.9505" fill="#C2C2C2"/>
<path d="M36.3842 30.554L37.3506 31.3146L37.5639 30.8876L36.3842 30.5474V30.554Z" fill="#C2C2C2"/>
<path d="M31.2855 36.0979C31.2055 36.0445 31.1188 36.0445 31.0322 36.0979L30.619 36.3514L31.0455 37.0452L31.4388 36.805C31.5187 36.7517 31.5654 36.685 31.5787 36.6049C31.592 36.5182 31.5521 36.4181 31.4787 36.2914C31.4188 36.2046 31.3588 36.1379 31.2921 36.0912" fill="#C2C2C2"/>
<path d="M39.1302 27.2386C38.9702 27.1386 38.7502 27.0585 38.477 26.9918C38.0904 26.9051 37.8105 26.8917 37.6372 26.9585C37.5239 27.0051 37.4506 27.0785 37.4306 27.1986L37.3506 27.5589L39.2968 27.9925L39.3834 27.6256C39.4167 27.4855 39.3368 27.3521 39.1368 27.232" fill="#C2C2C2"/>
<path d="M23.8073 6.07739C14.3031 6.07739 6.59834 14.0095 6.59834 23.7961C6.59834 33.5828 14.3031 41.5148 23.8073 41.5148C33.3116 41.5148 41.0097 33.5828 41.0097 23.7961C41.0097 14.0095 33.305 6.07739 23.8073 6.07739ZM40.3432 23.8495L37.2973 23.9896L37.2373 22.6286L37.7772 22.602L37.8238 23.5893L38.4637 23.5626L38.4237 22.6553L38.9569 22.6353L38.9969 23.5359L39.79 23.5026L39.75 22.4752L40.2832 22.4485L40.3498 23.8628L40.3432 23.8495ZM40.0099 20.6139L37.6772 21.0075L40.0699 20.9609L40.1299 21.3344L37.8571 22.0683L40.1899 21.6747L40.2432 22.0349L37.244 22.5419L37.1507 21.9815L39.3634 21.2677L37.0373 21.3211L36.944 20.7674L39.95 20.2604L40.0099 20.6139ZM39.8366 19.8668L36.8907 20.654L36.7907 20.2804L39.7433 19.4932L39.8366 19.8668ZM39.2368 17.9188L37.4506 19.3731L39.4967 18.6393L39.6167 18.9795L36.7508 20.0135L36.6108 19.6333L38.357 18.219L36.3642 18.9328L36.2376 18.5926L39.1035 17.5585L39.2368 17.9255V17.9188ZM23.7007 10.8406C30.9056 10.8406 36.7508 16.6846 36.7508 23.9029C36.7508 31.1211 30.9056 36.9584 23.7007 36.9584C16.4959 36.9584 10.6507 31.1144 10.6507 23.9029C10.6507 16.6913 16.4959 10.8406 23.7007 10.8406ZM16.8291 10.4737L18.9219 9.59312L19.4018 10.7272L17.6422 11.4677C17.4556 11.5411 17.2423 11.4677 17.1823 11.3009L16.8291 10.4737ZM22.4077 9.05275L24.6805 9.03274V10.1201H24.2072V9.43968L22.4144 9.45302V9.04608L22.4077 9.05275ZM38.3504 15.9708L37.8438 16.3577L38.1571 16.9715L38.7702 16.8047L38.9569 17.1716L35.9376 17.9521L35.731 17.5519L38.1571 15.5905L38.3504 15.9708ZM36.9174 14.1095C36.9774 14.0628 37.004 14.0095 37.004 13.9628L37.0773 13.9161L37.3173 14.2763C37.2573 14.3363 37.1906 14.3897 37.124 14.4431C37.044 14.5031 36.944 14.5765 36.8174 14.6566C36.6308 14.7833 36.5175 14.8767 36.4775 14.9434C36.4242 15.0235 36.4308 15.1169 36.5042 15.2303L36.7308 15.5638L37.7238 14.9034L37.9305 15.2169L35.3978 16.9181L34.8712 16.1376C34.7513 15.9641 34.7579 15.764 34.8846 15.5572C34.9712 15.4104 35.0978 15.2837 35.2645 15.1769C35.4111 15.0768 35.5444 15.0168 35.6844 14.9901C35.8243 14.9634 35.9443 14.9701 36.0309 15.0168C36.0309 14.9034 36.0643 14.8167 36.1176 14.75C36.1842 14.6566 36.3309 14.5365 36.5441 14.3897C36.7441 14.2563 36.8641 14.1762 36.9107 14.1295M36.2042 12.8553L36.4575 13.1489L35.5777 13.9027L34.5646 15.6372L34.258 15.2903L35.0045 14.1295L33.7648 14.7166L33.4782 14.383L35.3244 13.6025L36.1976 12.862L36.2042 12.8553ZM34.5313 12.5485C34.5313 13.0688 33.7448 13.0688 33.7448 12.5485C33.7448 12.0281 34.5313 12.0281 34.5313 12.5485ZM31.3654 11.5945L31.912 10.7472L32.3185 11.0074L31.772 11.8547L31.9453 11.9681C32.2119 11.7746 32.3385 11.5611 32.3919 11.4811C32.4518 11.3943 32.9051 10.6805 32.9051 10.6805L31.3521 9.67984L31.5654 9.33961L33.5316 10.6071L32.8051 11.7412C32.8051 11.7412 32.6051 12.0548 32.3585 12.2282L32.5585 12.3617L32.3452 12.6952L30.1657 11.2876L30.379 10.954L30.7323 11.1809L31.2788 10.3336L31.6854 10.5938L31.1388 11.4477L31.3588 11.5878L31.3654 11.5945ZM30.8123 8.95268L30.6056 9.47304L30.9322 9.60646L30.7856 9.98005L30.4657 9.84662L30.2324 10.427L29.7792 10.2536L30.3657 8.77923L30.8189 8.95935L30.8123 8.95268ZM28.3395 8.93267C28.3995 8.77256 28.5328 8.65915 28.6928 8.59244L28.4795 8.50571L28.6261 8.13879L29.166 8.35227L29.2326 8.17882L29.6859 8.35894L29.6259 8.52572L30.1591 8.7392L30.0124 9.10612L29.7925 9.01939C29.8592 9.1795 29.8725 9.35295 29.8125 9.50639C29.4859 10.327 28.013 9.73988 28.3395 8.91933M28.0863 9.67984L30.1991 10.5204L29.7992 11.5278L29.3526 11.3476L29.5992 10.7206L27.9396 10.0601L28.0863 9.68651V9.67984ZM25.5402 7.42498L26.7133 7.64513L26.64 8.03206L25.9401 7.9053L25.6935 9.27957L26.52 9.43301L26.8532 7.6518L27.3198 7.73852L27.1398 8.70585L27.2665 8.73253L27.4464 7.76521L27.913 7.85193L27.4064 10.5805L26.9466 10.4937L27.1932 9.12613L27.0665 9.09945L26.8133 10.467L26.3467 10.3803L26.4533 9.82661C26.1601 9.77324 25.6336 9.67317 25.5602 9.65983C25.3336 9.6198 25.1737 9.413 25.2137 9.19952C25.2337 9.07943 25.5469 7.42498 25.5469 7.42498M24.6671 7.35159V7.91865H25.0204V8.31892H24.6738V8.94601H24.2006L24.1806 7.35826H24.6671V7.35159ZM22.9142 7.42498V7.23818H23.4008V7.4183H23.9806V7.81191H23.7407C23.8607 7.93199 23.9406 8.08543 23.9406 8.25888C23.9473 9.13948 22.361 9.15282 22.3544 8.27889C22.3544 8.09877 22.4277 7.94533 22.5543 7.82525H22.3277V7.43165H22.9076L22.9142 7.42498ZM22.0944 10.1468C22.0944 10.1468 20.3282 10.5071 20.2149 10.5271C19.9816 10.5738 19.7684 10.4404 19.7284 10.2135C19.7084 10.1068 19.6084 9.63314 19.6084 9.63314L20.0816 9.53975L20.2016 10.1201L22.0278 9.74656L22.1011 10.1468H22.0944ZM19.695 7.82525L20.1749 7.72518C20.3149 8.41231 20.4549 8.86596 21.3013 8.65248C21.3013 8.64581 21.0747 7.53172 21.0747 7.53172L21.5479 7.43165L21.9545 9.41967L21.4813 9.51306L21.388 9.05942C20.7148 9.23287 20.2949 9.02607 20.1616 8.87263C20.1016 9.07276 19.8017 9.35963 19.4151 9.45969L19.3351 9.04608C19.935 8.85261 19.8017 8.2989 19.7017 7.83192M16.6292 8.91265L16.9624 9.72654L18.2221 9.19285L17.8755 8.37229L18.3221 8.18549L18.502 8.61245L18.8219 8.47236L18.9819 8.83927L18.6553 8.9727L18.8819 9.51306L18.442 9.69986L18.3754 9.55309C17.9821 9.71987 17.1357 10.0801 17.0624 10.1068C16.8424 10.2002 16.6025 10.1068 16.5225 9.91334C16.4825 9.79992 16.1826 9.09278 16.1826 9.09278L16.6292 8.90598V8.91265ZM14.0831 10.3736C14.3364 10.2002 14.6497 10.1735 14.8896 10.2869L14.783 10.1335L15.1562 9.87998L15.0695 9.74656L15.4694 9.47971L16.3825 10.8273L16.1226 11.0074C16.8358 11.2142 16.8158 12.0948 16.2293 12.4884C15.4828 12.9954 14.5763 12.3283 14.9962 11.5144C14.1964 12.2883 13.0501 11.0741 14.0831 10.3803M13.9032 12.5485C13.9032 13.0688 13.1167 13.0688 13.1167 12.5485C13.1167 12.0281 13.9032 12.0281 13.9032 12.5485ZM11.5571 12.5952L12.4302 13.3557L14.2897 14.1095L13.9832 14.4564L12.7301 13.8827L13.4899 15.0301L13.1967 15.3637L12.1636 13.6492L11.3038 12.8954L11.5571 12.6018V12.5952ZM10.0708 14.3097C10.2441 14.0695 10.504 13.9694 10.8639 14.0295C11.1839 14.0695 11.5438 14.2296 11.9303 14.4898C12.3169 14.75 12.5902 15.0301 12.7501 15.3103C12.9301 15.6239 12.9367 15.9041 12.7701 16.1509C12.6035 16.3911 12.3436 16.4845 11.9837 16.4378C11.6571 16.3911 11.3105 16.2376 10.9239 15.9708C10.5374 15.7039 10.2641 15.4304 10.0975 15.1502C9.91751 14.83 9.91751 14.5565 10.0708 14.3163M8.99774 16.1109C9.11104 15.8974 9.26434 15.7773 9.49095 15.744C9.71089 15.7106 9.99749 15.784 10.3307 15.9574L12.1503 16.8914L11.9703 17.245L10.1574 16.3177C9.97749 16.2243 9.83753 16.1776 9.73089 16.1843C9.61758 16.1843 9.5376 16.251 9.48428 16.3577C9.4243 16.4645 9.43096 16.5645 9.49095 16.6713C9.55093 16.7713 9.66424 16.8581 9.83086 16.9448L11.6437 17.8721L11.4638 18.2257L9.64424 17.2917C9.31099 17.1249 9.09105 16.9314 8.99107 16.7313C8.8911 16.5378 8.89776 16.3244 9.0044 16.1176M8.12463 18.3858L10.4174 18.4258L8.38456 17.6653L8.5112 17.325L11.3771 18.3858L11.2372 18.766L8.99107 18.726L10.9839 19.4665L10.8573 19.8067L7.99799 18.7527L8.13796 18.3858H8.12463ZM7.47812 20.634L7.85803 20.6807C7.74472 20.5939 7.65808 20.5072 7.60476 20.4205C7.53144 20.2937 7.50478 20.1603 7.54477 20.0069C7.59809 19.7734 7.77138 19.6133 8.06464 19.5199C8.39123 19.4198 8.80445 19.4265 9.30433 19.5466C9.76421 19.6533 10.1175 19.8067 10.3707 20.0202C10.6573 20.2537 10.764 20.5206 10.6973 20.8074C10.644 21.0542 10.4774 21.2277 10.2174 21.3211C9.99749 21.3945 9.76421 21.4078 9.51094 21.3678L9.60425 20.9875C9.68423 21.0075 9.79087 20.9942 9.91084 20.9609C10.0641 20.9142 10.1574 20.8274 10.1774 20.714C10.2108 20.5672 10.1574 20.4272 10.0175 20.2937C9.85086 20.147 9.57759 20.0269 9.21102 19.9402C8.82445 19.8534 8.53786 19.8401 8.33791 19.9135C8.17795 19.9668 8.07797 20.0669 8.04465 20.227C8.02465 20.3071 8.04465 20.3871 8.09797 20.4672C8.18461 20.6006 8.3579 20.7207 8.61784 20.8208L8.71781 20.4005L9.21768 20.5206L9.03773 21.2744L7.41147 20.8941L7.47146 20.6473L7.47812 20.634ZM7.23818 22.5086L9.48428 21.9815L7.31816 21.7481L7.35815 21.3878L10.3974 21.708L10.3574 22.115L8.16462 22.6286L10.2774 22.8555L10.2441 23.2157L7.21152 22.8955L7.25151 22.5086H7.23818ZM7.17153 24.65L7.80471 24.5233V23.8361L7.16487 23.7161V23.3024L10.2241 23.9229V24.3698L7.18486 25.0636V24.6434L7.17153 24.65ZM7.40481 26.9182L9.75088 26.5913L7.35149 26.5713L7.30483 26.1977L9.59759 25.524L7.25818 25.8508L7.20486 25.4906L10.2308 25.057L10.3107 25.624L8.07131 26.2778L10.4041 26.2845L10.4774 26.8449L7.45813 27.2718L7.40481 26.9116V26.9182ZM7.85136 28.8329L10.2441 28.0724L10.0708 27.5387L10.5907 27.3719L11.0506 28.8129L10.5307 28.9796L10.3641 28.4393L7.97133 29.1998L7.85803 28.8262L7.85136 28.8329ZM8.75113 31.1878L9.99749 30.6274L9.70423 29.967L8.45788 30.5274L8.29792 30.1738L11.0772 28.9196L11.2372 29.2732L10.1841 29.7468L10.4774 30.4073L11.5304 29.9336L11.6904 30.2872L8.91109 31.5414L8.75113 31.1878ZM9.89085 33.2492L9.16436 32.0417L11.777 30.4673L12.4835 31.6414L12.017 31.9216L11.5038 31.0744L10.9572 31.4013L11.4238 32.1751L10.9639 32.4487L10.4907 31.6748L9.81087 32.0817L10.3374 32.969L9.87752 33.2492H9.89085ZM10.544 34.3099C10.3574 34.0764 10.3507 33.8029 10.5107 33.476C10.6507 33.1825 10.9039 32.8956 11.2772 32.6021C11.6437 32.3152 11.9903 32.1351 12.3036 32.0751C12.6635 32.0017 12.9301 32.0751 13.11 32.3086C13.29 32.5421 13.3033 32.8156 13.1434 33.1425C13.0034 33.436 12.7501 33.7295 12.3769 34.0164C12.0103 34.3033 11.6704 34.4834 11.3505 34.5501C10.9972 34.6235 10.7306 34.5501 10.5507 34.3166M12.3969 36.2112L11.4771 35.2773L13.6432 33.1291L13.9165 33.4026L12.1369 35.1638L12.7901 35.8176L12.3969 36.2046V36.2112ZM14.0965 37.1318C13.7699 37.2853 13.4899 37.2719 13.2633 37.0918C13.0301 36.905 12.9567 36.6382 13.0367 36.2846C13.1034 35.9644 13.29 35.6242 13.5833 35.2572C13.8765 34.897 14.1698 34.6435 14.463 34.5034C14.7963 34.35 15.0695 34.3633 15.3028 34.5501C15.5294 34.7302 15.6027 34.9971 15.5294 35.3506C15.4561 35.6709 15.2762 36.0111 14.9762 36.378C14.6896 36.7382 14.3897 36.9984 14.1031 37.1318M15.5894 38.5862L15.7494 38.2393C15.6361 38.3193 15.5294 38.3794 15.4295 38.3994C15.2828 38.4327 15.1495 38.406 15.0162 38.3327C14.8096 38.2126 14.7096 37.9924 14.7096 37.6789C14.7096 37.3453 14.8496 36.9517 15.1229 36.5114C15.3628 36.1112 15.6227 35.8176 15.896 35.6375C16.2093 35.4374 16.4892 35.4173 16.7425 35.5708C16.9624 35.7042 17.0824 35.911 17.0824 36.1979C17.089 36.4247 17.0291 36.6515 16.9157 36.8717L16.5825 36.6715C16.6292 36.5915 16.6491 36.4914 16.6491 36.358C16.6491 36.2046 16.5958 36.0911 16.4959 36.0311C16.3626 35.951 16.2159 35.9644 16.0426 36.0578C15.8493 36.1712 15.6561 36.3847 15.4561 36.7182C15.2495 37.0518 15.1495 37.3253 15.1562 37.5388C15.1562 37.7122 15.2295 37.8323 15.3628 37.9191C15.4361 37.9591 15.5161 37.9658 15.6094 37.9457C15.776 37.9057 15.936 37.779 16.1093 37.5588L15.736 37.332L16.0026 36.8917L16.6691 37.292L15.8094 38.7196L15.5894 38.5862ZM16.1959 38.873L17.5289 36.1312L17.8755 36.2979L16.5425 39.0398L16.1959 38.873ZM18.3421 39.5668C18.1354 39.7136 17.9288 39.747 17.7155 39.6669C17.4756 39.5735 17.3356 39.3734 17.289 39.0665C17.249 38.7396 17.3156 38.326 17.5089 37.8323C17.6956 37.3387 17.9155 36.9918 18.1688 36.7783C18.4087 36.5848 18.642 36.5314 18.8753 36.6182C19.1152 36.7049 19.2552 36.8917 19.3085 37.1785C19.3485 37.412 19.3285 37.6522 19.2485 37.9124L18.8819 37.7723C18.9086 37.6255 18.9219 37.5121 18.9086 37.4321C18.8886 37.2853 18.8153 37.1852 18.682 37.1385C18.5687 37.0985 18.4487 37.1252 18.3287 37.2252C18.1621 37.3653 18.0021 37.6188 17.8688 37.9858C17.7555 38.2793 17.6955 38.5328 17.6955 38.7263C17.6955 38.9464 17.7689 39.0932 17.9155 39.1532C18.0155 39.1866 18.1154 39.1732 18.2154 39.1065C18.3154 39.0398 18.4087 38.9331 18.502 38.7663L18.8619 38.9064C18.702 39.2133 18.522 39.4334 18.3287 39.5735M20.5482 40.3874L20.1416 40.2873L20.1749 39.6402L19.5084 39.4801L19.2285 40.0605L18.8286 39.9604L20.1883 37.1519L20.6281 37.2586L20.5482 40.3807V40.3874ZM22.2611 40.6209L20.9614 40.4541L21.3413 37.4254L21.7279 37.4721L21.4146 39.9538L22.3344 40.0672L22.2611 40.6142V40.6209ZM24.6338 40.4875C24.5072 40.6743 24.3272 40.7677 24.0873 40.7743C23.854 40.7743 23.6674 40.6943 23.5407 40.5208C23.4008 40.3407 23.3275 40.0605 23.3208 39.6869L23.2608 37.6389L23.6607 37.6255L23.714 39.6669C23.7207 39.867 23.7474 40.0071 23.8073 40.1005C23.8607 40.1939 23.954 40.2406 24.0739 40.2406C24.2006 40.2406 24.2872 40.1806 24.3405 40.0805C24.4005 39.9805 24.4205 39.8404 24.4139 39.6536L24.3605 37.6188L24.7604 37.6055L24.8138 39.6536C24.8271 40.0272 24.7604 40.3073 24.6338 40.5008M26.5067 40.4474L25.4269 38.4127L25.7535 40.5608L25.3936 40.6142L24.9337 37.5988L25.3403 37.5321L26.3934 39.5268L26.0734 37.4254L26.4334 37.372L26.8932 40.3941L26.5067 40.4541V40.4474ZM27.3331 40.2807L26.6133 37.312L26.9932 37.2252L27.713 40.1939L27.3398 40.2807H27.3331ZM29.9525 39.4734L28.6861 36.7049L29.066 39.8604L28.7128 39.9805L27.1398 37.2119L27.5397 37.0785L28.6661 39.2199L28.2995 36.8316L28.6795 36.7049L29.9258 36.1312L30.1458 36.6248L29.2526 37.0385L29.5192 37.6188L30.339 37.2386L30.559 37.7256L29.7392 38.1058L30.0658 38.8263L31.0055 38.3994L31.2321 38.893L29.9458 39.4801L29.9525 39.4734ZM32.5718 38.1125C32.5185 38.0591 32.4652 37.9858 32.4118 37.9191C32.3585 37.839 32.2919 37.7323 32.2119 37.6122C32.0919 37.4187 31.9986 37.292 31.9386 37.2519C31.8587 37.1986 31.7653 37.2052 31.652 37.2786L31.3055 37.4854L31.9253 38.5061L31.6054 38.6996L30.0124 36.0911L30.8189 35.6041C31.0055 35.4907 31.1988 35.5041 31.3988 35.6375C31.5387 35.7309 31.6654 35.8643 31.7653 36.0378C31.8587 36.1845 31.912 36.3246 31.932 36.4581C31.9586 36.5982 31.9453 36.7182 31.892 36.805C31.9986 36.8116 32.0853 36.845 32.1519 36.8984C32.2519 36.9784 32.3585 37.1252 32.4985 37.3453C32.6251 37.5521 32.7051 37.6789 32.7451 37.7256C32.7918 37.7856 32.8384 37.819 32.8851 37.819L32.9317 37.8924L32.5651 38.1125H32.5718ZM33.9515 37.2586C33.7115 37.4387 33.4649 37.4788 33.2116 37.372C33.025 37.292 32.8584 37.1452 32.6851 36.9317L32.9784 36.6982C33.065 36.8116 33.1517 36.8783 33.2383 36.925C33.3649 36.9784 33.4849 36.9584 33.6049 36.865C33.6849 36.7983 33.7515 36.7249 33.7648 36.6449C33.7915 36.5448 33.7648 36.4314 33.6715 36.318C33.6315 36.2713 33.5916 36.2312 33.5649 36.2112C33.5249 36.1845 33.4849 36.1712 33.4383 36.1712C33.3983 36.1712 33.3383 36.1712 33.265 36.1912C33.2183 36.1979 33.125 36.2179 32.9984 36.2579C32.7784 36.3113 32.5918 36.318 32.4452 36.2846C32.2519 36.2379 32.0653 36.1112 31.9053 35.9043C31.7587 35.7109 31.6654 35.5308 31.6387 35.3506C31.6054 35.1038 31.6854 34.897 31.8986 34.7369C32.0986 34.5768 32.3185 34.5501 32.5718 34.6568C32.7651 34.7369 32.9384 34.8837 33.0983 35.0838L32.8051 35.3106C32.7318 35.2105 32.6451 35.1438 32.5651 35.1105C32.4385 35.0504 32.3185 35.0704 32.2052 35.1638C32.1386 35.2172 32.0919 35.2839 32.0786 35.3573C32.0586 35.4507 32.0786 35.5374 32.1519 35.6175C32.2186 35.7042 32.2985 35.7576 32.3985 35.7776C32.4852 35.7909 32.6318 35.7776 32.8117 35.7242C33.085 35.6508 33.2983 35.6375 33.4516 35.6775C33.6049 35.7242 33.7648 35.851 33.9315 36.0578C34.1647 36.358 34.2514 36.6382 34.1914 36.8917C34.1581 37.0451 34.0781 37.1785 33.9515 37.2786M34.7713 36.4514L32.6918 34.2165L32.9784 33.9564L35.0578 36.1912L34.7779 36.4514H34.7713ZM36.9507 34.0698L36.0176 33.3893L34.1714 32.8223L34.5113 33.1291L34.1248 33.5427L35.9776 35.2372L35.711 35.5241L33.8648 33.8296L33.4849 34.2432L33.085 33.8763L34.1048 32.7622L34.1181 32.7756L34.3647 32.4353L35.671 32.8956L34.8112 31.8216L35.0712 31.4613L36.2509 33.0824L37.1773 33.7562L36.9507 34.0698ZM38.6969 31.2011L38.0771 31.021L37.7705 31.6348L38.277 32.035L38.0971 32.402L35.671 30.434L35.871 30.0337L38.8902 30.8276L38.6969 31.2011ZM39.4367 29.3866L37.1307 29.3666L39.1768 30.1071L39.0568 30.4473L36.1842 29.4133L36.3175 29.0263L38.5636 29.0464L36.5708 28.3259L36.6908 27.9856L39.5634 29.0197L39.4301 29.3866H39.4367ZM39.73 28.486L36.7508 27.8188L36.9307 27.0183C36.9907 26.7515 37.1973 26.5847 37.5572 26.538C37.8305 26.4979 38.1504 26.518 38.5103 26.6047C38.9102 26.6981 39.2435 26.8248 39.4901 26.9849C39.8233 27.1984 39.9566 27.4386 39.8966 27.7054L39.7233 28.4926L39.73 28.486ZM39.9766 25.7174C39.7967 25.7975 39.57 25.8308 39.2968 25.8108L39.3234 25.4372C39.4634 25.4439 39.5767 25.4372 39.67 25.3905C39.79 25.3305 39.8566 25.2304 39.8633 25.077C39.8633 24.9702 39.85 24.8768 39.8033 24.8101C39.7433 24.7234 39.6434 24.6767 39.4967 24.6634C39.4301 24.6634 39.3768 24.6634 39.3434 24.6767C39.3034 24.6834 39.2635 24.7034 39.2368 24.7368C39.2101 24.7634 39.1701 24.8168 39.1302 24.8835C39.1102 24.9235 39.0635 25.0036 39.0035 25.1237C38.8902 25.3238 38.7769 25.4706 38.6503 25.5573C38.4837 25.6707 38.2637 25.7174 38.0104 25.7041C37.7705 25.6907 37.5772 25.6307 37.4239 25.5373C37.2173 25.4039 37.1173 25.2037 37.1373 24.9369C37.1507 24.6834 37.284 24.4966 37.5239 24.3832C37.7105 24.2965 37.9371 24.2564 38.1904 24.2764L38.1637 24.6434C38.0371 24.6434 37.9371 24.6567 37.8571 24.6901C37.7305 24.7434 37.6639 24.8502 37.6639 24.9969C37.6639 25.0837 37.6705 25.1637 37.7238 25.2238C37.7705 25.2971 37.8571 25.3372 37.9638 25.3438C38.0838 25.3572 38.1771 25.3238 38.2504 25.2638C38.3237 25.2037 38.4037 25.0903 38.4903 24.9169C38.617 24.6634 38.7436 24.4899 38.8769 24.4099C39.0235 24.3231 39.2235 24.2831 39.4901 24.3031C39.8633 24.3231 40.1299 24.4432 40.2765 24.6567C40.3698 24.7901 40.4165 24.9369 40.4032 25.097C40.3765 25.3972 40.2432 25.6107 39.9899 25.7241" fill="#C2C2C2"/>
<path d="M119.19 6.99146H115.704V20.0003H119.19V6.99146Z" fill="#C2C2C2"/>
<path d="M144.284 11.1476H142.051V6.99146H138.558V18.1924H142.051V13.4358H144.284V11.1476Z" fill="#C2C2C2"/>
<path d="M70.5956 8.91947H67.6963L68.2228 11.0876H70.5956V13.676H67.6963L68.2228 15.8442H70.5956V18.4326H74.0814V7.11157H70.5956V8.91947Z" fill="#C2C2C2"/>
<path d="M96.4824 6.99146H92.9899V17.1117H96.4824V12.8354H98.3819V10.5472H96.4824V6.99146Z" fill="#C2C2C2"/>
<path d="M161.879 7.11157V13.8562H160.413V7.11157H157.067V26.1445H160.413V16.0243H161.879V26.1445H165.225V7.11157H161.879Z" fill="#C2C2C2"/>
<path d="M67.7896 12.7287C67.7896 9.62662 64.7437 7.11157 60.9847 7.11157C57.2256 7.11157 54.1864 9.62662 54.1864 12.7287C54.1864 15.8308 57.2323 18.3459 60.9847 18.3459C64.737 18.3459 67.7896 15.8308 67.7896 12.7287ZM57.5189 12.7287C57.5189 10.8208 59.0718 9.27304 60.9847 9.27304C62.8975 9.27304 64.4571 10.8208 64.4571 12.7287C64.4571 14.6367 62.8975 16.1844 60.9847 16.1844C59.0718 16.1844 57.5189 14.6367 57.5189 12.7287Z" fill="#C2C2C2"/>
<path d="M65.5902 18.7927C60.3515 18.7927 56.1059 20.5206 56.1059 22.6487C56.1059 24.7768 60.3515 26.5046 65.5902 26.5046C70.8289 26.5046 75.0745 24.7768 75.0745 22.6487C75.0745 20.5206 70.8289 18.7927 65.5902 18.7927ZM65.5902 24.2164C62.1377 24.2164 59.3384 23.5159 59.3384 22.6487C59.3384 21.7814 62.1377 21.0809 65.5902 21.0809C69.0426 21.0809 71.8486 21.7748 71.8486 22.6487C71.8486 23.5226 69.0426 24.2164 65.5902 24.2164Z" fill="#C2C2C2"/>
<path d="M76.794 7.83211H80.1398V12.4686C80.1398 12.4686 79.9399 14.3966 81.9127 14.3966C81.9127 14.3966 87.7113 14.6301 90.2106 13.8495L90.6705 15.7775C90.6705 15.7775 90.5372 16.6181 86.4516 16.6181H79.9399C79.9399 16.6181 76.9073 17.045 76.774 13.5493L76.7873 7.82544L76.794 7.83211Z" fill="#C2C2C2"/>
<path d="M78.2336 18.0122H81.4662V22.5286C81.4662 22.5286 81.3262 23.7961 82.6459 23.7961H93.0566V20.1803H82.7792L81.7261 18.0122H96.5424V26.1444H81.0663C81.0663 26.1444 78.247 26.3846 78.247 23.1357L78.2336 18.0122Z" fill="#C2C2C2"/>
<path d="M119.317 26.2044H103.834C103.834 26.2044 101.015 26.4445 101.015 23.1957L101.001 18.8594H104.227V22.5952C104.227 22.5952 104.094 23.8628 105.413 23.8628H119.263L119.31 26.211L119.317 26.2044Z" fill="#C2C2C2"/>
<path d="M105.04 7.41162H108.333V9.64648C108.333 9.64648 108.133 15.3637 114.651 15.5438L113.198 18.1923C113.198 18.1923 107.74 17.5919 106.813 13.6158C106.813 13.6158 105.693 17.0515 100.361 17.772L99.375 15.2436C99.375 15.2436 105.3 15.0635 104.974 9.57976L105.047 7.41162H105.04Z" fill="#C2C2C2"/>
<path d="M131.28 11.6012C131.634 12.0616 131.84 12.6353 131.84 13.2557C131.84 14.7834 130.574 16.0309 129.008 16.0309C127.441 16.0309 126.182 14.7901 126.182 13.2557C126.182 11.7213 127.448 10.4871 129.008 10.4871C129.008 10.4871 133.24 10.6072 133.88 10.6072H136.379V8.37905H130.461V6.9314H127.161V8.37905H121.896L122.423 10.6072H124.009C123.296 11.4211 122.882 12.4218 122.882 13.5025C122.882 16.2644 125.595 18.4993 128.934 18.4993C132.273 18.4993 135.006 16.2577 135.006 13.5025C135.006 12.8287 134.839 12.1883 134.546 11.6012H131.28Z" fill="#C2C2C2"/>
<path d="M123.609 21.261L123.076 18.9795H142.111V26.0843H138.612V21.3144L123.609 21.261Z" fill="#C2C2C2"/>
<path d="M190.645 11.1476H188.413V6.99146H184.913V18.1924H188.413V13.4358H190.645V11.1476Z" fill="#C2C2C2"/>
<path d="M177.642 11.6012C177.989 12.0616 178.202 12.6353 178.202 13.2557C178.202 14.7834 176.936 16.0309 175.376 16.0309C173.816 16.0309 172.543 14.7901 172.543 13.2557C172.543 11.7213 173.81 10.4871 175.376 10.4871C175.376 10.4871 179.608 10.6072 180.248 10.6072H182.741V8.37905H176.822V6.9314H173.53V8.37905H168.258L168.791 10.6072H170.37C169.664 11.4211 169.244 12.4218 169.244 13.5025C169.244 16.2644 171.963 18.4993 175.309 18.4993C178.655 18.4993 181.368 16.2577 181.368 13.5025C181.368 12.8287 181.201 12.1883 180.915 11.6012H177.649H177.642Z" fill="#C2C2C2"/>
<path d="M169.971 21.261L169.444 18.9795H188.473V26.0843H184.973V21.3144L169.971 21.261Z" fill="#C2C2C2"/>
<path d="M156.401 8.01888H145.79V20.901C145.79 20.901 145.577 23.7362 148.103 23.7963H153.901C153.901 23.7963 156.267 23.9764 157.32 22.5287L156.201 20.961C156.201 20.961 155.934 21.4413 154.688 21.4413H150.076C150.076 21.4413 149.022 21.5014 149.156 20.2339V9.94686H156.401V8.01221V8.01888Z" fill="#C2C2C2"/>
<path d="M192.345 7.69847L192.965 9.76654H206.468V18.3324C206.468 18.3324 206.308 20.7607 205.528 21.5479H208.274C208.274 21.5479 209.427 20.9075 209.661 18.1923V7.63843L192.338 7.69847H192.345Z" fill="#C2C2C2"/>
<path d="M201.169 14.343V23.7628H197.65V14.343H194.451V23.7628H191.645L192.025 25.9042H212L211.613 23.7628H204.362V14.343H201.169Z" fill="#C2C2C2"/>
<path d="M54.4663 31.6415L54.3663 31.4281C54.5729 31.2079 54.7396 31.0612 54.8662 31.0011C54.9928 30.9344 55.1461 30.9077 55.3194 30.9077C55.5527 30.9077 55.7793 30.9678 55.9859 31.0878C56.1992 31.2079 56.3658 31.368 56.4858 31.5682C56.5724 31.7216 56.6524 31.9551 56.7124 32.262C57.1456 31.8484 57.5189 31.5748 57.8255 31.4147C58.1254 31.2613 58.4186 31.1812 58.6919 31.1812C59.2184 31.1812 59.6783 31.4548 60.0716 32.0085C60.4515 32.5555 60.6447 33.316 60.6447 34.29C60.6447 34.8437 60.5714 35.3707 60.4248 35.8644C60.2782 36.3581 60.0582 36.765 59.765 37.0852C59.4784 37.3988 59.1385 37.6323 58.7519 37.7724C58.3653 37.9125 58.0321 37.9792 57.7588 37.9792L55.8793 37.9458C55.5993 37.9458 55.3327 38.0059 55.0795 38.1193C54.8329 38.2327 54.6529 38.3928 54.5463 38.5929C54.433 38.7864 54.3797 39.0066 54.3797 39.2334C54.3797 39.5202 54.4663 39.7737 54.6329 39.9806C54.8129 40.1874 55.0195 40.2874 55.2728 40.2874C55.4061 40.2874 55.546 40.2607 55.686 40.214C55.826 40.1673 56.0992 40.0339 56.4991 39.8204C57.0723 39.5002 57.5522 39.3468 57.9321 39.3468C58.312 39.3468 58.6319 39.4669 58.8652 39.7004C59.0385 39.8738 59.1185 40.1073 59.1185 40.3942C59.1185 40.5609 59.0851 40.701 59.0052 40.8011C58.9252 40.9012 58.8252 40.9545 58.7186 40.9545C58.6186 40.9545 58.5386 40.9079 58.4653 40.8145C58.3986 40.7211 58.3587 40.601 58.3587 40.4609C58.3587 40.3475 58.392 40.214 58.4586 40.0739C58.5053 39.9872 58.5186 39.9205 58.5186 39.8805C58.5186 39.8271 58.4986 39.7871 58.472 39.7537C58.4186 39.707 58.3587 39.687 58.2787 39.687C58.1787 39.687 58.0654 39.7204 57.9521 39.7737C57.8388 39.8204 57.6255 39.9605 57.3256 40.174C56.8924 40.4876 56.5524 40.6944 56.2992 40.8011C56.0526 40.9079 55.826 40.9612 55.6193 40.9612C55.2128 40.9612 54.8795 40.7944 54.5996 40.4609C54.3197 40.1273 54.1864 39.7404 54.1864 39.2934C54.1864 38.8464 54.313 38.4929 54.5796 38.1927C54.8462 37.8858 55.2594 37.7123 55.8193 37.6723V37.4922C55.8193 37.0652 55.746 36.6983 55.5993 36.3848C55.4594 36.0712 55.2661 35.8377 55.0262 35.691C54.8795 35.5909 54.6929 35.5375 54.4596 35.5309V35.3374C54.5863 35.304 54.6996 35.2907 54.7862 35.2907C54.9795 35.2907 55.1595 35.3241 55.3128 35.3841C55.466 35.4508 55.6393 35.5642 55.8193 35.7243C55.8193 35.6176 55.8193 35.5242 55.8193 35.4375C55.8193 34.9905 55.706 34.6036 55.486 34.31C55.2594 34.0098 54.9928 33.8631 54.6929 33.8631C54.6196 33.8631 54.5263 33.8697 54.413 33.8964V33.6763C54.6063 33.5428 54.7995 33.4828 54.9795 33.4828C55.1128 33.4828 55.2461 33.5095 55.3661 33.5562C55.4727 33.6029 55.626 33.7029 55.8193 33.8497V33.356C55.8193 32.6489 55.726 32.1552 55.5594 31.8684C55.3861 31.5815 55.1861 31.4414 54.9395 31.4414C54.7929 31.4414 54.6396 31.5081 54.4796 31.6482M57.2056 32.1819C57.039 32.3087 56.8724 32.4354 56.7057 32.5889V37.659H57.2056V32.1819ZM57.4056 33.5495C57.5922 33.7563 57.7521 33.9031 57.9054 33.9765C58.0587 34.0499 58.2254 34.0965 58.4186 34.0965C58.6253 34.0965 58.8119 34.0499 58.9852 33.9565C59.1518 33.8631 59.3517 33.6963 59.5717 33.4494C59.485 33.1025 59.3917 32.8357 59.2851 32.6489C59.1318 32.3687 58.9518 32.1552 58.7452 32.0151C58.5453 31.875 58.3387 31.8083 58.112 31.8083C57.9054 31.8083 57.6655 31.8884 57.3989 32.0552V33.5562L57.4056 33.5495ZM57.4056 35.5842C57.6255 35.3974 57.8255 35.2707 57.9921 35.1973C58.152 35.1306 58.3253 35.0972 58.5186 35.0972C58.7119 35.0972 58.8785 35.1306 59.0451 35.1973C59.2118 35.2707 59.4051 35.3974 59.625 35.5842C59.6717 35.264 59.6916 34.9705 59.6916 34.7303C59.6916 34.4902 59.6717 34.1499 59.625 33.7496C59.3717 33.9831 59.1518 34.1432 58.9718 34.2366C58.7785 34.3234 58.5853 34.3634 58.372 34.3634C58.2187 34.3634 58.0587 34.3234 57.9188 34.2567C57.7721 34.1899 57.6055 34.0699 57.4056 33.8897V35.5776V35.5842ZM57.4056 37.659C57.8321 37.6456 58.1854 37.5789 58.4586 37.4522C58.7319 37.3254 58.9518 37.1453 59.1251 36.9118C59.2984 36.6783 59.445 36.3247 59.5783 35.8844C59.3651 35.6843 59.1784 35.5442 59.0252 35.4708C58.8652 35.4041 58.6986 35.3641 58.5119 35.3641C58.3253 35.3641 58.1454 35.4041 57.9854 35.4775C57.8188 35.5509 57.6255 35.6843 57.4056 35.8844V37.6656V37.659Z" fill="#C2C2C2"/>
<path d="M64.1039 34.2568V38.4463C63.664 38.6731 63.3374 38.8599 63.1441 39.0067C62.9908 39.1134 62.8442 39.2468 62.6976 39.4069C62.271 39.0734 61.9111 38.8465 61.6312 38.7131C61.4245 38.6197 61.1779 38.5664 60.9113 38.5664L60.858 38.4529C60.9713 38.3329 61.0446 38.2261 61.0713 38.1327C61.1113 38.006 61.138 37.7925 61.138 37.4856V34.4035C61.6778 34.1767 62.151 33.8565 62.5376 33.4429C62.9575 33.7898 63.4707 34.0633 64.0972 34.2634M62.0444 37.9059L63.1908 38.5063V34.9439C62.8375 34.7304 62.5776 34.5903 62.431 34.5169C62.3243 34.4636 62.1977 34.4302 62.0444 34.3902V37.9059Z" fill="#C2C2C2"/>
<path d="M67.6297 33.436L68.4361 34.2699L68.0695 34.6836V37.6189C68.0695 37.9591 68.1095 38.1993 68.1895 38.3527C68.2362 38.4528 68.2828 38.5062 68.3428 38.5062C68.3828 38.5062 68.4628 38.4461 68.5828 38.326L68.6894 38.4928L67.743 39.4068C67.5097 39.2 67.3497 39.0132 67.2831 38.8397C67.2098 38.6729 67.1764 38.4128 67.1698 38.0525C66.7166 38.4328 66.25 38.8864 65.7701 39.4068C65.4835 39.1266 65.2902 38.8731 65.2036 38.6596C65.117 38.4461 65.0703 38.1592 65.0703 37.8123V35.0438C65.0703 34.8503 65.0503 34.7302 65.0236 34.6635C64.9703 34.5568 64.9103 34.5101 64.8304 34.5101C64.7704 34.5101 64.6771 34.5768 64.5571 34.6902L64.4505 34.5234L65.4902 33.436L66.31 34.2699L65.9701 34.6502V37.6189C65.9701 37.8324 65.9967 37.9991 66.0367 38.0992C66.0767 38.2059 66.19 38.326 66.3633 38.4861L67.1631 37.7323V34.6902L66.8499 34.2766L67.623 33.4427L67.6297 33.436Z" fill="#C2C2C2"/>
<path d="M71.542 33.436L72.1552 34.2766L72.5884 33.7496L72.715 33.8963C72.5018 34.1365 72.3751 34.3166 72.3351 34.4434C72.2752 34.6102 72.2418 34.837 72.2418 35.1239V37.799C72.2418 38.0458 72.2752 38.226 72.3285 38.3527C72.3685 38.4328 72.4151 38.4728 72.4618 38.4728C72.5084 38.4728 72.6017 38.3994 72.7484 38.2526L72.8617 38.4261L71.9086 39.4134C71.6686 39.1799 71.5153 38.9731 71.442 38.793C71.3687 38.6129 71.3421 38.3194 71.3421 37.9191V34.8503L70.9488 34.33L70.1824 35.0972V38.2126L70.5156 38.6196L69.7358 39.4134L68.9427 38.6196L69.2759 38.2126V35.3573C69.2759 34.9504 69.2426 34.6769 69.1759 34.5368C69.1293 34.4367 69.0826 34.39 69.0293 34.39C68.9693 34.39 68.8827 34.4634 68.7694 34.6102L68.6561 34.4434L69.5958 33.4561C69.8558 33.7029 70.0157 33.8897 70.0824 34.0298C70.149 34.1765 70.1824 34.37 70.1824 34.6235V34.817L71.542 33.4494V33.436Z" fill="#C2C2C2"/>
<path d="M74.9478 33.436L76.3275 34.2566L77.1606 33.7229V34.9838L76.3541 34.7836V37.332C76.3541 37.7456 76.3675 38.0192 76.4141 38.1659C76.4674 38.3594 76.5674 38.5795 76.7207 38.833C76.974 39.2467 77.1073 39.5469 77.1073 39.7203C77.1073 39.8938 77.0406 40.0739 76.9073 40.2407C76.774 40.4008 76.4141 40.6543 75.8343 41.0012C75.6276 40.9145 75.441 40.8477 75.2611 40.8077C75.0811 40.7677 74.9078 40.741 74.7412 40.741C74.3546 40.741 73.8948 40.8277 73.3815 40.9945L73.3216 40.801L74.3746 39.26L73.3216 38.3127V34.2566C73.9147 34.0965 74.4546 33.8296 74.9478 33.436ZM74.0814 39.9938C74.4679 39.9138 74.7812 39.8737 75.0145 39.8737C75.2344 39.8737 75.4544 39.9138 75.6743 39.9805C75.8942 40.0472 76.1142 40.1606 76.3408 40.3007L76.5274 40.1606C76.1209 39.6936 75.8476 39.3067 75.701 39.0132C75.561 38.7196 75.4677 38.3994 75.4277 38.0592L74.0747 39.9938H74.0814ZM75.441 34.7836L74.2213 34.2566V37.9258L74.8945 38.5262L75.441 37.6989V34.7903V34.7836Z" fill="#C2C2C2"/>
<path d="M79.9866 33.436L80.5997 34.2766L81.033 33.7496L81.1529 33.8963C80.9396 34.1365 80.8263 34.3166 80.7797 34.4434C80.7197 34.6102 80.6864 34.837 80.6864 35.1239V37.799C80.6864 38.0458 80.7197 38.226 80.7797 38.3527C80.8197 38.4328 80.8663 38.4728 80.913 38.4728C80.953 38.4728 81.053 38.3994 81.1996 38.2526L81.3062 38.4261L80.3598 39.4134C80.1199 39.1799 79.9666 38.9731 79.8999 38.793C79.8266 38.6129 79.7933 38.3194 79.7933 37.9191V34.8503L79.3934 34.33L78.6336 35.0972V38.2126L78.9735 38.6196L78.187 39.4134L77.3872 38.6196L77.7338 38.2126V35.3573C77.7338 34.9504 77.7005 34.6769 77.6405 34.5368C77.5938 34.4367 77.5405 34.39 77.4872 34.39C77.4339 34.39 77.3406 34.4634 77.2272 34.6102L77.1206 34.4434L78.0537 33.4561C78.3136 33.7029 78.4736 33.8897 78.5402 34.0298C78.6069 34.1765 78.6402 34.37 78.6402 34.6235V34.817L80.0065 33.4494L79.9866 33.436Z" fill="#C2C2C2"/>
<path d="M84.6054 33.6696L84.7653 33.7497C84.6054 34.0632 84.4988 34.3034 84.4588 34.4702C84.4121 34.6369 84.3921 34.8638 84.3921 35.1439V37.5322C84.3921 37.9325 84.4188 38.1793 84.4588 38.2794C84.4988 38.3795 84.5521 38.4329 84.6121 38.4329C84.6387 38.4329 84.6787 38.4195 84.7187 38.3995C84.7387 38.3862 84.7987 38.3194 84.9053 38.206L85.012 38.3862L84.0655 39.4068C83.8389 39.18 83.699 38.9799 83.6256 38.8064C83.5457 38.633 83.5057 38.3795 83.499 38.0659L82.146 39.4135C81.6395 38.8865 81.3862 38.3728 81.3862 37.8658C81.3862 37.5256 81.4395 37.2054 81.5528 36.9051C81.6995 36.5049 81.9594 36.0512 82.326 35.5309L81.7794 34.0766L81.8461 33.9431C81.9661 33.9431 82.046 33.9565 82.0994 33.9565C82.4526 33.9565 82.7525 33.7897 83.0191 33.4495C83.2391 33.6029 83.4723 33.7297 83.7256 33.8297C83.9722 33.9231 84.1788 33.9698 84.3188 33.9698C84.3854 33.9698 84.4321 33.9565 84.4588 33.9298C84.4921 33.9031 84.5387 33.8231 84.6187 33.683M83.4857 34.7437L81.9727 34.1499L82.5126 35.6043L83.4857 36.1913V34.7437ZM83.4857 36.4248L82.4126 35.771C82.246 36.2314 82.166 36.625 82.166 36.9719C82.166 37.5723 82.3726 38.0726 82.8192 38.4662L83.4857 37.7857V36.4181V36.4248Z" fill="#C2C2C2"/>
<path d="M90.9638 33.7497L91.0771 33.8964C90.9105 34.0832 90.8038 34.2367 90.7505 34.3434C90.6972 34.4568 90.6639 34.5702 90.6439 34.677C90.6239 34.7904 90.6172 35.0239 90.6172 35.3641V37.699C90.6172 38.0059 90.6439 38.206 90.6905 38.3128C90.7372 38.4128 90.7772 38.4662 90.8238 38.4662C90.8771 38.4662 90.9838 38.3928 91.1237 38.2461L91.237 38.4195L90.2906 39.4068C90.064 39.1934 89.924 39.0132 89.8641 38.8732C89.7707 38.6663 89.7174 38.4395 89.7174 38.206V34.8304L89.2642 34.3434L88.5644 35.164V38.206L88.8976 38.6663L88.1178 39.4135L87.318 38.6663L87.6579 38.206V35.4241C87.6579 35.0972 87.6379 34.8904 87.598 34.797C87.5446 34.6703 87.418 34.5169 87.2181 34.3434L86.5116 35.0772V38.206L86.8515 38.6663L86.0783 39.4135L85.2785 38.6663L85.6185 38.206V35.204C85.6185 34.8904 85.5851 34.6703 85.5318 34.5369C85.4852 34.4301 85.4452 34.3834 85.3985 34.3834C85.3452 34.3834 85.2585 34.4568 85.1119 34.6036L85.0053 34.4368L85.9184 33.4495C86.1183 33.6296 86.2583 33.7764 86.3316 33.8898C86.4049 34.0032 86.4582 34.1233 86.4849 34.2567C86.5049 34.3567 86.5116 34.5435 86.5116 34.8304L87.8379 33.4495C88.1245 33.7363 88.3178 33.9832 88.4044 34.17C88.4911 34.3567 88.5444 34.6036 88.5644 34.8971L89.7974 33.4495L90.5372 34.29L90.9771 33.763L90.9638 33.7497Z" fill="#C2C2C2"/>
<path d="M95.4693 31.7483L95.5826 31.9084C95.1361 32.282 94.8028 32.6889 94.5962 33.1159C94.3096 33.6629 94.1696 34.2633 94.1696 34.9104C94.1696 35.6976 94.3763 36.4248 94.7895 37.0919C94.9694 36.9118 95.0761 36.7583 95.1094 36.6316C95.1427 36.5115 95.1627 36.1646 95.1627 35.6109V33.1092L97.0623 31.1145C97.5088 31.3347 97.8554 31.4814 98.1153 31.5481C98.3686 31.6148 98.6685 31.6482 99.0084 31.6482H99.1151L99.1817 31.8417L98.4552 32.7289C97.962 32.6622 97.4022 32.4354 96.7757 32.0418V38.4195H96.9956C97.4222 38.4261 97.8087 38.3261 98.162 38.1526C98.5152 37.9658 98.8818 37.6723 99.255 37.2587L99.3883 37.4255C99.1217 37.9058 98.8485 38.2727 98.5885 38.5396C98.3153 38.8064 97.9953 39.0132 97.6288 39.1733C97.2555 39.3268 96.8823 39.4068 96.5157 39.4068C95.9692 39.4068 95.456 39.2467 94.9761 38.9065C94.4962 38.5796 94.1163 38.1059 93.8431 37.4855C93.5698 36.8718 93.4298 36.2313 93.4298 35.5709C93.4298 34.7637 93.6298 34.0165 94.0163 33.3293C94.3096 32.789 94.8028 32.2619 95.4693 31.7483ZM96.569 32.0084L96.0558 32.5688V35.1106C96.0558 35.4308 96.0425 35.6376 96.0158 35.7443C95.9825 35.8777 95.9159 36.0312 95.8092 36.1846C95.5893 36.4982 95.2894 36.8584 94.9095 37.2587C95.1427 37.5922 95.396 37.8457 95.6626 38.0259C95.9359 38.1993 96.2358 38.3127 96.5624 38.3728V32.0018L96.569 32.0084Z" fill="#C2C2C2"/>
<path d="M101.188 31.3946L101.241 31.5214C101.021 31.6948 100.881 31.8749 100.808 32.0684C100.728 32.2619 100.688 32.5687 100.688 32.989V34.7969L102.054 33.4293C102.341 33.6695 102.528 33.8963 102.621 34.1231C102.707 34.3433 102.747 34.7235 102.747 35.2572V37.7923C102.747 38.2726 102.701 38.6329 102.628 38.8597C102.501 39.2266 102.268 39.5668 101.928 39.8871C101.481 40.314 100.915 40.6809 100.221 40.9878L100.161 40.781C100.721 40.4875 101.115 40.2206 101.341 39.9738C101.561 39.7336 101.701 39.4734 101.774 39.2066C101.821 39.0065 101.854 38.4661 101.854 37.6055V35.2639C101.854 35.0037 101.828 34.8169 101.794 34.7235C101.734 34.5834 101.621 34.4434 101.454 34.3099L100.695 35.0771V38.1992L101.008 38.6062L100.228 39.4001L99.4483 38.6062L99.7882 38.1525V33.0691C99.7882 32.6088 99.7549 32.2886 99.6949 32.1151C99.6216 31.9483 99.5016 31.7882 99.3083 31.6548L99.3683 31.5147C99.5283 31.5747 99.6483 31.6348 99.7416 31.7082C99.8349 31.7749 99.9615 31.895 100.115 32.0617C100.301 31.8483 100.475 31.6881 100.635 31.5881C100.795 31.488 100.988 31.4213 101.201 31.3879" fill="#C2C2C2"/>
<path d="M105.027 33.436L106.28 35.2773L104.287 37.0385V38.0525L105.307 38.5662L106.007 37.9791L106.1 38.1526L104.667 39.4068C104.367 39.2066 104.127 39.0665 103.941 38.9798C103.747 38.8931 103.474 38.8064 103.127 38.713V38.5795C103.227 38.5062 103.294 38.4128 103.327 38.2993C103.361 38.1926 103.381 37.9524 103.381 37.5855V34.3767C103.661 34.2499 103.894 34.1365 104.08 34.0231C104.214 33.9497 104.527 33.7563 105.027 33.436ZM104.347 34.0831L104.287 34.1232V36.6649L105.447 35.6309L104.34 34.0898L104.347 34.0831Z" fill="#C2C2C2"/>
<path d="M109.492 34.2568V38.4463C109.046 38.6731 108.719 38.8599 108.526 39.0067C108.379 39.1134 108.226 39.2468 108.086 39.4069C107.666 39.0734 107.3 38.8465 107.026 38.7131C106.806 38.6197 106.567 38.5664 106.3 38.5664L106.253 38.4529C106.373 38.3329 106.44 38.2261 106.467 38.1327C106.507 38.006 106.527 37.7925 106.527 37.4856V34.4035C107.073 34.1767 107.54 33.8565 107.926 33.4429C108.353 33.7898 108.866 34.0633 109.499 34.2634M107.426 37.9059L108.586 38.5063V34.9439C108.219 34.7304 107.973 34.5903 107.813 34.5169C107.706 34.4636 107.58 34.4302 107.426 34.3902V37.9059Z" fill="#C2C2C2"/>
<path d="M111.852 31.3946V31.5214C111.612 31.6815 111.452 31.8683 111.345 32.0884C111.252 32.3086 111.205 32.6421 111.205 33.0958V38.0725L111.712 38.5528L111.899 38.3594L112.012 38.5528L111.132 39.4067C110.859 39.1199 110.659 38.9264 110.519 38.8263C110.386 38.7329 110.212 38.6462 109.999 38.5662V38.4527C110.079 38.3927 110.146 38.3127 110.192 38.2126C110.239 38.1192 110.272 38.0058 110.286 37.8724C110.292 37.8257 110.299 37.6055 110.306 37.1986V33.1825C110.306 32.8489 110.292 32.6088 110.272 32.4753C110.252 32.3486 110.212 32.2152 110.152 32.0951C110.086 31.9683 109.979 31.8349 109.832 31.6815L109.899 31.5747C110.166 31.6681 110.419 31.8683 110.626 32.1618C110.852 31.8749 111.052 31.6681 111.232 31.5681C111.412 31.4613 111.619 31.4013 111.859 31.3879" fill="#C2C2C2"/>
<path d="M115.284 34.2568V38.4463C114.838 38.6731 114.518 38.8599 114.325 39.0067C114.171 39.1134 114.025 39.2468 113.878 39.4069C113.451 39.0734 113.098 38.8465 112.812 38.7131C112.598 38.6197 112.358 38.5664 112.092 38.5664L112.038 38.4529C112.158 38.3329 112.225 38.2261 112.252 38.1327C112.292 38.006 112.312 37.7925 112.312 37.4856V34.4035C112.865 34.1767 113.325 33.8565 113.711 33.4429C114.131 33.7898 114.651 34.0633 115.278 34.2634M113.225 37.9059L114.385 38.5063V34.9439C114.018 34.7304 113.765 34.5903 113.611 34.5169C113.505 34.4636 113.371 34.4302 113.225 34.3902V37.9059Z" fill="#C2C2C2"/>
<path d="M117.69 33.436L119.063 34.2566L119.89 33.7229V34.9838L119.077 34.7836V37.332C119.077 37.7456 119.103 38.0192 119.137 38.1659C119.19 38.3594 119.297 38.5795 119.45 38.833C119.703 39.2467 119.837 39.5469 119.837 39.7203C119.837 39.8938 119.763 40.0739 119.637 40.2407C119.497 40.4008 119.143 40.6543 118.557 41.0012C118.364 40.9145 118.164 40.8477 117.984 40.8077C117.804 40.7677 117.63 40.741 117.47 40.741C117.077 40.741 116.631 40.8277 116.111 40.9945L116.051 40.801L117.104 39.26L116.051 38.3127V34.2566C116.644 34.0965 117.184 33.8296 117.684 33.436M116.824 39.9938C117.211 39.9138 117.524 39.8737 117.764 39.8737C117.984 39.8737 118.204 39.9138 118.417 39.9805C118.63 40.0472 118.857 40.1606 119.083 40.3007L119.263 40.1606C118.863 39.6936 118.584 39.3067 118.444 39.0132C118.304 38.7196 118.217 38.3994 118.17 38.0592L116.824 39.9938ZM118.184 34.7836L116.971 34.2566V37.9258L117.624 38.5262L118.184 37.6989V34.7903V34.7836Z" fill="#C2C2C2"/>
<path d="M120.803 33.436L121.576 34.2565L121.236 34.6901V37.7322C121.236 38.0591 121.256 38.2592 121.303 38.3593C121.343 38.4594 121.389 38.5061 121.429 38.5061C121.456 38.5061 121.489 38.4927 121.516 38.4794C121.556 38.4527 121.636 38.3727 121.749 38.2526L121.856 38.426L120.923 39.4134C120.676 39.1999 120.53 39.0064 120.456 38.813C120.39 38.6262 120.356 38.2993 120.356 37.8256V34.7035L120.01 34.2699L120.81 33.4493L120.803 33.436ZM121.15 31.5347H121.716L121.103 32.7488H120.916L121.156 31.5347H121.15Z" fill="#C2C2C2"/>
<path d="M123.536 33.436L124.702 34.2699L124.235 35.1305L123.342 34.5168V38.0792L124.209 38.5795L124.682 38.1392L124.729 38.3927L123.629 39.4134C123.342 39.2133 123.096 39.0599 122.896 38.9665C122.696 38.8731 122.449 38.793 122.156 38.7196V38.5862C122.263 38.4928 122.329 38.3994 122.369 38.2927C122.416 38.1392 122.436 37.9124 122.436 37.6055V34.4034C122.802 34.1966 123.176 33.8763 123.536 33.4427" fill="#C2C2C2"/>
<path d="M127.868 33.6696L128.028 33.7497C127.868 34.0632 127.761 34.3034 127.721 34.4702C127.675 34.6369 127.655 34.8638 127.655 35.1439V37.5322C127.655 37.9325 127.675 38.1793 127.721 38.2794C127.761 38.3795 127.821 38.4329 127.881 38.4329C127.908 38.4329 127.948 38.4195 127.981 38.3995C127.994 38.3862 128.061 38.3194 128.161 38.206L128.268 38.3862L127.315 39.4068C127.095 39.18 126.948 38.9799 126.868 38.8064C126.795 38.633 126.748 38.3795 126.741 38.0659L125.388 39.4135C124.882 38.8865 124.629 38.3728 124.629 37.8658C124.629 37.5256 124.682 37.2054 124.795 36.9051C124.942 36.5049 125.202 36.0512 125.562 35.5309L125.022 34.0766L125.075 33.9431C125.202 33.9431 125.282 33.9565 125.342 33.9565C125.682 33.9565 125.988 33.7897 126.255 33.4495C126.475 33.6029 126.715 33.7297 126.961 33.8297C127.221 33.9231 127.415 33.9698 127.548 33.9698C127.615 33.9698 127.661 33.9565 127.688 33.9298C127.721 33.9031 127.775 33.8231 127.855 33.683M126.748 34.7437L125.235 34.1499L125.782 35.6043L126.748 36.1913V34.7437ZM126.748 36.4248L125.675 35.771C125.508 36.2314 125.428 36.625 125.428 36.9719C125.428 37.5723 125.648 38.0726 126.088 38.4662L126.755 37.7857V36.4181L126.748 36.4248Z" fill="#C2C2C2"/>
<path d="M130.274 31.3946V31.5214C130.041 31.6815 129.867 31.8683 129.767 32.0884C129.681 32.3086 129.627 32.6421 129.627 33.0958V38.0725L130.134 38.5528L130.321 38.3594L130.434 38.5528L129.547 39.4067C129.274 39.1199 129.074 38.9264 128.948 38.8263C128.814 38.7329 128.641 38.6462 128.428 38.5662V38.4527C128.508 38.3927 128.574 38.3127 128.614 38.2126C128.661 38.1192 128.694 38.0058 128.708 37.8724C128.708 37.8257 128.721 37.6055 128.728 37.1986V33.1825C128.728 32.8489 128.714 32.6088 128.694 32.4753C128.681 32.3486 128.634 32.2152 128.568 32.0951C128.508 31.9683 128.394 31.8349 128.241 31.6815L128.308 31.5747C128.581 31.6681 128.828 31.8683 129.041 32.1618C129.261 31.8749 129.467 31.6681 129.647 31.5681C129.827 31.4613 130.041 31.4013 130.274 31.3879" fill="#C2C2C2"/>
<path d="M139.325 31.2279L139.452 31.388C139.192 31.7882 139.032 32.0751 138.965 32.2552C138.905 32.442 138.872 32.7089 138.872 33.0624V37.0451C138.872 37.5989 138.912 37.9458 138.978 38.0925C139.052 38.2393 139.145 38.306 139.245 38.306C139.325 38.306 139.405 38.2526 139.492 38.1392L139.552 38.4661L138.618 39.3934C138.359 39.1933 138.185 38.9998 138.099 38.8063C138.019 38.6195 137.965 38.2927 137.939 37.839C137.465 38.3994 137.026 38.8063 136.606 39.0332C136.186 39.2733 135.726 39.3867 135.239 39.3867C134.333 39.3867 133.64 38.9798 133.16 38.1592C132.8 37.5522 132.613 36.845 132.613 36.0445C132.613 35.4507 132.72 34.8903 132.927 34.3767C133.14 33.8563 133.446 33.3626 133.86 32.8823C134.146 32.5621 134.526 32.2152 134.999 31.8549C134.639 31.975 134.36 32.0284 134.173 32.0284C134.046 32.0284 133.9 32.0217 133.733 32.0017C133.566 31.9884 133.433 31.975 133.32 31.975C133.073 31.975 132.88 32.0684 132.74 32.2619C132.593 32.4554 132.52 32.7155 132.52 33.0558C132.52 33.1758 132.533 33.336 132.553 33.5161H132.353C132.313 33.2559 132.3 33.0357 132.3 32.8623C132.3 32.2752 132.42 31.8016 132.667 31.448C132.907 31.0944 133.2 30.9276 133.533 30.9276C133.626 30.9276 133.72 30.941 133.8 30.961C133.846 30.9743 134.026 31.0477 134.326 31.1812C134.626 31.3146 134.893 31.3813 135.133 31.3813C135.339 31.3813 135.539 31.3279 135.733 31.2279C135.826 31.1745 135.946 31.0744 136.066 30.9143H136.266V34.0564C136.572 34.2633 136.859 34.3633 137.132 34.3633C137.279 34.3633 137.405 34.3433 137.512 34.3033C137.619 34.2566 137.759 34.1832 137.925 34.0564V32.4287L137.425 31.9617L136.912 32.6755L136.766 32.482L137.839 30.981L138.805 31.8349L139.305 31.2078L139.325 31.2279ZM134.26 37.8924C134.453 37.6255 134.593 37.3787 134.653 37.1452C134.713 36.9184 134.746 36.4981 134.746 35.911V34.2499C134.746 33.823 134.759 33.5428 134.773 33.4093C134.799 33.2759 134.839 33.1358 134.919 32.9624C135.053 32.6755 135.279 32.2886 135.599 31.8149C135.126 32.1618 134.753 32.4887 134.466 32.8023C134.193 33.1225 133.953 33.5227 133.78 34.0031C133.6 34.4834 133.506 35.0171 133.506 35.6042C133.506 36.1245 133.586 36.6048 133.74 37.0318C133.846 37.3253 134.02 37.6122 134.26 37.9057M136.086 31.488C135.899 31.7415 135.779 31.9617 135.733 32.1618C135.686 32.3553 135.666 32.7489 135.666 33.3293V35.9244C135.666 36.2112 135.646 36.4181 135.613 36.5581C135.566 36.7316 135.486 36.905 135.366 37.0785C135.193 37.332 134.886 37.6589 134.44 38.0592C134.659 38.246 134.853 38.3727 135.046 38.4461C135.233 38.5262 135.446 38.5528 135.706 38.5528C135.826 38.5528 135.959 38.5462 136.092 38.5195V31.4814L136.086 31.488ZM137.952 34.3767C137.772 34.4834 137.632 34.5635 137.512 34.5968C137.405 34.6368 137.285 34.6569 137.139 34.6569C136.879 34.6569 136.599 34.5635 136.292 34.3767V35.6775C136.612 35.5174 136.899 35.4307 137.159 35.4307C137.399 35.4307 137.659 35.5108 137.952 35.6775V34.3767ZM137.952 35.9577C137.652 35.7776 137.385 35.6842 137.145 35.6842C137.006 35.6842 136.866 35.7109 136.746 35.7509C136.626 35.791 136.472 35.871 136.292 35.9911V38.4728C136.586 38.3927 136.859 38.286 137.106 38.1392C137.352 37.9991 137.639 37.7723 137.952 37.4788V35.9511V35.9577Z" fill="#C2C2C2"/>
<path d="M142.431 33.436L143.044 34.2766L143.484 33.7496L143.597 33.8963C143.384 34.1365 143.264 34.3166 143.224 34.4434C143.164 34.6102 143.131 34.837 143.131 35.1239V37.799C143.131 38.0458 143.157 38.226 143.224 38.3527C143.264 38.4328 143.297 38.4728 143.351 38.4728C143.391 38.4728 143.484 38.3994 143.637 38.2526L143.744 38.4261L142.791 39.4134C142.544 39.1799 142.398 38.9731 142.331 38.793C142.251 38.6129 142.224 38.3194 142.224 37.9191V34.8503L141.831 34.33L141.065 35.0972V38.2126L141.404 38.6196L140.618 39.4134L139.818 38.6196L140.158 38.2126V35.3573C140.158 34.9504 140.125 34.6769 140.058 34.5368C140.018 34.4367 139.965 34.39 139.911 34.39C139.858 34.39 139.765 34.4634 139.645 34.6102L139.545 34.4434L140.478 33.4561C140.731 33.7029 140.891 33.8897 140.958 34.0298C141.025 34.1765 141.058 34.37 141.058 34.6235V34.817L142.424 33.4494L142.431 33.436Z" fill="#C2C2C2"/>
<path d="M144.73 33.436L145.503 34.2565L145.163 34.6901V37.7322C145.163 38.0591 145.19 38.2592 145.223 38.3593C145.27 38.4594 145.31 38.5061 145.357 38.5061C145.383 38.5061 145.417 38.4927 145.443 38.4794C145.483 38.4527 145.557 38.3727 145.677 38.2526L145.777 38.426L144.844 39.4134C144.597 39.1999 144.45 39.0064 144.377 38.813C144.304 38.6262 144.27 38.2993 144.27 37.8256V34.7035L143.937 34.2699L144.73 33.4493V33.436ZM145.07 31.5347H145.637L145.024 32.7488H144.837L145.07 31.5347Z" fill="#C2C2C2"/>
<path d="M147.176 34.8037L148.523 33.4361C148.823 33.7363 149.023 33.9898 149.109 34.2166C149.202 34.4301 149.242 34.7169 149.242 35.0638V38.4261C148.996 38.5062 148.756 38.6196 148.536 38.7597C148.323 38.9065 148.063 39.1199 147.776 39.4135C147.463 39.0933 147.17 38.8664 146.896 38.733C146.63 38.5996 146.317 38.5329 145.99 38.5195V38.3861C146.103 38.2994 146.163 38.206 146.21 38.0859C146.25 37.9725 146.27 37.759 146.27 37.4388V34.9438C146.27 34.8103 146.257 34.7169 146.243 34.6369C146.217 34.5635 146.163 34.4434 146.057 34.2833C145.963 34.1232 145.897 33.9831 145.857 33.8564C145.817 33.7296 145.803 33.5895 145.803 33.4227C145.803 33.1292 145.877 32.869 146.017 32.6422C146.157 32.4087 146.416 32.1619 146.81 31.895L146.91 32.0418C146.603 32.3153 146.45 32.5888 146.45 32.8357C146.45 32.9291 146.463 33.0091 146.496 33.0758C146.536 33.1692 146.623 33.3026 146.77 33.5028C146.91 33.6962 147.016 33.8964 147.083 34.1032C147.136 34.2633 147.176 34.4968 147.176 34.797M147.176 35.1105V37.8257L148.349 38.5062V35.364C148.349 35.0905 148.323 34.8837 148.269 34.7503C148.209 34.6169 148.103 34.4834 147.936 34.3434L147.183 35.1039L147.176 35.1105Z" fill="#C2C2C2"/>
<path d="M151.615 33.436L152.875 35.2773L150.875 37.0385V38.0525L151.902 38.5662L152.595 37.9791L152.702 38.1526L151.262 39.4068C150.969 39.2066 150.729 39.0665 150.535 38.9798C150.342 38.8931 150.069 38.8064 149.729 38.713V38.5795C149.829 38.5062 149.889 38.4128 149.929 38.2993C149.956 38.1926 149.976 37.9524 149.976 37.5855V34.3767C150.262 34.2499 150.495 34.1365 150.675 34.0231C150.809 33.9497 151.129 33.7563 151.622 33.436M150.935 34.0831L150.869 34.1232V36.6649L152.042 35.6309L150.935 34.0898V34.0831Z" fill="#C2C2C2"/>
<path d="M155.334 33.436L156.007 34.4567L155.334 35.2039L154.768 34.3233L154.335 34.817V38.0725L154.841 38.5328L155.301 38.0859L155.421 38.2593L154.281 39.4068C154.035 39.1332 153.828 38.9398 153.661 38.8264C153.495 38.7063 153.308 38.6129 153.115 38.5462V38.4328C153.241 38.3127 153.328 38.1993 153.375 38.0859C153.408 37.9658 153.428 37.739 153.428 37.4054V35.1038C153.428 34.8103 153.408 34.6235 153.355 34.5234C153.301 34.43 153.248 34.3833 153.188 34.3833C153.121 34.3833 153.028 34.4634 152.915 34.6235L152.808 34.4501L153.721 33.436C153.975 33.6829 154.148 33.8963 154.241 34.0698C154.301 34.1832 154.328 34.3366 154.328 34.5368L155.328 33.436H155.334Z" fill="#C2C2C2"/>
<path d="M158.36 35.5242L159.373 36.198V38.5529C159.127 38.5863 158.9 38.6597 158.707 38.7797C158.5 38.8998 158.267 39.1066 158.014 39.4002C157.8 39.2401 157.614 39.1266 157.447 39.0666C157.287 38.9999 157.12 38.9665 156.927 38.9665C156.654 38.9665 156.407 39.0733 156.187 39.2868C156.107 39.3601 156.054 39.4002 156.014 39.4002C155.987 39.4002 155.954 39.3801 155.921 39.3401C155.894 39.3001 155.874 39.2601 155.874 39.22C155.874 39.1733 155.901 39.12 155.967 39.0466C156.001 38.9999 156.061 38.9132 156.154 38.7931L156.554 38.1526L157.134 37.192L156.154 36.5315V34.4501C156.461 34.33 156.701 34.1966 156.881 34.0499C157.047 33.9031 157.22 33.703 157.38 33.4428C157.76 33.6429 158.06 33.7897 158.287 33.8697C158.453 33.9231 158.613 33.9565 158.773 33.9565C158.933 33.9565 159.067 33.9098 159.16 33.8164C159.253 33.723 159.3 33.6296 159.3 33.5295C159.3 33.4628 159.273 33.3961 159.207 33.3294C159.093 33.2026 159.033 33.0692 159.033 32.9491C159.033 32.8357 159.06 32.749 159.107 32.6756C159.153 32.6022 159.213 32.5688 159.273 32.5688C159.347 32.5688 159.42 32.6155 159.493 32.7089C159.56 32.809 159.593 32.9291 159.593 33.0892C159.593 33.2493 159.56 33.4027 159.513 33.5629C159.46 33.7163 159.347 33.9164 159.207 34.1499L158.367 35.5309L158.36 35.5242ZM157.827 36.4181L156.754 38.226C156.881 38.166 157 38.126 157.114 38.1059C157.22 38.0793 157.32 38.0659 157.407 38.0659C157.754 38.0659 158.107 38.2127 158.473 38.4929V36.8718L157.82 36.4181H157.827ZM157.054 35.8978L157.66 36.2914L158.633 34.6703C158.433 34.7437 158.267 34.7837 158.12 34.7837C157.76 34.7837 157.407 34.6303 157.06 34.3234V35.8978H157.054Z" fill="#C2C2C2"/>
<path d="M160.593 33.436L161.366 34.2565L161.033 34.6901V37.7322C161.033 38.0591 161.053 38.2592 161.093 38.3593C161.133 38.4594 161.179 38.5061 161.226 38.5061C161.259 38.5061 161.286 38.4927 161.313 38.4794C161.353 38.4527 161.426 38.3727 161.539 38.2526L161.646 38.426L160.713 39.4134C160.473 39.1999 160.313 39.0064 160.246 38.813C160.173 38.6262 160.14 38.2993 160.14 37.8256V34.7035L159.793 34.2699L160.593 33.4493V33.436ZM160.94 31.5347H161.506L160.893 32.7488H160.7L160.94 31.5347Z" fill="#C2C2C2"/>
<path d="M161.753 34.0697L162.992 32.1284H163.119L163.066 33.6828H163.959V34.3099H163.066V38.0591L163.572 38.5328L163.865 38.2526L163.972 38.426L162.992 39.4134C162.659 38.9797 162.279 38.6929 161.853 38.5394V38.426C161.966 38.326 162.046 38.2192 162.079 38.1125C162.139 37.9724 162.159 37.7723 162.159 37.5188V34.3232H161.746V34.0764L161.753 34.0697Z" fill="#C2C2C2"/>
<path d="M163.952 34.41L164.885 33.436C165.132 33.6562 165.305 33.843 165.378 34.0031C165.452 34.1565 165.498 34.3833 165.498 34.6569V34.7836L166.838 33.436C167.305 34.0431 167.531 34.6969 167.531 35.3907C167.531 35.771 167.458 36.1445 167.305 36.5181C167.158 36.8851 166.911 37.2386 166.591 37.5722C166.272 37.9057 165.752 38.3394 165.032 38.8864C164.719 39.1266 164.532 39.2733 164.472 39.3401C164.339 39.4735 164.245 39.6002 164.185 39.7203C164.145 39.807 164.125 39.9138 164.125 40.0205C164.125 40.2073 164.199 40.3874 164.345 40.5475C164.492 40.7076 164.692 40.7877 164.939 40.7877C165.112 40.7877 165.258 40.7477 165.372 40.6743C165.432 40.6343 165.478 40.5542 165.532 40.4341C165.592 40.314 165.625 40.2273 165.672 40.2006C165.705 40.1606 165.752 40.1406 165.805 40.1406C165.865 40.1406 165.912 40.1606 165.952 40.2073C165.985 40.2473 166.005 40.3007 166.005 40.3674C166.005 40.4942 165.932 40.6076 165.792 40.7277C165.578 40.9145 165.312 41.0079 164.992 41.0079C164.652 41.0079 164.392 40.9078 164.212 40.701C164.032 40.4942 163.939 40.2607 163.939 39.9738C163.939 39.687 164.045 39.4335 164.252 39.1733C164.345 39.0465 164.405 38.9598 164.425 38.9064C164.499 38.7663 164.539 38.6329 164.559 38.5062C164.579 38.3861 164.592 38.2126 164.592 37.9925V35.3173C164.592 34.9504 164.559 34.6902 164.492 34.5568C164.445 34.4501 164.385 34.3967 164.325 34.3967C164.265 34.3967 164.205 34.4434 164.125 34.5368C164.112 34.5501 164.092 34.5635 164.072 34.5968L163.965 34.4234L163.952 34.41ZM165.492 35.0371V38.226C165.905 37.8457 166.205 37.4521 166.378 37.0385C166.558 36.6249 166.645 36.2313 166.645 35.8577C166.645 35.3573 166.485 34.857 166.152 34.3767L165.492 35.0371Z" fill="#C2C2C2"/>
<path d="M180.781 31.0611L182.781 31.9017L182.934 31.5748C182.987 31.4547 183.021 31.3813 183.041 31.3546C183.067 31.3213 183.087 31.3146 183.114 31.3146C183.141 31.3146 183.161 31.3213 183.181 31.348C183.194 31.3747 183.207 31.4013 183.207 31.4347C183.207 31.4814 183.174 31.5881 183.094 31.7482L182.134 33.8097L182.914 33.7429C183.141 33.7296 183.414 33.7696 183.72 33.863C184.02 33.9564 184.28 34.1032 184.5 34.2966C184.72 34.4901 184.894 34.7236 185.02 34.9905C185.14 35.2506 185.213 35.5508 185.213 35.8711C185.213 36.4648 185.013 37.0452 184.62 37.6056C184.22 38.1793 183.527 38.7797 182.527 39.4068C182.168 39.2467 181.761 39.0732 181.288 38.8931C180.455 39.3668 179.775 39.6069 179.242 39.6069C178.862 39.6069 178.575 39.5002 178.362 39.2934C178.155 39.0866 178.062 38.8397 178.062 38.5662C178.062 38.2727 178.182 38.0058 178.428 37.7657C178.675 37.5255 179.048 37.3988 179.535 37.3988C179.735 37.3988 179.968 37.4321 180.255 37.4855L180.621 36.6783L179.968 36.745C179.815 36.745 179.608 36.725 179.342 36.6649C179.082 36.6049 178.868 36.5182 178.702 36.3847C178.528 36.258 178.402 36.0979 178.322 35.9044C178.235 35.7176 178.195 35.5175 178.195 35.3107C178.195 34.9838 178.288 34.6902 178.475 34.4367C178.595 34.27 178.795 34.1232 179.062 33.9898V33.9231C179.062 33.5695 179.182 33.1759 179.422 32.7222C179.675 32.2686 180.115 31.7149 180.768 31.0544M181.001 38.7597C180.268 38.4528 179.668 38.2994 179.202 38.2927C178.948 38.2927 178.755 38.3527 178.622 38.4928C178.515 38.5862 178.475 38.693 178.475 38.8264C178.475 38.9598 178.522 39.0732 178.622 39.1533C178.775 39.2867 178.995 39.3534 179.295 39.3534C179.741 39.3534 180.315 39.1533 181.001 38.7597ZM181.461 34.8437C181.074 34.9171 180.708 34.9504 180.341 34.9504C179.935 34.9504 179.641 34.8837 179.475 34.777C179.308 34.6569 179.188 34.4701 179.102 34.2166C178.888 34.39 178.782 34.5969 178.782 34.8504C178.782 35.0839 178.862 35.2706 179.035 35.4174C179.255 35.6109 179.628 35.7109 180.161 35.7109C180.408 35.7109 180.728 35.6776 181.108 35.6242L181.461 34.8437ZM182.387 32.789C181.921 32.5021 181.554 32.3086 181.301 32.2152C181.048 32.1218 180.808 32.0685 180.608 32.0685C180.335 32.0685 180.108 32.1685 179.928 32.362C179.755 32.5555 179.668 32.789 179.668 33.0558C179.668 33.3227 179.741 33.5295 179.895 33.6962C180.041 33.863 180.268 33.9431 180.568 33.9431C180.768 33.9431 181.214 33.903 181.914 33.823L182.381 32.789H182.387ZM180.468 37.5389C180.741 37.6122 180.968 37.6856 181.141 37.7457C181.328 37.8124 181.634 37.9391 182.094 38.1393C182.801 37.7256 183.161 37.332 183.161 36.9451C183.161 36.8317 183.114 36.7183 183.034 36.6182C182.947 36.5248 182.841 36.4715 182.714 36.4715C182.554 36.4715 182.354 36.4915 182.121 36.5248C181.481 36.6182 181.054 36.6583 180.855 36.6583L180.468 37.5389ZM181.334 35.6042C182.041 35.5108 182.534 35.4641 182.807 35.4641C183.187 35.4641 183.474 35.5709 183.674 35.791C183.867 36.0045 183.967 36.2647 183.967 36.5649C183.967 36.825 183.867 37.0852 183.674 37.332C183.487 37.5789 183.067 37.8858 182.434 38.2527L183.327 38.5462C183.72 38.2393 184.014 37.9124 184.227 37.5655C184.427 37.212 184.54 36.8317 184.54 36.4048C184.54 36.1312 184.467 35.8644 184.34 35.5909C184.214 35.324 184.007 35.1105 183.734 34.9571C183.461 34.797 183.147 34.7169 182.787 34.7169C182.501 34.7169 182.134 34.757 181.674 34.8237L181.328 35.6042H181.334Z" fill="#C2C2C2"/>
<path d="M187.453 33.436L188.706 35.2773L186.706 37.0385V38.0525L187.733 38.5662L188.433 37.9791L188.533 38.1526L187.093 39.4068C186.8 39.2066 186.553 39.0665 186.373 38.9798C186.18 38.8931 185.907 38.8064 185.56 38.713V38.5795C185.66 38.5062 185.72 38.4128 185.76 38.2993C185.8 38.1926 185.807 37.9524 185.807 37.5855V34.3767C186.093 34.2499 186.326 34.1365 186.506 34.0231C186.64 33.9497 186.96 33.7563 187.46 33.436M186.766 34.0831L186.7 34.1232V36.6649L187.873 35.6309L186.766 34.0898V34.0831Z" fill="#C2C2C2"/>
<path d="M194.571 33.7497L194.684 33.8964C194.518 34.0832 194.411 34.2367 194.358 34.3434C194.298 34.4568 194.258 34.5702 194.244 34.677C194.224 34.7904 194.218 35.0239 194.218 35.3641V37.699C194.218 38.0059 194.244 38.206 194.291 38.3128C194.344 38.4128 194.378 38.4662 194.431 38.4662C194.484 38.4662 194.584 38.3928 194.731 38.2461L194.844 38.4195L193.891 39.4068C193.671 39.1934 193.525 39.0132 193.465 38.8732C193.371 38.6663 193.318 38.4395 193.318 38.206V34.8304L192.865 34.3434L192.158 35.164V38.206L192.498 38.6663L191.712 39.4135L190.912 38.6663L191.252 38.206V35.4241C191.252 35.0972 191.232 34.8904 191.192 34.797C191.145 34.6703 191.012 34.5169 190.812 34.3434L190.105 35.0772V38.206L190.445 38.6663L189.672 39.4135L188.872 38.6663L189.206 38.206V35.204C189.206 34.8904 189.172 34.6703 189.112 34.5369C189.072 34.4301 189.026 34.3834 188.979 34.3834C188.932 34.3834 188.839 34.4568 188.692 34.6036L188.586 34.4368L189.499 33.4495C189.699 33.6296 189.839 33.7764 189.906 33.8898C189.979 34.0032 190.032 34.1233 190.059 34.2567C190.079 34.3567 190.085 34.5435 190.085 34.8304L191.418 33.4495C191.705 33.7363 191.892 33.9832 191.978 34.17C192.072 34.3567 192.118 34.6036 192.132 34.8971L193.371 33.4495L194.111 34.29L194.551 33.763L194.571 33.7497Z" fill="#C2C2C2"/>
<path d="M195.757 33.436L196.537 34.2565L196.197 34.6901V37.7322C196.197 38.0591 196.224 38.2592 196.264 38.3593C196.297 38.4594 196.344 38.5061 196.391 38.5061C196.424 38.5061 196.444 38.4927 196.477 38.4794C196.511 38.4527 196.584 38.3727 196.697 38.2526L196.811 38.426L195.871 39.4134C195.637 39.1999 195.477 39.0064 195.404 38.813C195.331 38.6262 195.298 38.2993 195.298 37.8256V34.7035L194.958 34.2699L195.751 33.4493L195.757 33.436ZM196.104 31.5347H196.671L196.057 32.7488H195.864L196.104 31.5347Z" fill="#C2C2C2"/>
<path d="M199.823 33.436L200.436 34.2766L200.863 33.7496L200.983 33.8963C200.776 34.1365 200.65 34.3166 200.616 34.4434C200.55 34.6102 200.516 34.837 200.516 35.1239V37.799C200.516 38.0458 200.55 38.226 200.616 38.3527C200.65 38.4328 200.69 38.4728 200.736 38.4728C200.783 38.4728 200.869 38.3994 201.029 38.2526L201.136 38.4261L200.19 39.4134C199.95 39.1799 199.79 38.9731 199.723 38.793C199.65 38.6129 199.616 38.3194 199.616 37.9191V34.8503L199.223 34.33L198.463 35.0972V38.2126L198.797 38.6196L198.01 39.4134L197.217 38.6196L197.557 38.2126V35.3573C197.557 34.9504 197.524 34.6769 197.464 34.5368C197.424 34.4367 197.37 34.39 197.317 34.39C197.264 34.39 197.17 34.4634 197.05 34.6102L196.944 34.4434L197.884 33.4561C198.143 33.7029 198.303 33.8897 198.37 34.0298C198.437 34.1765 198.47 34.37 198.47 34.6235V34.817L199.836 33.4494L199.823 33.436Z" fill="#C2C2C2"/>
<path d="M204.435 33.6696L204.602 33.7497C204.435 34.0632 204.329 34.3034 204.289 34.4702C204.242 34.6369 204.222 34.8638 204.222 35.1439V37.5322C204.222 37.9325 204.242 38.1793 204.289 38.2794C204.329 38.3795 204.382 38.4329 204.449 38.4329C204.475 38.4329 204.515 38.4195 204.549 38.3995C204.569 38.3862 204.629 38.3194 204.729 38.206L204.835 38.3862L203.882 39.4068C203.662 39.18 203.509 38.9799 203.435 38.8064C203.362 38.633 203.316 38.3795 203.309 38.0659L201.963 39.4135C201.456 38.8865 201.196 38.3728 201.196 37.8658C201.196 37.5256 201.256 37.2054 201.363 36.9051C201.516 36.5049 201.769 36.0512 202.136 35.5309L201.589 34.0766L201.656 33.9431C201.769 33.9431 201.856 33.9565 201.909 33.9565C202.256 33.9565 202.562 33.7897 202.829 33.4495C203.042 33.6029 203.282 33.7297 203.535 33.8297C203.789 33.9231 203.989 33.9698 204.115 33.9698C204.189 33.9698 204.235 33.9565 204.269 33.9298C204.302 33.9031 204.355 33.8231 204.429 33.683M203.316 34.7437L201.803 34.1499L202.349 35.6043L203.309 36.1913V34.7437H203.316ZM203.316 36.4248L202.249 35.771C202.082 36.2314 202.003 36.625 202.003 36.9719C202.003 37.5723 202.222 38.0726 202.656 38.4662L203.322 37.7857V36.4181L203.316 36.4248Z" fill="#C2C2C2"/>
<path d="M207.395 33.436L208.068 34.4567L207.395 35.2039L206.828 34.3233L206.401 34.817V38.0725L206.901 38.5328L207.368 38.0859L207.481 38.2593L206.341 39.4068C206.095 39.1332 205.888 38.9398 205.722 38.8264C205.548 38.7063 205.368 38.6129 205.175 38.5462V38.4328C205.302 38.3127 205.388 38.1993 205.428 38.0859C205.475 37.9658 205.495 37.739 205.495 37.4054V35.1038C205.495 34.8103 205.468 34.6235 205.415 34.5234C205.368 34.43 205.308 34.3833 205.248 34.3833C205.188 34.3833 205.095 34.4634 204.982 34.6235L204.875 34.4501L205.795 33.436C206.048 33.6829 206.221 33.8963 206.315 34.0698C206.375 34.1832 206.401 34.3366 206.401 34.5368L207.395 33.436Z" fill="#C2C2C2"/>
<path d="M208.048 34.41L208.974 33.436C209.234 33.6562 209.394 33.843 209.481 34.0031C209.547 34.1565 209.587 34.3833 209.587 34.6569V34.7836L210.927 33.436C211.394 34.0431 211.62 34.6969 211.62 35.3907C211.62 35.771 211.54 36.1445 211.394 36.5181C211.24 36.8851 211.007 37.2386 210.687 37.5722C210.367 37.9057 209.847 38.3394 209.127 38.8864C208.821 39.1266 208.628 39.2733 208.561 39.3401C208.428 39.4735 208.334 39.6002 208.281 39.7203C208.234 39.807 208.221 39.9138 208.221 40.0205C208.221 40.2073 208.288 40.3874 208.441 40.5475C208.588 40.7076 208.787 40.7877 209.021 40.7877C209.207 40.7877 209.347 40.7477 209.461 40.6743C209.521 40.6343 209.574 40.5542 209.621 40.4341C209.674 40.314 209.727 40.2273 209.761 40.2006C209.794 40.1606 209.841 40.1406 209.894 40.1406C209.954 40.1406 210.001 40.1606 210.041 40.2073C210.081 40.2473 210.087 40.3007 210.087 40.3674C210.087 40.4942 210.021 40.6076 209.887 40.7277C209.674 40.9145 209.407 41.0079 209.087 41.0079C208.748 41.0079 208.488 40.9078 208.308 40.701C208.121 40.4942 208.034 40.2607 208.034 39.9738C208.034 39.687 208.141 39.4335 208.341 39.1733C208.434 39.0465 208.494 38.9598 208.521 38.9064C208.581 38.7663 208.621 38.6329 208.648 38.5062C208.668 38.3861 208.681 38.2126 208.681 37.9925V35.3173C208.681 34.9504 208.648 34.6902 208.574 34.5568C208.528 34.4501 208.474 34.3967 208.408 34.3967C208.361 34.3967 208.301 34.4434 208.214 34.5368C208.208 34.5501 208.181 34.5635 208.154 34.5968L208.048 34.4234V34.41ZM209.587 35.0371V38.226C210.007 37.8457 210.3 37.4521 210.474 37.0385C210.654 36.6249 210.734 36.2313 210.734 35.8577C210.734 35.3573 210.574 34.857 210.24 34.3767L209.581 35.0371H209.587Z" fill="#C2C2C2"/>
<path d="M170.77 39.3869L169.357 36.8918L171.65 35.184L170.73 33.2894C170.65 33.1293 170.61 32.9825 170.61 32.8491C170.61 32.729 170.644 32.629 170.717 32.5356C170.824 32.3888 170.964 32.282 171.13 32.222C171.177 32.202 171.204 32.1953 171.217 32.182L173.376 31.1279C173.61 31.248 173.803 31.4548 173.963 31.7283C174.123 32.0085 174.21 32.3087 174.21 32.6356C174.21 32.8891 174.163 33.1159 174.07 33.3228C173.976 33.5296 173.823 33.7297 173.623 33.9232C173.503 34.0499 173.196 34.2901 172.723 34.6503L173.716 36.7184L175.129 35.5776C175.356 35.7844 175.543 35.9245 175.676 35.9912C175.802 36.058 175.929 36.098 176.042 36.098C176.082 36.098 176.129 36.098 176.182 36.078C176.209 36.078 176.229 36.078 176.242 36.078L176.282 36.0913C176.282 36.0913 176.309 36.1447 176.309 36.1714C176.309 36.2714 176.202 36.4115 176.002 36.5983C175.802 36.7851 175.583 36.8785 175.349 36.8785C175.043 36.8785 174.769 36.7117 174.509 36.3782L173.823 36.9319C174.023 37.3388 174.176 37.6257 174.29 37.7858C174.403 37.9459 174.549 38.086 174.749 38.2061C174.943 38.3262 175.163 38.3862 175.409 38.3862C175.589 38.3862 175.796 38.3195 176.029 38.1994C176.049 38.1861 176.076 38.1727 176.089 38.1727C176.102 38.1727 176.116 38.1794 176.129 38.1994C176.142 38.2127 176.149 38.2394 176.149 38.2528C176.149 38.3662 176.089 38.513 175.976 38.7064C175.862 38.8999 175.689 39.06 175.469 39.1934C175.249 39.3268 175.009 39.3936 174.756 39.3936C174.469 39.3936 174.216 39.3268 173.996 39.1867C173.776 39.0533 173.576 38.8732 173.403 38.633C173.276 38.4596 173.103 38.146 172.883 37.6924L170.79 39.3869H170.77ZM171.597 38.4262L172.763 37.4856L171.743 35.3842L170.437 36.3648L171.597 38.4262ZM172.617 34.4569C172.91 34.2434 173.116 34.0166 173.243 33.7964C173.33 33.6363 173.37 33.4428 173.37 33.216C173.37 32.8758 173.27 32.5756 173.063 32.3087C172.863 32.0419 172.663 31.9085 172.457 31.9085C172.277 31.9085 172.13 31.9818 172.003 32.1219C171.877 32.262 171.81 32.4221 171.81 32.6023C171.81 32.7424 171.87 32.9292 171.983 33.1693L172.61 34.4635L172.617 34.4569Z" fill="#C2C2C2"/>
</g>
<defs>
<clipPath id="clip0_1785_62789">
<rect width="212" height="49" fill="white"/>
</clipPath>
</defs>
</svg>
